"link","спасылка"
"An error has occurred. Please, try again later","Адбылася памылка. Паспрабуйце пазней."
"Action.FlightSheetRemoved","Палётны аркуш паспяхова выдалены"
"Action.FlightSheetCreated","Палётны аркуш паспяхова створаны"
"Command sent","Каманда дасланая"
"Action.TransferFarm","Запыт на змену ўладальніка быў дасланы"
"Settings updated","Налады абноўлены"
"Tag added","тэг даданы"
"Tag edited","тэг адрэдагаваны"
"Tag removed","тэг выдалены"
"Wallet added","Гаманец даданы"
"Wallet edited","Гаманец адрэдагаваны"
"Wallet removed","Гаманец выдалены"
"Collaborator added","Давераны карыстальнік даданы"
"Collaborator removed","Давераны карыстальнік выдалены"
"Collaborator edited","Давераны карыстальнік адрэдагаваны"
"Action.LeftFarm","Вы пакінулі ферму"
"Action.UpdateFs","Палётнае заданне паспяхова абноўлена. Для воркераў, якія зараз па-за сеткай, для ўжывання зменаў патрэбен перазапуск."
"Action.AddOC","Профіль разгону паспяхова створаны"
"Action.RefillFarm","Баланс фермы папоўнены"
"Action.ErrorServerRequest","Адбылася памылка. Паспрабуйце пазней, калі ласка."
"Error","Памылка"
"Action.SendPromocode","Падпіска паспяхова аформлена"
"Action.PatchToken","Токен паспяхова абноўлены"
"Action.AddToken","Токен паспяхова створаны"
"Action.DeleteToken","Токен паспяхова выдалены"
"Promocode successfully sended","Промакод паспяхова адпраўлены"
"Action.UpdatePayoutAddresses","Адрас паспяхова зменены"
"Action.PayoutToAccount","Ваш баланс паспяхова папоўнены"
"Action.SetPassword","Пароль паспяхова абноўлены"
"2FA enabled","2FA актыўна"
"2FA removed","2FA неактыўна"
"NVIDIA","nVIDIA"
"Apply","Ужыць"
"Confirm","Пацвердзіць"
"TelegramSubscribe","Увядзіце ID Telegram каб падпісацца"
"Enter code to confirm","Увядзіце код для пацверджання"
"Subscribe","Падпісацца"
"Remove","Выдаліць"
"Are you shure?","Вы ўпэўнены?"
"Edit","Рэдагаваць"
"temp","тэмп-ра"
"Farms","Фермы"
"workers","воркеры"
"ethash","ethash"
"Off","Выкл."
"30 seconds","30 секунд"
"1 minute","1 хвіліна"
"2 minutes","2 хвіліны"
"5 minutes","5 хвілін"
"AutoRefresh","Таймер аўта-абнаўлення старонкі"
"All","Усе"
"Cancel","Адмена"
"Download VBIOS","Спампаваць VBIOS"
"GPU index","GPU-індэкс"
"NotGPUDifferent","Заўвага: GPU-індэкс можа адрознівацца ад парадку размеркавання на PCI шыне"
"Download","Спампаваць"
"Apply Changes","Ужыць змены"
"WalletWorkTemplate","Гаманец ды воркер шаблону"
"Pass:","Пароль"
"Extra config arguments:","Дадатковыя парамэтры канфігурацыі"
"Pool URL:","Адрас пулу:"
"Miner Fork:","Форк майнэра:"
"Hash algorithm:","Хэш алгарытму:"
"Extra params for pool:","Дадатковыя параметры пулу:"
"Extra arguments for miner:","Дадатковыя аргумэнты для майнэру:"
"Version:","Вэрсія:"
"Template examples:","Прыклады шаблонаў:"
"for most of the pools","для большасці пулаў"
"Intensity, -dcri 0...100","Інтэнсіўнасць, -dcri 0...100"
"claymore","claymore"
"epools.txt template:","epools.txt шаблон:"
"dpools.txt template:","dpools.txt шаблон:"
"Claymore config override:","Claymore пераазначэнне канфігурацыі:"
"Example for nanopool:","Прыклад для nanopool:"
"Example for nicehash:","Прыклад для nicehash:"
"Second coin algo","Алгарытм другой манеты:"
"Config override:","Пераазначэнне канфігурацыі:"
"Pool server:","Сервер пулу:"
"Port:","Порт:"
"index","індэкс"
"AMD config override:","Пераазначэнне канфігурацыі AMD:"
"Nvidia config override:","Пераазначэнне канфігурацыі nVIDIA:"
"CPU config override:","Пераазначэнне канфігурацыі CPU:"
"Errors","Памылкі"
"last 24 hours","Апошнія 24 гадзіны"
"Workers with errors","Воркеры з памылкамі"
"No errors found","Памылак не знойдзена"
"Show","Паказаць"
"Overclocking","Разгон"
"Coins","Манеты"
"Pools","Пулы"
"Miners","Майнэры"
"Select pools","Абраць пулы"
"Select miners","Абраць майнэры"
"Select coin","Абраць манету"
"Select overclocking","Абраць разгон"
"by","ад"
"View payload","Падрабязней"
"Add Wallet","Дадаць гаманец"
"Red Temperature","Макс. тэмпература"
"Trust user","Дадаць даверанага карыстальніка"
"Add Worker","Дадаць воркера"
"FarmNavCleanWorkers","Выдаліць паведамленні ад усіх воркераў"
"Save","Захаваць"
"FarmTempHeader.ASICCriticalTemperature","ASIC крытычная тэмпература"
"Ask a question","Задаць пытанне"
"Report an issue","Паведаміць пра праблему"
"Tags","Тэгі"
"Wallets","Гаманцы"
"Platform","Платформа"
"Run","Пуск"
"Wallet","Гаманец"
"Coin","Манета"
"Pool","Пул"
"Miner","Майнэр"
"Select pool","Абраць пул"
"Select miner","Абраць майнэр"
"Select wallet","Абраць гаманец"
"Configure Pool","Наладзіць пул"
"Setup Miner Config","Наладзіць майнэр"
"Dual Coin","Дуал манета"
"Dual Wallet","Дуал гаманец"
"Dual Pool","Пул для дуалу"
"Configure in miner","Наладзіць майнэр"
"Update","Абнавіць"
"Add New Flight Sheet","Дадаць новы палётны аркуш"
"Reset","Скінуць"
"Create Flight Sheet","Стварыць палётны аркуш"
"Add Miner","Дадаць майнэр"
"Email","Email"
"worker","воркер"
"selected","абрана"
"FlightSheetsRocket.Message","Вы жадаеце ўжыць бягучы палётны аркуш для"
"Choose Flight Sheet for","Абраць палётны аркуш для"
"Your Company","Ваша кампанія"
"Home","Хатняя старонка"
"Admin","Адмін"
"Privacy","Канфідэнцыйнасць"
"Not Found","Ня знойдзена"
"off","выкл."
"No","Не"
"min","хв."
"Remote","Вонкавы IP"
"Consumption","энэргаспажыванне"
"AES","AES"
"Cores","Ядры"
"Motherboard","Сістэмная плата"
"Free space","Вольнае месца"
"Free RAM","Вольная памяць"
"OS version","Вэрсія АС"
"Drivers","Драйвэры"
"Yes","Так"
"System type","Тып сістэмы"
"Kernel","Ядро"
"Local IP","Лакальны IP"
"Load Average","Сярэдняя загрузка"
"rigs","воркеры"
"Jump to farms, workers...","Пераход да фермаў, воркераў..."
"Notifications","Паведамленні"
"unread","непрачытанае"
"Show all","Адлюстраваць усё"
"No notifications yet","Паведамленняў пакуль няма"
"View geo location","Паглядзець геалакацыю"
"from","з"
"Accept","Пагадзіцца"
"Decline","Скасаваць"
"Term expires in","Час мінае ў"
"Enter value","Увядзіце значэнне"
"Generate","Згенэраваць"
"Enter start date","Увядзіце дату пачатку"
"Start date","Дата пачатку"
"End date","Дата сканчэння"
"Enter end date","Увядзіце дату сканчэння"
"Name","Імя"
"Create","Стварыць"
"Russian","Расейская"
"Chinese","Кітайская"
"English","Ангельская"
"NoActiveFound","Не было актыўнасці"
"all activities","уся актыўнасць"
"Latest Activity","Апошняя актыўнасць"
"Load","Загрузіць"
"warning","у dstm 0.6.0 змяніўся сінтаксіс канфігурацыйнага файлу"
"Previous","Папярэдні"
"Next","Наступны"
"configuration","канфігурацыя"
"MiningInfo","Запуск палётнага задання"
"Account","Акаўнт"
"Sign Out","Выйсці"
"Billing","Білінг"
"Support","Падтрымка"
"Community","Суполка"
"Forum","Форум"
"Referrals","Рэфералы"
"NoRightsMessage","Прабачце, вы не маеце дастаткова правоў для прагляду гэтай старонкі"
"to","да"
"Login","Логін"
"access","доступ"
"Notification.EventChanged","Апавяшчэнне зменена"
"Notification.AccessChanged","Доступ зменены для "
"Notification.WhitelistChanged","Белы спіс зменены"
"Account.NotificationDescription6","Вы можаце дадаць гэтага бота ў групу чата, каб некалькі адміністратараў маглі сачыць за воркерами. Стварыце сваю групу і дадайце 'hiveosbot' як удзельніка. Код чата для груп - адмоўны, нешта накшталт '-12345'."
"Account.NotificationDescription1","Распачаць размову з гэтым ботам"
"Account.NotificationDescription2","Бот адкажа лічбавым кодам, які вы павінны ўвесці ў поле з правага боку. Нешта накшталт '12345'."
"Account.NotificationDescription3","Ваш логін"
"Account.NotificationDescription4","Даслаць каманду боту"
"Account.NotificationDescription5","і ён зладзіць падпіску для вашага ўліковага запісу дзеля атрымання паведамленняў."
"Update Settings","Абнавіць налады"
"Fan","Вентылятар"
"Core Clock","Частата ядра"
"Memory Clock","Частата памяці"
"Power Limit","Мяжа энэргаспажывання"
"(0 for auto)","(0 аўта)"
"(0 for stock value)","(0 для стокавага значэння)"
"NvidiaCardFrom.SpecifyDevice","Вызначце да якіх прыладаў павінен ужывацца асаблівы падыход (напрыклад, першыя рэвізіі GTX1080), --revA"
"NvidiaCardFrom.MemClock","Звычайна гэтае значэнне ўдвая болей за тое, што вы бачыце ў AfterBurner. Напрыклад, калі ў Windows +800MHz, то тут вы павінны ўпісаць 1600."
"NvidiaCardFrom.OffLED","Выключыць падсветку (можа не спрацаваць на некаторых картках)"
"OhGodAnETHlargementPill","OhGodAnETHlargementPill ('таблетка')"
"ValueCardSeparatedSpace.","Вы можаце вызначыць адзінае значэнне для ўсіх картак ці спіс значэнняў для кожнай карткі праз прагалы."
"one value for all GPUs.","адно значэнне для ўсіх GPU."
"means GPU0 = none, GPU1 = 100, etc.","азначае GPU0 = нічога, GPU1 = 100, і гэтак далей."
"Configure","Наладзіць"
"Overclocking Settings","Параметры разгону"
"OverclockingProfileModal.Text","Абраць профілі разгону для "
"ApplyOverclockProfile","Вы жадаеце ўжыць бягучы профіль разгону для "
"Invalid Shares","Няслушныя шары"
"Show all payments","Адлюстраваць усе плацяжы"
"No payments yet","Не было плацяжоў"
"Pool address","Адрас пулу"
"Select pool address","Унесці адрас пулу"
"Add New Pool","Дадаць новы пул"
"Enter email","Увядзіце email"
"Select Pool Server","Абярыце сервер пулу"
"Selected Pool Servers","Абраныя серверы пулаў"
"on","укл."
"rights","правамі"
"Workers","Воркеры"
"Balance","Баланс"
"Shared with me","Падзяліўся са мною"
"Timezone","Гадзінны пояс"
"Create New Farm","Стварыць новую ферму"
"Select timezone","Абраць гадзінны пояс"
"Input farm name","Увядзіце імя фермы"
"Mem State","Стан памяці"
"Core Voltage","Напружанне ядра"
"Core State","Стан ядра"
"RadeonCardFrom.fanSpeed2","ў наладах Claymore"
"RadeonCardFrom.fanSpeed1","Вы можаце ўсталяваць хуткасць кручэння вентылятару, але майнэр (Claymore) будзе кантраляваць яе ў любым выпадку. Таму вы павінны спачатку спыніць кіраванне вентылятарам у наладах майнэра, каб гэта спрацавала. Дзеля гэтага неабходна прапісаць"
"RadeonCardFrom.memState.text3","Вы павінны прапісаць гэты парамэтар сумесна з наладай 'Частата памяці'"
"RadeonCardFrom.memState.text2","Карткі RX, якія, як вядома, маюць 1 ці 2 станаў памяці (фактычна 3, улічваючы 0 - стан бяздзейнасці). Змоўчна будзе абраны самы найвышэйшы стан. Але некаторыя карткі, як вядома, не паддаюцца зніжцы напружання ў самым вышэйшым стане і патрабуюць ніжэйшага стану. Напрыклад, вышэйшы стан будзе 2 і каб панізіць напружанне неабходна ўсталяваць 1."
"RadeonCardFrom.memState.text1","Гэта вельмі прасунуты парамэтар. Паспрабуйце, калі ёсць цяжкасці з заніжэннем напружання. Калі ж усё і гэтак працуе - не чапайце."
"RadeonCardFrom.coreVddc.text5","з табліцы VBIOS."
"RadeonCardFrom.coreVddc.text4","маецца на ўвазе mV ці падобныя значэнні"
"RadeonCardFrom.coreVddc.text3","Вы можаце ўсталяваць такія значэнні, як"
"RadeonCardFrom.coreVddc.text2","стан будзе выкарыстоўвацца дзеля ўсталёўкі напружання."
"RadeonCardFrom.coreVddc.text1","Гэта неабходна, калі вы паспрабуеце знізіць напружанне ядра відэакарткі. І вы ПАВІННЫ ўсталяваць 'Стан ядра' ці змоўчна"
"RadeonCardFrom.coreState.text4.","Паменьшыце напружанне дзеля зніжэння энэргаспажывання."
"Default is","Змоўчна"
"RadeonCardFrom.coreState.text2","DPM (Дынамічнае кіраванне сілкаваннем)"
"RadeonCardFrom.coreState.text1","Гэта неабходна, калі вы паспрабуеце знізіць сілкаванне відэакарткі. Вы павінны выкарыстоўваць гэты парамэтар сумесна з 'Частата ядра' і 'Напружанне ядра'."
"RadeonCardFrom.coreClock.text2","Калі 'Стан ядра' не азначаны, тады змоўчнае значэнне"
"RadeonCardFrom.coreClock.text1","Усталюйце тут частату ядра, добрае значэнне будзе каля"
"RadeonCardFrom.coreClock.text3"," будзе выкарыстоўвацца дзеля ўсталёўкі частаты."
"Refill","Папоўніць"
"balance","баланс"
"per month","за 1 месяц"
"Recommended payment is","Рэкамэндаваны плацёж"
"From balance","З балансу"
"With Coinpayment","Аплатай праз Coinpayments"
"Console","Кансоля"
"Execute command","Выканаць каманду"
"Wrong command","Памылковая каманда"
"Remove all messages?","Выдаліць усе паведамленні?"
"EDIT","РЭДАГАВАЦЬ"
"Overview","Агляд"
"Cards","Карткі"
"CONSOLE","КАНСОЛЯ"
"Offline","Па-за сеткай"
"Booted","Запушчаны"
"Uptime","Час працы"
"TRANSFER","ПЕРАДАЧА"
"Monitoring","Маніторынг"
"Reboot","Перазапуск"
"Miner Config","Конфіг майнэру"
"Rocket","Ракета"
"Upgrade","Абнавіць"
"Shutdown","Выключыць"
"OpenVPN configuration","Канфігурацыя OpenVPN"
"Power actions","Дзеянні з сілкаваннем"
"Server URL","Сервер URL"
"Edit tags","Рэдагаваць тэгі"
"Miner actions","Дзеянні майнэра"
"Teleconsole Start","Старт Teleconsole"
"Teleconsole Stop","Спыненне Teleconsole"
"Teleconsole Restart","Перазапуск Teleconsole"
"Hashrate watchdog","Вачдог па хэшрэйце"
"Run command","Выканаць каманду"
"Miner Log","Лог майнэру"
"Stop Miner","Спыніць майнэр"
"Restart Miner","Перазапусціць майнэр"
"Remote access","Аддалены доступ"
"more messages","болей паведамленняў"
"Add","Дадаць"
"Password","Пароль"
"Description","Апісанне"
"Add New Worker","Дадаць новага воркера"
"RigForm.EnterWorkerName","Увядзіце імя новага воркера"
"RigForm.EnterWorkerPassword","Увядзіце пароль воркера"
"RigForm.EnterWorkerDescription","Увядзіце апісанне воркера"
"rejected","адхіленыя"
"shared","сумесны"
"Upgrade to","Абнавіць да"
"New features","Новыя магчымасці"
"New version","Новая вэрсія"
"Current version","Бягучая вэрсія"
"SaveOCModal","Захаваць профіль разгону"
"Enter Name","Увядзіце імя"
"SaveOverclockingAsTemplate.Name","Імя профілю разгону"
"SaveOverclockingAsTemplate.Title","Захаваць разгон у якасці шаблону"
"Set","Усталяваць"
"Default","Змоўчна"
"Choose URL","Абраць URL"
"ServerUrlFrom.Help3","Будзьце ўважлівы! Заўсёды падрыхтуйце фізычны ці аддалены доступ (SSH) да воркеру да таго, як зменіце гэты парамэтар. Калі воркер няздольны падлучыцца да абранага URL, ён будзе ў стане 'па-за сеткай' для Hive. URL-адрас люстэрка захоўваецца ў тэчцы /hive-config/rig.conf, дзе вы заўсёды выправіце яго рукамаш."
"ServerUrlFrom.Help2","Калі вы пакінеце гэта як 'Змоўчна', тады Hive самастойна вызначыць да якога з сервераў падлучыцца. Звычайна гэта будзе першы ў спісе."
"ServerUrlFrom.Help1","Калі ўзніклі праблемы з падлучэннем да серверу Hive і часта ўзнікаюць падзеі 'па-за сеткай'/'у сетцы', вы можаце паспрабаваць абраць іншы URL-адрас для падлучэння да серверу. Часам узнікае праблема з фаерволам (ці то вашым, ці то ISP), тады можа дапамагчы змена порту."
"Mirror Select","Выбар люстэрка"
"Stats","Статыстыка"
"gpu","GPU"
"for 24 hours","за 24 гадзіны"
"View all","Паглядзець усё"
"day","дзень"
"Day left","Застаўся дзень"
"Days left","Засталося дзён"
"New Tag Name","Новае імя тэгу"
"Add Tag","Дадаць тэг"
"Add tag","Дадаць тэг"
"Explore transaction","Паглядзець транзакцыю"
"Referrals.TransactionsNotFound","Не было транзакцый"
"Upload VBIOS","Запампаваць VBIOS"
"VBIOS ROM file","VBIOS ROM файл"
"UploadingBiosFromLabel","Прымусова прашыць, ігнараваць праверкі і налады бяспекі"
"Upload","Запампаваць"
"VPN.ClientConf","client.conf (з убудаванымі цэртыфікатамі, запампаваць толькі гэты файл)"
"Login (auth-user-pass)","Логін (auth-user-pass)"
"Password (auth-user-pass)","Пароль (auth-user-pass)"
"Address","Адрас"
"Enter wallet address","Увядзіце адрас гаманца"
"Enter wallet name","Увядзіце імя гаманца"
"Accepted shares ratio","Суадносіны прынятых шараў"
"Invalid shares","Невалідныя шары"
"High Temperature","Высокая тэмпература"
"Low hashrate","Малы хэшрэйт"
"cores","ядры"
"Hive OS Version:","HiveOS вэрсія:"
"Power:","Спажыванне:"
"Free disk space:","Вольная дыскавая прастора:"
"Restart","Перазапуск"
"Stop","Стоп"
"Shut Down","Адключыць"
"Overclocking profiles","Профілі разгону"
"WorkerActions.Upgrade","Жадаеце абнавіць воркеры да апошняй вэрсіі HiveOS?"
"WorkerMiner.Tooltip","Прынята Адхілена Сапсаваныя, Суадносіны прынятых"
"NoStatsFoundSoFar","Няма статыстыкі для адлюстравання"
"Delete","Выдаліць"
"You can","Вы можаце"
"create one","стварыць яго"
"FarmsAccess.NoUsersFound","Ня знойдзена карыстальнікаў."
"Owner","Уладальнік"
"Access Levels","Узроўні доступу"
"User name","Імя карыстальніка"
"UserEditForm.GrantAccessProject","Даць доступ да праекту"
"Grant access","Дазвол доступу"
"Access Levels...","Узроўні доступу"
"User login","Логін карыстальніка"
"ProjectAccess.TrustUserDescription","Вы можаце даць доступ да вашае фермы іншым карыстальнікам, напрыклад, вы маглі б даць правы доступу для поўнага доступу сваім адміністратарам, каб яны маглі кіраваць усім з сваіх месцаў. Ці надаць прывелеі доступу манітору толькі для чытання тэхнічнаму персаналу, што выконвае нескладанае абслугоўванне і маніторынг і нічога болей."
"Profile","Профіль"
"Telegram","Telegram"
"here","тут"
"Bio","Біяграфія"
"Update Info","Абнавіць інфармацыю"
"Company Info","Інфармацыя пра кампанію"
"Skype","Skype"
"Phone","Тэлефон"
"API docs are","API дакумэнтацыя"
"Account.SetupTFAuth","Налады двухфактарнай аўтэнтыфікацыі (2FA)"
"Account.TFAuth","Двухфактарная аўтэнтыфікацыя (2FA)"
"Update Password","Абнавіць пароль"
"Confirm New Password","Пацвердзіць новы пароль"
"Account.PasswordError","Пароль павінен утрымліваць 8 ці болей сімвалаў"
"New Password","Новы пароль"
"Current Password","Бягучы пароль"
"Full Name","Поўнае імя"
"Account.ProfileSettings.Header","Налады профілю акаўнту"
"Language","Мова"
"Account.BIODescription1","Дадатковая інфармацыя пра вас"
"Account.BIODescription2","Гэта апцыянальна."
"Account.AuthenticationDecstiption","Задзейнічайце, каб надаць вашаму уліковаму запісу HiveOS дадатковы ўзровень бяспекі."
"Account.PasswordDescription","Змена паролю, таксама, скідвае ваш API ключ."
"Account.ProfileDescription","Ваш логін - гэта ваш ідэнтыфікатар у HiveOS і выкарыстоўваецца для ўваходу ў сістэму."
"6 digits code","6 лічбаў коду"
"Enable 2FA","Уключыць 2FA"
"Turn off 2FA","Адключыць 2FA"
"Account.AuthenticationTokenButton","Стварыць новы персанальны API-токен"
"Authentication Tokens","Токены аўтэнтыфікацыі"
"Account.AuthenticationToken","В можаце кіраваць сваімі персанальнымі API-токенамі. Вы можаце стварыць новы токен для аплікацый трэцяга боку. Ці выдаліць падазроную сесію."
"Personal Tokens","Персанальныя токены"
"Session Tokens","Ідэнтыфікатары сеансаў"
"Authy","Authy"
"Account.AuthenticationTwoFactor3","які можа быць усталяваны на некалькі прыладаў, у тым ліку з ПК."
"Account.AuthenticationTwoFactor4","Паскануйце QR з дапамогай камэры і ўвядзіце атрыманы код ніжэй."
"Farm Activity Feed","Стужка актыўнасці фермы"
"Pay","Аплаціць"
"Payments","Плацяжы"
"Amount to refill, $","Сума для папаўнення, $"
"Your Current Balance","Ваш бягучы баланс"
"Payments History","Гісторыя плацяжоў"
"Farms Balance","Баланс ферм"
"Free","Дарма"
"Invoice","Рахунак"
"days left","дзён засталося"
"Disable Paid Features","Адлучыць платныя функцыі"
"Enable Paid Features","Падключыць платныя функцыі"
"Log in","Аўтарызавацца"
"Return to","Вярнуцца да"
"Reset password","Скінуць пароль"
"Type email to recover password","Увядзіце email для аднаўлення паролю"
"Error.Text","Нажаль, на гэтай старонцы адбылася крытычная памылка"
"Just one step!","Проста адзін крок!"
"create wallet","стварыць гаманец"
"first!","першы!"
"Farm.FarmsFs.Description","Для кіравання палётнымі заданнямі вам неабходна"
"FarmOC.EmptyMessage","Няма створаных профіляў разгону. Вы можаце"
"Add OC Profile","Дадаць OC профіль"
"Incoming farms","Уваходзячыя фермы"
"Log in your account","Заходзце ў свой уліковы запіс"
"2FA code (if enabled)","2FA код (калі ўключана)"
"Remember me","Запомніць мяне"
"Forgot password?","Забыліся пароль?"
"Register","Зарэгістравацца"
"Don't have account yet?","У вас яшчэ няма ўліковага запісу?"
"Referral Link","Спасылка для запрашэння"
"Referral.ReferralLink1","Размясціце гэную спасылку дзе заўгодна, і людзі будуць пазначаны як вашыя рэфералы, калі яны пяройдуць па гэтай спасылцы і адзначацца. Пасля іхнай рэгістрацыі вы атрымаеце"
"Your referral","Вашая рэферальная"
"Copy to Clipboard","Скапіраваць у буфер абмену"
"Promo Code","Промакод"
"Referral.PromoCodeDescription1","Часам вы ня можаце перадаць сваю спасылку іншым людзям. Тут вы можаце стварыць свой асабісты промакод, напрыклад, 'MIKESHIVE' ці 'SAVEBACKSFORLAMBO'. Калі вы з'яўляецеся прадаўцом абсталявання ці прадаўцом паслуг ці прадстаўніком любога іншага афлайн бізнэсу"
"Referral.PromoCodeDescription2","на іхны рахунак, як толькі яны гэта здзейсняць."
"ETH Wallet Address","ETH адрас гаманца"
"Referral Balance","Рэферальны баланс"
"Deposit to Hive","Дэпазіт у Hive"
"ReferralTransactionsHistory","Гісторыя рэферальных транзакцый"
"Referral.BalanceDescription2","Пазначце ETH гаманец для аўтаматычных аплат на пачатку кожнага месяцу."
"Referral.BalanceDescription1","майнэраў далучылася па вашым запрашэнні."
"Referral.BalanceDescription3","Выплата рэферальных бонусаў адбываецца аднаразова на месяц. Вам будзе сплачана, калі вы падалі тут сапраўдны адрас."
"Referral.BalanceDescription4","Мінімальная сума выплат складае эквівалент 25 даляраў ЗША."
"Referral.BalanceDescription5","Праз вялікую камісію за транзакцыю BTC ваша валюта аплат можа быць зменена"
"Referral.PromoCodeYoungAccount","Ваш уліковы запіс яшчэ не саспеў, каб выкарыстоўваць промакоды."
"Referral.BalanceDescription","У вас пакуль няма рэферальных узнагарод."
"Passwords do not match","Паролі не супадаюць"
"Create new account","Стварыць новы акаўнт"
"Confirm password","Пацвердзіць пароль"
"Register.CheckboxLabelText","Націскаючы «Зарэгістравацца», вы пагаджаецеся з"
"Terms","Умовы"
"Register.HaveAccount","Вы ўжо маеце акаўнт?"
"RestorePassword.Message","Пароль паспяхова дасланы, калі ласка, праверце пошту"
"Remove all","Выдаліць усё"
"Id","Id"
"Activity Feed","Стужка актыўнасці"
"Build Log","Логі зборкі"
"Other","Іншы"
"Flight Sheet","Палётны аркуш"
"Flight Sheets","Палётныя аркушы"
"FlightSheets.Message","Каб пачаць майніць, абярыце 'Палётны аркуш'!"
"StartConfOverclocking","Пачаць налады разгону"
"Flash VBIOS","Прашыць VBIOS"
"OverclocingSettingsFoundSoFar","Пакуль няма наладаў разгону."
"Load From Template","Загрузка з шаблону"
"Save As Template","Захаваць як шаблон"
"Reset All","Скінуць усё"
"Configure New Algo","Наладзіць новы алгарытм"
"Transfer","Перанос"
"Advanced Settings","Пашыраныя налады"
"Confirmation required","Патрабуецца пацверджанне"
"Settings.RemoveProject2","Аддалены праект НЯ МОЖА быць адноўлены! Вы ЦАЛКАМ упэўнены?"
"Settings.RemoveProject3","Гэтае дзеянне можа прывесці да страты дадзеных. Каб прадухіліць выпадковыя дзеянні, мы просім вас пацвердзіць свой намер"
"Please type","Калі ласка, набярыце"
"Settings.RemoveProject4","працягнуць ці зачыніць гэты рэжым для адмены."
"Settings.RemoveProject1","Вы маеце намер выдаліць воркера"
"Remove Worker","Выдаліць воркера"
"Settings.RemovedWorker","Аддалены воркер ня можа быць адноўлены!"
"Update Worker","Абнавіць воркера"
"Worker Name","Імя воркера"
"Worker Settings","Налады воркера"
"OpenVPN Config","OpenVPN канфігурацыя"
"Are you sure?","Вы ўпэўнены?"
"Worker Password","Пароль воркера"
"Settings.ChangePass1","Калі зменіце пароль толькі ў базе дадзеных, і да таго ж, воркер будзе актыўны, тады ён пяройдзе ў рэжым 'па-за сеткай'."
"Settings.ChangePass2","Змяніце пароль у базе дадзеных і паспрабуйце змяніць яго на воркеры. Паспрабуйце змяніць пароль на воркеры, што ў сетцы. Пароль будзе зменены толькі пасля паведамлення ад воркеру."
"Settings.ChangePass3","Змяніць пароль толькі ў базе дадзеных. Воркер з бягучым паролем будзе адключаны."
"Transfer Worker","Пранос воркера"
"Settings.WalletTransferFarm","Перанесці воркера на іншую ферму"
"Settings.RemoveProject5","Вы жадаеце выдаліць воркера?"
"Settings.WalletTransfer","Гаманец не пераносіцца з воркерам. Спатрэбіцца ўжыць гаманец з іншай фермы пасля таго, як перасоўванне будзе завершана."
"Settings.ConfirmTransferWorker","Вы жадаеце перанесці воркера?"
"Select farm","Абраць ферму"
"Settings.TransferWorker","Палётны аркуш не капіруецца з воркерам. Спатрэбіцца ўжыць палётны аркуш на новай ферме пасля завершання пераносу воркеру."
"Transfer Worker?","Перанесці воркера?"
"Tuning","Гнуткія налады"
"Worker","Воркер"
"Online","У сетцы"
"With Errors","З памылкамі"
"Hide filters","Схаваць фільтры"
"Show filters","Адлюстраваць фільтры"
"with","з"
"Name changed","Імя зменена"
"Farm settings","Налады фермы"
"Settings.MargeProject","Вы маеце магчымасць аб'яднаць праект толькі з тым, якім вы кіруеце."
"Merge Project","Аб'яднаць праект"
"Transfer Project","Перанос праекту"
"Type project name","Увядзіце назву праекту"
"Select user login","Абраць логін карыстальніка"
"Remove Project","Выдаліць праект"
"Farm.Setting.Text1","Вы маеце намер выдаліць ферму"
"Type Project Name","Увядзіце назву праекту"
"You are going to merge farm","Вы маеце намер аб'яднаць ферму"
"Merged project CANNOT be restored!","Немагчыма аднавіць аб'яднаны праект!"
"Are you ABSOLUTELY sure?","Вы ЦАЛКАМ упэўнены?"
"Save Changes","Захаваць змены"
"Timezone changed","Гадзінны пояс зменены"
"Farm changed","Ферма зменена"
"Farm.Settings.TagsDescription","Дадайце свае тэгі, каб пазначыць воркеры"
"Farm.Settings.RemoveDescription1","Выдаленне праекту змусіць выдаліць ягонае сховішча разам з звязанымі з ім рэсурсамі, уключна з праблемамі, запытамі на аб'яднанне, і гэтак далей..."
"Farm.Settings.RemoveDescription2","Выдаленыя праекты ня могуць быць адноўлены!"
"Farm Title","Назва фермы"
"Remove Farm","Выдаліць ферму"
"Question.ChangeFarmOwner","Змяніць уладальніка фермы?"
"ChangeOwnership","змяніць уладальніка на"
"Leave Farm","Пакінуць ферму"
"Settings.LeaveFarm","Пасля гэтага вы страціце доступ да гэтае фермы"
"RemoveFarmAccess","выдаліць доступ да фермы"
"Question.RemoveAccess","Вы жадаеце выдаліць ваш доступ?"
"Question.RemoveFarm","Вы жадаеце выдаліць ферму?"
"Question.LeaveFarm","Вы жадаеце пакінуць ферму?"
"Farm.Setting.FarmHashDescription1","Farm Hash выкарыстоўваецца для падлучэння воркера да фермы без папярэдняга стварэння ў web."
"Farm.Setting.FarmHashDescription2","Найпрост усталюйце яго ў"
"Farm.Setting.FarmHashDescription3","перад першым запускам."
"More details","Болей дэталёва"
"Farm Hash","Farm Hash"
"Transfer farm","Перадача фермы"
"Farm.Setting.TransferDescription","Перадача фермы іншаму карыстальніку. Увядзіце логін існуючага карыстальніка, які будзе новым уладальнікам фермы."
"No wallets found so far.","Пакуль няма гаманцоў."
"FlightSheetForm.NamePlaceholder","Увядзіце назву палётнага аркуша"
"FSFormItem.DcriHelp","Decred/Siacoin/Lbry/Pascal інтэнсіўнасць. Змоўчнае значэнне - 30. Дла PASC раіцца - 10, для SIA - 15. Вялікшыя значэнні негатыўна адаб'юцца на майнінгу Ethash манеты."
"PoolConfigModal.Advanced","Пашыраная налада"
"PoolConfigModal.AdvancedHint","<strong>Будзьце ўважлівыя!</strong> Кожны адрас павінен пачынацца з новага радка"
"PoolConfigModal.PoolUrls","Увядзіце адрасы"
"FS.ConfiguredInMiner","Наладзіць у майнэры"
"AutoFan","AutoFan"
"Token","Токен"
"PageNotFound","Прабачце, гэтая старонка не існуе"
"ConfirmPassword.Message","Увядзіце новы пароль і токен будзе дасланы на ваш email"
"Ethminer.OpenCLCudaHint","Абярыце платформу GPU для карыстання. Звярніце ўвагу, што сумеснае карыстанне OpenCL і CUDA можа прывесці да памылкі. Паспрабуйце выкарыстаць <code> - opencl-platform 1 </code> ці <code> 0 </code> у дадатковых парамэтрах, каб яно працавала."
"AllRedTemps.Hint","Тэмпература, вышэйшая за гэтыя значэнні, будзе пафарбавана чырвоным"
"RedTemp.Hint","Тэмпература, вышэйшая за гэтае значэнне, будзе пафарбавана чырвоным"
"AutoFans.NoAMD","Не кіраваць AMD карткамі, толькі nVIDIA"
"AutoFans.Info","Уключыць кіраванне вентылятарамі. AutoFan будзе падтрымліваць тэмпературы GPU блізу мэтавай. Па дасягненні крытычнага значэння майнінг будзе спынены."
"RadeonCardFrom.coreState.text3","ці «Узровень моцы» ядра GPU. Для RX-картак гэта значэнне ад"
"RadeonCardFrom.AggressiveUndervolting","Агрэсіўнае зніжэнне сілкавання (усталёўка OC для кожнага DPM)"
"Settings.VPN","VPN нельга змяніць зараз. Каманда выконваецца"
"VPN.HelpInfo","Файлы будуць названыя наступным чынам, таму цэртыфікаты ў client.conf павінны звацца ca.crt, client.crt, client.key. Да таго ж, вы можаце ўстаўляць цэртыфікаты ў client.conf і грузіць толькі адзін файл."
"Required filed","Абавязковае поле"
"Promocode","Прома-код"
"GPU","GPU"
"ASICS","ASICs"
"Account Login","Уваход у акаўнт"
"Password changed","Пароль зменены"
"Settings.transferTargetText","Вы ўжо даслалі запыт на перасоўванне ў"
"FarmTempHeader.GPUCriticalTemperature","Крытычная тэмпература GPU"
"Account.AuthenticationTwoFactor1","Зрабіце рэзэрвовую копію гэтага коду! Лепшы варыянт - зрабіць скрыншот і раздрукаваць яго."
"Account.AuthenticationTwoFactor2","Калі вы згубіце код, вы не здолееце аднавіць доступ да ўліковага запісу у выпадку, калі згубіце прыладу, з якой ажыццяўлялася аўтэнтыфікацыя (смартфон, планшэт і г. д...)"
"SelectAmd","Абраць AMD картку"
"Activity","Актыўнасць"
"Access","Доступ"
"Settings","Налады"
"Unsubscribe","Адпісацца"
"File shouldn't be empty","Файл не павінен быць пусты"
"TheLatestActivity","Апошняя актыўнасць"
"Referal.EnterPromocode","Ваш крэатыўны прамакод тут"
"FlightSheetFrom.AddMiner","Калі вам патрэбна некалькі майнэраў"
"Settings.NotificationSubscribe","Вы не падпісаныя"
"OverclockingAlgoFrom.Title1","Рэдагаваць налады разгону"
"OverclockingAlgoFrom.Title2","Канфігурацыя наладаў па разгоне"
"NewWallet","Новы гаманец"
"EditWallet","Рэдагаванне гаманцу"
"Settings.Notifications.AccountLogin","Уваход у акаўнт"
"Settings.Notifications.DetectedWorkerOffline","Воркер у сетцы"
"Settings.Notifications.DetectedWorkerOnline","Воркер па-за сеткай"
"Settings.Notifications.WorkerBooted","Воркер загрузіўся"
"Settings.Notifications.ErrorMessages","Паведамленні пра памылкі"
"Settings.Notifications.WarningMessages","Папярэджанні"
"Settings.Notifications.InfoMessages","Інфармацыйныя паведамленні"
"Settings.Notifications.SuccessMessages","Выкананыя без памылак"
"Settings.Notifications.GPUTemp","GPU Temp >= Red Temp + 3°"
"Settings.Notifications.HourlySummary","Штогадзінная справаздача"
"ConfirmTransferToHive.Title","Колькі даслаць на дэпазіт HiveOS"
"ConfirmTransferToHive.ErrorMessage","Вы не маеце дастаткова грошай"
"FS.ConfirmatioTitle","Увага! Гэтае палётнае заданне працуе на іншых воркерах"
"FS.ConfirmatioMessage","Вы жадаеце запусціць новы палётны аркуш на гэтым воркеры, ці абнавіць на іншых?"
"FS.UpdateAll","Абнаўленне ўсіх воркераў"
"FS.CreateNewFS","Стварыць новы ПА"
"NvidiaCardForm.DelayPill","Затрымка ў сэкундах перад запускам таблеткі"
"NvidiaCardForm.DelayPillHint","Можа дапамагчы прадухіліць памылку на некаторых 1080 картках, паспрабуйце ўсталяваць гэтае значэнне ў 120 або вышэй."
"WorkerSettings.CardsQuantityHint","Колькасць картак у воркеры аўтаматычна павялічылася. Але калі вам іх трэба паменшыць, абнавіце гэты парамэтар"
"WorkerSettings.CardsQuantityPlaceholder","Увядзіце колькасць"
"Cards Quantity","Колькасць картак"
"WorkerSettings.DisableGUI","Адключыць GUI падчас загрузкі"
"WorkerSettings.DisableGUIHint","Не стартаваць X-server, толькі кансолю, без OC для nVIDIA"
"WorkerSettings.Resend","Даслаць усе налады"
"WorkerSettings.ResendHint","У выпадку, калі воркер несінхранізаваны, вы можаце даслаць усе майнэры, OC ды іншыя конфігі."
"Push","Націснуць"
"MinerForm.Template.examples","Прыклады шаблону"
"MinerForm.Template.forMost","для большасці пулаў"
"MinerForm.Template.for","для"
"MinerForm.Template.text1","Для праўкі радкоў па шаблоне азнаёмцеся, калі ласка, з раздзелам пулаў. Там будуць дэталі аб тым, як яго адфарматаваць."
"MinerForm.Template.text2","будуць замененыя правільнымі значэннямі з гаманца."
"MinerForm.Template.text3","будзе зменены на імя воркеру."
"WDConfig.EnableWatching","Уключае назіранне за хэшрэйтам. Калі ён падае ніжэй мінімуму, будзе спроба перазапусціць майнэр."
"WDConfig.RestartNotHelp","Калі перазапуск майнэру не дапамагае, то празагрузіцца ўся сістэма."
"WDConfig.On","WatchDog па хэшрэйце ўключаны"
"WDConfig.Off","WatchDog па хэшрэйце адключаны"
"WDConfig.SetUsed","Усталюйце значэнні для задзейнічаных майнэраў"
"WDConfig.SetOther","Усталюйце значэнні для іншых майнэраў"
"ConsoleCommand.ShowInfo","паказаць інфармацыю пра карткі nVIDIA"
"ConsoleCommand.ShowFreq","адлюстраваць бягучыя частоты для картак AMD"
"ConsoleCommand.LogsRam","запіс логаў у памяць для зберагання USB-flash носьбітаў"
"ConsoleCommand.LogsDisk","запіс логаў на дыск, захаваюцца пасля перазагрузак"
"ConsoleCommand.ShowFreqAmd","адлюстраваць бягучыя частоты для картак AMD"
"ConsoleCommand.AmdExtended","адлюстраваць падрабязную інфармацыю пра картку AMD"
"ConsoleCommand.AmdVoltage","адлюстраваць табліцу напружанняў для AMD GPU #0"
"ConsoleCommand.SayHello","ізноў павітацца з серверам, каб абнавіць дадзеныя"
"ConsoleCommand.ServiceBoot","адлюстраваць лог загрузкі дэману Hive"
"ConsoleCommand.SendReset","даслаць каманду 'reset' да OpenDev вачдогу"
"ConsoleCommand.SendPower","даслаць каманду 'power' да OpenDev вачдогу"
"ConsoleCommand.GpuScript","скрыпт пошуку GPU па кручэнні вентылятараў"
"Deselect","Адмяніць"
"Overclocking Profiles","Профілі разгону"
"MinerForm.Url.PoolUrl","URL пулу разам з пратаколам і портам, як"
"MinerForm.Url.ForFailOver","Для адмоўнаўстойлівасьці пулаў наўпрост пішыце іх па адным адрасе на радок, выкарыстоўваецца толькі адзін з іх."
"MinerForm.BminerForm.With","з"
"MinerForm.BminerForm.More","болей"
"MinerForm.Url.ItHas","Гэта мае фармат"
"MinerForm.Url.LooksLike","Напрыклад, гэта выглядае"
"MinerForm.Url.Subscribe","калі вы карыстаецеся flypool. Замяніце"
"MinerForm.Url.IfYou","калі злучэнне з пулам праз SSL."
"MinerForm.Url.Examples","прыклады bminer"
"MinerForm.UserConfig.Text1","Устаўце дадатковыя парамэтры ў канфігурацыю, калі гэта трэба. Па адным на радок без косак або кропак напрыканцы радка. Звярніцеся да згенэраванай канфігурацыі, каб майнэр меў доступ да значэнняў з конфігу."
"MinerForm.UserConfig.Text2","усталяваць частату"
"MinerForm.UserConfig.Text3","усталяваць напружанне"
"MinerForm.UserConfig.Text4","даступныя метады API майнэру"
"MinerForm.BMinerConfig.Text1","Вы можаце змясціць тут нешта накшталт"
"MinerForm.BMinerConfig.Text2","Спіс прылад CUDA, падзелены прагаламі"
"MinerForm.BMinerConfig.Text3","Болей опцыяў тут"
"MinerForm.BMinerConfig.Text4","даведка Bminer"
"MinerForm.Fork.List","Падрабязны спіс форкаў"
"MinerForm.Fork.here","тут"
"MinerForm.Fork.Run","запуск"
"MinerForm.Fork.Check","праверыць абнаўленні форкаў."
"MinerForm.Algo.Which","Які алгарытм выкарыстоўваць для майнінгу. Для"
"MinerForm.Algo.ItShould","павінна быць"
"MinerForm.Algo.Example","напрыклад"
"MinerForm.InstallUrl.Where","URL дзе атрымаць"
"MinerForm.InstallUrl.Package","пакунак. Ён не будзе пампавацца, калі ўжо ўсталяваны."
"MinerForm.Miner","Гэта імя ўсталяванага майнэру. Накшталт"
"MinerForm.CCPoolExtra","Змясціце дадатковыя парамэтры ў пул, калі ёсьць патрэба. Па адным на кожны радок без косак або кропак напрыканцы радка. Прыклад парамэтраў"
"MinerForm.CCExtra.Text1","Гэта дадатковыя парамэтры для майнэра. Па адным на радок без косак або кропак у канцы радка. Прыклад парамэтраў"
"MinerForm.CCExtra.Text2","падрабязны дамп дзеянняў пратакольнага ўзроўню"
"MinerForm.CCExtra.Text3","спіс прыладаў CUDA, падзеленых коскамі"
"MinerForm.CGMInerConf.Text1","Дадайце дадатковыя парамэтры ў канфігурацыю, калі гэта трэба. Па адным на радок без косак ці кропак напрыканцы радку."
"MinerForm.CGMInerConf.Text2","адключыць кіраванне вентылятарамі"
"MinerForm.CGMInerConf.Text3","Прыклад парамэтраў для Cryptonight"
"MinerForm.CGMInerConf.Text4","Прыклад парамэтраў для Ethash"
"MinerForm.CGMInerConf.Text5","Каб даведацца што здарылася"
"MinerForm.CGMInerConf.Text6","Абярыце прыладу для карыстання, адно значэнне праз злучок і/ці коску (напрыклад, 0-2,4)"
"MinerForm.CGMinerFork.Text1","Вам неабходна паспрабаваць розныя вэрсіі, бо кожная з іх можа не запрацаваць з некаторымі алгарытмамі ці пуламі."
"MinerForm.CGMinerFork.Text2","Акрамя таго, паспрабуйце дадаць"
"MinerForm.CGMinerFork.Text3","і"
"MinerForm.CGMinerFork.Text4","у канфігурацыю, каб убачыць больш падрабязную інфармацыю ды высвятліць праблему."
"MinerForm.CGMinerFork.Text5","Падрабязны спіс форкаў"
"MinerForm.CGMinerFork.Text6","тут"
"MinerForm.DpoolTpl.Text1","прыклад для SIA на Nanopool"
"MinerForm.DpoolTpl.Text2","будуць замененыя слушнымі значэннямі з гаманцу. Для правільнага радку гаманца, калі ласка, азнаёмцеся з раздзелам дапамогі на пуле, звычайна там ёсць падрабязная інфармацыя аб тым, як яго правільна пабудаваць."
"MinerForm.ClaymoreDescr.Text1","Інтэнсіўнасць Decred/Siacoin/Lbry/Pascal. Змоўчнае значэнне - 30."
"MinerForm.ClaymoreDescr.Text2","Для PASC добрае значэнне складае каля 10, для SIA - каля 15. Вялікшыя значэнні выклікаюць падзенне майнінгу ETH."
"MinerForm.ClaymoreConfig.Text1","Змясціце тут налады, якія вы жадаеце, каб яны з'явіліся ў канфігу Claymore, ПА АДНЫМ НА КОЖНЫ РАДОК. Напрыклад"
"MinerForm.ClaymoreConfig.Text2","усталюе хуткасць вентылятараў на 100%"
"MinerForm.ClaymoreConfig.Text3","усталюе мэтавую тэмпературу на 65°C"
"MinerForm.ClaymoreConfig.Text4","адключыць кіраванне вентылятарамі"
"MinerForm.ClaymoreConfig.Text5","выкарыстоўваць графічныя працэсары 3, 4, 10, 11"
"MinerForm.ClaymoreConfig.Text6","Калі ласка, глядзіце"
"MinerForm.ClaymoreConfig.Text7","дакумэнтацыя Claymore"
"MinerForm.ClaymoreConfig.Text8","для іншых наладаў"
"MinerForm.CpuMinerConfig.Text1","Дадайце парамэтры канфігурацыі, калі гэта трэба. Па адным на радок без косак або кропак напрыканцы радку. Прыклад парамэтраў"
"MinerForm.CpuMinerConfig.Text2","колькасць нітак майнэру (змоўчна - колькасць працэсарных ядраў). Парада для большасці алгарытмаў: n=ядраў-1"
"MinerForm.CpuMinerConfig.Text3","усталяваць адпаведнасць працэсу да ядраў працэсару, маску 10 (0xA) для ядраў 1 і 3"
"MinerForm.CpuMinerConfig.Text4","тэмпература спынення майнінгу ў градусах па Цэльсію (змоўчнае значэнне 85)."
"MinerForm.Server","Для адмоўнаўстойлівасьці пулаў наўпрост пішыце іх па адным адрасе на радок, выкарыстоўваецца толькі адзін з іх."
"MinerForm.DstmConf.Text1","Вы можаце змясціць тут нешта накшталт"
"MinerForm.DstmConf.Text2","Спіс прылад CUDA, падзелены коскамі"
"MinerForm.DstmConf.Text3","Паменшыце нагрузку, падзяліце коскамі спіс dev_id: значэнні інтэнсіўнасці"
"MinerForm.DstmConf.Text4","Нагрузка на кожны графічны працэсар будзе пастаянна змяняцца такім чынам, каб тэмпература заставалася блізу гэтага значэння. Спіс падзеленых коскамі значэнняў dev_id: temp-target, напрыклад"
"MinerForm.EthServ.Text1","Для атрымання працы выкарыстоўвайце адну з наступных схем"
"MinerForm.EthServ.Text2","Для stratum выкарыстоўвайце адну з наступных схем"
"MinerForm.EthServ.Text3","Прыклады"
"MinerForm.EthConf.Text1","Вы можаце змясціць тут нешта накшталт"
"MinerForm.EthConf.Text2","якія з прыладаў OpenCL майняць на"
"MinerForm.EthConf.Text3","якія з прыладаў CUDA майняць на"
"MinerForm.EwbtConf.Text1","Змясціце дадатковыя парамэтры ў канфігурацыю, калі гэта трэба. Па адным на кожны радок без косак ці кропак напрыканцы радку. Прыклады парамэтраў"
"MinerForm.EwbtConf.Text2","выкарыстоўваць толькі канкрэтныя GPU"
"MinerForm.EwbtConf.Text3","усталяваць свае абмежаванне тэмпературы"
"MinerForm.LolConf.Text1","Вы можаце змясціць тут нешта накшталт"
"MinerForm.LolConf.Text2","Спіс прылад, падзелены коскамі"
"MinerForm.OptiConf.Text1","Вы можаце змясціць тут нешта накшталт"
"MinerForm.OptiConf.Text2","Ідэнтыфікатар прыладаў OpenCL, што выкарыстоўваюцца. Калі прылады не пазначаны, усе яны выкарыстоўваюцца"
"MinerForm.OptiConf.Text3","Выкарыстоўваць платформу з ідэнтыфікатарам OpenCL"
"MinerForm.OptiConf.Text4","Інтэнсіўнасць воркеру. 0 азначае аўтаматычнае выяўленне на падставе даступнай памяці"
"MinerForm.XmConf.Text1","Змясціце дадатковыя парамэтры ў канфігурацыю, калі ёсьць патрэба. Па адным на радок без косак або кропак напрыканцы радка. Прыклад парамэтраў"
"MinerForm.XmConf.Text2","знізіць нагрузку на працэсар з 75% да 50%"
"MinerForm.XmConf.Text3","Іншыя парамэтры шукайце ў"
"MinerForm.XmConf.Text4","дакумэнтацыя Xmrig"
"MinerForm.XmUrl.Text1","Адрас пулу павінен быць у фармаце"
"MinerForm.XmUrl.Text2","Падтрымліваюцца толькі stratum-пулы"
"MinerForm.XmUrl.Text3","Для адмоўнаўстойлівасьці пулаў наўпрост пішыце іх па адным адрасе на радок, выкарыстоўваецца толькі адзін з іх."
"MinerForm.XmStakCpuUrl.Text1","Адрас пулу павінен быць у фармаце"
"MinerForm.XmStakCpuUrl.Text2","Падтрымліваюцца толькі stratum-пулы"
"MinerForm.XmrAmd.Text1","Поўны зьмест amd.txt, прыклад ніжэй"
"MinerForm.XmrAmd.Text2","Адключыць графічныя працэсары AMD"
"MinerForm.XmrAmd.Text3","Інструкцыя па наладах"
"MinerForm.XmrNvidia.Text1","Поўны зьмест nvidia.txt, прыклад ніжэй"
"MinerForm.XmrNvidia.Text2","Адключыць графічныя працэсары nVIDIA"
"MinerForm.XmrNvidia.Text3","Інструкцыя па наладах"
"MinerForm.XmrCpu","Поўны зьмест cpu.txt, прыклад ніжэй"
"per","на"
"OC.DefaultConfig","Звычайная канфігурацыя"
"OC.DefaultHint","Выкарыстоўваецца змоўчна. Можа быць зменена канфігурацыяй алгарытму"
"Account.AuthenticationTokenCurrent","Меціны бягучага сеансу"
"Account.AuthenticationTokenOther","Меціны іншага сеансу"
"Enter amount","Увядзіце суму"
"Send","Даслаць"
"Revoke","Адклікаць"
"Monitor","Маніторынг"
"Tech","Тэхналогія"
"AccessLevel.Monitor","Маніторынг і Статыстыка, Дэталі воркеру. Тэгі могуць прызначацца дзеля абмежаванняў бачнасці воркераў для даверанага ўліковага запісу."
"AccessLevel.Tech","Разгон, Перазагрузка і Выключэнне, Абнаўленне."
"AccessLevel.Rocket","Ужывайце майнэр і гаманец да воркеру. Стварайце і выдаляйце воркераў."
"AccessLevel.Advanced","Выкананне каманд, VPN, гаманцы, налады."
"AccessLevel.Full","Пароль, 2FA, Апавяшчэнні, Плацяжы, Уласнасць."
"Full Access","Поўны доступ"
"Advanced","Пашыраны"
"CompactView.Status.InvalidShares","Нізкі рэйтынг або Несапраўдныя шары"
"CompactView.Status.HightTemperature","Вялікая тэмпература"
"CompactView.Status.LowHashrate","Нізкі хэшрэйт"
"Load Avg","Загрузіць сярэдняе значэнне"
"Subscribed","Падпісаны"
"Create Flight Sheets","Стварэнне Палётнага задання"
"Worker.FlightSheets.epmtyMessage","Пачаць майнінг"
"FS.ActiveFSEdit","Гэтае Палётнае заданне актыўнае."
"FS.ApplyAll","Усе воркеры"
"FS.AttachedWorlers","Падлучаныя воркеры"
"FS.ChangesWillBeApplied","Змены будуць ужытыя да тых воркераў, што выкарыстоўваюць гэтае ПЗ."
"FS.NewFSWillBeCreated","Новае ПЗ будзе створана для гэтага воркеру і будзе ўжыта толькі з ім."
"FS.OnlyThis","Толькі для гэтага воркеру"
"Account.WhiteList","Белы сьпіс"
"Account.WhiteListHint","Тут можам пералічыць IP-адрасы, з якіх будзе дазволены ўваход у свой акаўнт. Адрасы падзяляюцца прагаламі."
"Account.WhiteListHint2","Ваш бягучы IP-адрас."
"Account.WhiteListHint3","Асноўныя праверкі выконваюцца на серверы, каб вы не адсеклі сябе."
"Account.WhiteListExamples","Прыклады:"
"Account.WhiteListExample1","дазволены адзін IP-адрас"
"Account.WhiteListExample2","дазволена два IP-адрасы"
"Account.WhiteListExample3","будзе адпавядаць любому IP, які пачынаецца з 172.217.16."
"Account.WhiteListExample4","будзе адпавядаць любому IP, які пачынаецца з 172.217.d."
"Account.WhiteListExample5","адзін адрас IPv6"
"Account.WhiteListExample6","будзе адпавядаць любому адрасу IPv6, які пачынаецца з 2001:db8::"
"Account.WhiteListPlaceholder","Увядзіце IP-адрас"
"Account.WhiteListAddNewPlaceholder","Увядзіце новы IP-адрас"
"CoinPaymentsDeposits","Дэпазіты грашовых укладаў"
"Billing.TransactionFee","Дадаць камісію да пэўнай сумы"
"Billing.FAQ","ЧаП па аплаце"
"WorkerSettings.GuiTurnedOn","Графічны інтэрфэйс уключаны"
"WorkerSettings.GuiTurnedOff","Графічны інтэрфэйс выключаны"
"VPN.TurnedOn","VPN уключана"
"VPN.TurnedOff","VPN выключана"
"Are you shure?","Вы ўпэўнены?"
"Account.AuthenticationTwoFactor5","Google Authenticator не самы лепшы выбар, калі вы згубіце тэлефон разам з вашымі кодамі. Раім скарыстацца"
"BillingFarm.DaysUntil","Засталося дзён да зачынення фермы"
"BillingFarm.ToLock","дзён да блакіроўкі"
"AMD","AMD"
"Card Types","Тыпы картак"
"TEMP","TEMP"
"FAN","FAN"
"Core","Core"
"MEM","MEM"
"FlightSheets.ToManage","Каб кіраваць гаманцамі, пераходзьце да"
"FlightSheets.WalletsPage","Старонка гаманцоў"
"FS.WallAddress","Адрас гаманца"
"Claymore User Config","Карыстальніцкая канфігурацыя Claymore"
"2FA.ON","Двух-фактарная аўтэнтыфікацыя ўключана"
"2FA.OFF","Двух-фактарная аўтэнтыфікацыя выключана"
"Account.TwoFactorDisableDescription","Увядзіце код для адключэння 2FA. Захаваны (сакрэтны) QR-код больш ня будзе працаваць, апасля вы можаце яго выдаліць."
"MinerForm.Custom.InstallationUrl","URL устаноўкі"
"MinerForm.Custom.MinerName","Імя майнэру"
"AutoFans.ON","AutoFan уключаны"
"AutoFans.OFF","AutoFan выключаны"
"AutoFans.TargetTemp","Мэтавая тэмпература"
"AutoFans.MinFan","Мінімальная хуткасць вентылятараў"
"AutoFans.MaxFan","Максімальная хуткасць вентылятараў"
"AutoFans.Critical","Крытычная тэмпература"
"AutoFans.NoAMDLabel","Без AMD"
"AutoFans.RebootOnErrors","Перазагрузка па памылках"
"WDConfig.Minutes","хвілін"
"WDConfig.MinerRestart","Перазапуск майнэру пасля"
"WDConfig.RebootAfter","Перазагрузка рыгу пасля"
"Server","Сервер"
"Pass","Праход"
"Port","Порт"
"Template","Шаблон"
"Server Urls","Адрасы сервероў"
"PersonalToken.Placeholder","Увядзіце імя прыватнага токену"
"2FA Disabled","2FA выключаны"
"2FA Enabled","2FA уключаны"
"Discount","Зніжка"
"Monthly price","Штомесячны кошт"
"Daily use","Штомесячнае выкарыстанне"
"Payments.DailyRigsUse","Штодзённае выкарыстанне рыгаў"
"Payments.DailyRigsPrice","Штодзённы кошт рыгаў"
"Payments.DailyAsicsPrice","Штодзённы кошт ASIC"
"Payments.DailyAsicsUse","Штодзённае выкарыстанне ASIC"
"Payments.Refill","Каб папоўніць баланс наведайце"
"rig","рыг"
"Coin.TypeIn","Увядзіце манету"
"CoinPaymentsDeposits.ShowAll","Паказаць усе дэпазіты"
"gained","атрыманы"
"subscribed","падпісаны"
"OverclockingAlgoTable.CcAlgoResolved","Націсніце 'Дадаць', каб усталяваць разгон для гэтага алгарытму"
"Algo","Алгарытм"
"Billing Page","Старонка білінгу"
"Select algo","Абраць алгарытм"
"more","болей"
"PaymentsList.CheckStatus","Праверце стан плацяжу"
"AsicTable.Chain","Ланцужок"
"AsicTable.ASIC","ASIC"
"AsicTable.Frequency","Частата"
"AsicTable.HW","HW"
"AsicTable.Temp","Тэмпература"
"AsicTable.ASICStatus","Стан ASIC"
"FilterWallets.more","больш гаманцоў"
"Tuned","Наладжаны"
"MiningInfo.Title","Інфармацыя пра майнінг"
"MiningInfo.Tuned","Наладжаны майнэр"
"OverclockingAlgoTable.more","болей"
"PowerGraph.Power","Моц"
"The latest","Апошняя"
"for","для"
"PoolConfigModal.EnterUrls","Увядзіце URL"
"Intensity:","інтэнсіўнасць:"
"Wallet Address","Адрас гаманца"
"Dcoin","Dcoin"
"Example for nanopool","Прыклад для Nanopool'у"
"WalletWorkTemplate:","Шаблон гаманца ды воркера:"
"dstm 0.6.0 had changed config syntax","у dstm 0.6.0 змяніўся сінтаксіс канфігурацыйнага файлу"
"Action.OCUpdated","Профіль разгону паспяхова абноўлены."
"Action.OCRemoved","Профіль разгону паспяхова выдалены"
"Worker added","Воркер даданы"
"Worker removed","Воркер выдалены"
"Worker updated successfully","Воркер паспяхова абноўлены"
"Password successfully updated","Пароль паспяхова зменены"
"Worker has been transferred","Воркер быў перанесены"
"Action.RemoveAllWorkersMessages","Усе паведамленні ад усіх воркераў былі выдаленыя"
"Action.NowFarmYours","Зараз ферма належыць вам"
"Action.RequestRejected","Запыт быў паспяхова адхілены"
"Action.LoginInvalid","Несапраўдны логін"
"Action.KeyUpdated","API KEY абноўлены"
"Action.KeyRemoved","API KEY выдалены"
"Action.KeyAdded","API KEY даданы"
"Action.YouUnsubscribed","Вы паспяхова адпісаліся"
"Action.YouSubscribed","Вы паспяхова падпісаліся"
"Action.WorkerUpdated","Воркер паспяхова абноўлены"
"Url","URL"
"Should be selected at least one server","Варта абраць хаця б адзін сервер"
"Filed is required","Поле абавязковае для запаўнення"
"NewRig","Падобна на нешта новае! Давайце 🚀 да 🌕"
"NewRig.Read","Калі ласка, прачытайце"
"NewRig.Read2","кіраўніцтва па ўсталёўцы"
"NewRig.Read3","пра тое, як наладзіць вашага воркера"
"or","або"
"InfoWorker.Password","Пароль павінен утрымліваць 1 ці болей сімвалаў"
"discount","зніжка"
"RemoveWorkerModal.Text1","Вы збіраецеся выдаліць воркераў"
"RemoveWorkerModal.Text2","Аддаленыя воркеры НЕ МОГУЦЬ быць адноўлены! Вы АБСАЛЮТНА ўпэўнены?"
"RemoveWorkerModal.Text3","Гэта можа прывесці да страты дадзеных. Каб прадухіліць выпадковыя дзеянні, мы просім вас пацвердзіць свой намер"
"Workers removed","Воркеры выдаленыя"
"Shut down worker?","Выключыць воркер?"
"Shut down workers?","Выключыць воркеры?"
"High Load Avg.","Вялікая нагрузка"
"Payments.PricePerRig","Кошт за рыг"
"Payments.PricePerAsic","Кошт за ASIC"
"30 minutes","30 хвілін"
"1 hour","1 гадзіна"
"From farm balance","З балансу фермы"
"Connect via","Падлучыцца праз"
"ConsoleCommand.Hello","Павітайцеся з серверам для абнаўлення дадзеных"
"ConsoleCommand.Dmesg","Адлюстраваць інфармацыю аб загрузцы ядра і драйвэрах"
"ConsoleCommand.BminerApi","Адлюстраваць інфармацыю аб Bminer API"
"ConsoleCommand.CgminerApi","Адлюстраваць інфармацыю аб cgminer API"
"ConsoleCommand.Selfupgrade","абнавіць да апошняй вэрсіі"
"ConsoleCommand.InnosiliconEnableCron","уключыць перазапуск cgminer адзін раз на 24 гадзіны (толькі для Іnnosilicon)"
"YourFunds","Вашыя сродкі"
"FarmBalance","Баланс фермы"
"RefillBalance","Папоўніць баланс"
"RefillMethod","Абраць метад для папаўнення"
"Coinpayments","Выплаты манет"
"MyDeposit","Мой дэпазіт"
"OtherFarms","Іншыя фермы"
"Referal","Рэферал"
"AddFee","Дадаць камісію за перавод"
"WhatIsFee","Што азначае камісія за транзакцыю"
"RefillFromDeposit","Вы можаце залічыць да фермы з вашага дэпазіту"
"BillingInformation","Білінгавая інфармацыя абнаўляецца штодзённа"
"DownloadInvoiceInfo","Вы можаце спампаваць рахунак за абраны тэрмін"
"PaidFeatures","Платныя функцыі"
"PaidFeaturesSSL","Зашыфраванае злучэнне з API праз HTTPS"
"PaidFeaturesStats","Адлюстраваная статыстыка за апошнія 3 месяцы выкарыстання, у параўнанні з апошнімі неаплачанымі 3-мя днямі"
"Invoices","Рахункі"
"PaidFeaturesEnabled","Платныя функцыі ўключаныя"
"PaidFeaturesDisabled","Платныя функцыі адключаныя"
"Payer","Плацельшчык"
"PayerInfo","Вы можаце ўсталяваць іншага карыстальніка, адказнага за аплату вашага рахунку ды фермаў, што належаць вам. Гэты карыстальнік можа быць вашым спонсарам, ад якога патрабуецца ўсяго толькі мець доступ для аплаты вашых фермаў."
"PayerTransfer","Перадаць у адказнасьць рахункі фермаў"
"PayerUser","Усталяваць іншага карыстальніка ў якасьці плацельшчыка"
"Debt","Доўг"
"AutomaticWithdraw","Вашыя сродкі будуць аўтаматычна здымацца ў памеры ад штодзённага выкарыстання грашовых сродкаў пасля дасягнення нулявога балансу."
"Use deposit, $","Выкарыстоўвайце дэпазіт, $"
"TransferPaymentOwnership","Вы можаце перадаць аплату вашых уласных фермаў іншым людзям"
"ManualyTransfer","Вы можаце ўручную перавесці сродкі з Вашага дэпазіту на нейкую ферму або карыстальніка."
"YourDepositUsage","Ваш дэпазіт выкарыстоўваецца змоўчна для ўсіх фермаў, дзе вы з'яўляецеся ўладальнікам"
"RefillDeposit","Папоўніце дэпазіт"
"BillingFAQ","ЧаПы па білінгу"
"IncomingPayerRequest","Ці згодныя Вы плаціць за наступныя фермы?"
"Action.TransferPayerRole","Запыт на змену плацельшчыка адасланы"
"Billing.transferTargetPayerText","Вы ўжо адаслалі запыт на змену плацельшчыка"
"AutoFans.CriticalAction","Critical Action"
"AutfanTTHint","Autofan controls fans. Claymore -tt values are ignored."
"GPURedTemp","GPU Temperature"
"AsicRedTemp","ASIC Temperature"
"MonitorThreshold","Monitor Threshold"
"SignIn","Sign In"