"link","enlace"
"An error has occurred. Please, try again later","Ha ocurrido un error. Int√©ntalo de nuevo m√°s tarde"
"Action.FlightSheetRemoved","Hoja de Vuelo eliminada exitosamente"
"Action.FlightSheetCreated","Hoja de vuelo creada correctamente"
"Command sent","Comando enviado"
"Action.TransferFarm","Se ha enviado una solicitud de cambio de propietario"
"Settings updated","Configuraciones actualizadas"
"Tag added","Etiqueta agregada"
"Tag edited","Etiqueta editada"
"Tag removed","Etiqueta eliminada"
"Wallet added","Cartera agregada"
"Wallet edited","Cartera editada"
"Wallet removed","Cartera eliminada"
"Collaborator added","Usuario de confianza agregado"
"Collaborator removed","Usuario de confianza eliminado"
"Collaborator edited","Usuario de confianza editado"
"Action.LeftFarm","Has salido de la granja"
"Action.UpdateFs","Hoja de vuelo correctamente actualizado. Los mineros sin conexi√≥n necesitar√°n reiniciarse para ver los cambios"
"Action.AddOC","Perfil de overclocking creado con √©xito"
"Action.RefillFarm","Saldo de la granja referidos"
"Action.ErrorServerRequest","Ha ocurrido un error. Int√©ntalo de nuevo m√°s tarde"
"Error","Error"
"Action.SendPromocode","Se suscribi–ì—ñ con –ì¬©xito"
"Action.PatchToken","Token actualizado con –ì¬©xito"
"Action.AddToken","Token creado con –ì¬©xito"
"Action.DeleteToken","Token revocado con –ì¬©xito"
"Promocode successfully sended","Promocodigo enviado correctamente"
"Action.UpdatePayoutAddresses","Direcci–ì—ñn modificada correctamente"
"Action.PayoutToAccount","El saldo de su cuenta se actualizo con √©xito"
"Action.SetPassword","Contrase√±a actualizada con √©xito"
"2FA enabled","2FA habilitado"
"2FA removed","2FA eliminado"
"NVIDIA","NVIDIA"
"Apply","Aplicar"
"Confirm","Confirmar"
"TelegramSubscribe","Ingrese el alias de telegrama para suscribirse"
"Enter code to confirm","Ingrese el c√≥digo para confirmar"
"Subscribe","Suscribir"
"Remove","Eliminar"
"Are you shure?","¬øEst√°s seguro?"
"Edit","Editar"
"temp","Temperatura"
"Farms","Granjas"
"workers","Mineros"
"ethash","ethash"
"CriticalIssues",""
"Off","Apagado"
"30 seconds","30 segundos"
"1 minute","1 minuto"
"2 minutes","2 minutos"
"5 minutes","5 minutos"
"AutoRefresh","Temporizador autom√°tico de p√°gina"
"All","Todo"
"Cancel","Cancelar"
"Download VBIOS","Descargar VBIOS"
"GPU index","√çndice de GPU"
"NotGPUDifferent","Nota: el √≠ndice de GPU puede ser muy diferente de la orden de minero a la orden de bus PCI"
"Download","Descargar"
"Apply Changes","Aplicar cambios"
"WalletWorkTemplate","Plantilla de cartera y minero:"
"Pass:","Pase-:"
"Extra config arguments:","Argumentos de configuraci√≥n adicionales-"
"Pool URL:","Direcci√≥n de la Piscina"
"Miner Fork:","Miner Fork:"
"Hash algorithm:","Algoritmo Hash:"
"Extra params for pool:","Par–ì–émetros adicionales para la Piscina:"
"Extra arguments for miner:","Argumentos adicionales para minero-:"
"Version:","Versi√≥n"
"Template examples:","Ejemplos de plantillas:"
"for most of the pools","para la mayor–ì¬≠a de las Piscinas"
"Intensity, -dcri 0...100","Intensidad, -dcri 0...100"
"claymore","claymore"
"epools.txt template:","Plantilla de epools.txt:"
"dpools.txt template:","Plantilla de dpools.txt:"
"Claymore config override:","Anular configuraci–ì—ñn de Claymore-:"
"Example for nanopool:","Ejemplo para nanopool:"
"Example for nicehash:","Ejemplo para nicehash:"
"Second coin algo","Segunda moneda algo"
"Config override:","Anulaci–ì—ñn de configuraci–ì—ñn:"
"Pool server:","Servidor de Piscina:"
"Port:","Puerto:"
"index","inicio"
"AMD config override:","Anulaci√≥n de configuraci√≥n AMD:"
"Nvidia config override:","Anulaci√≥n de configuraci√≥n de Nvidia:"
"CPU config override:","Anulaci√≥n de configuraci√≥n de CPU"
"Errors","Errores"
"last 24 hours","√∫ltimas 24 horas"
"Workers with errors","Mineros con errores"
"No errors found","No se encontraron errores"
"Show","Mostrar"
"Overclocking","Overclocking"
"Coins","Monedas"
"Pools","Piscinas"
"Miners","Mineros"
"Select pools","Seleccionar Piscinas"
"Select miners","Seleccionar Mineros"
"Select coin","Seleccionar Monedas"
"Select overclocking","Seleccionar overclocking"
"by","por"
"View payload","Ver carga √∫til"
"Add Wallet","Agregar cartera"
"Red Temperature","Temperatura m√°xima"
"Trust user","Usuario de confianza"
"Add Worker","Agregar minero"
"FarmNavCleanWorkers","Eliminar todos los mensajes de los mineros"
"Save","Guardar"
"FarmTempHeader.ASICCriticalTemperature","Temperatura cr–ì¬≠tica ASIC"
"Ask a question","Haga una pregunta"
"Report an issue","Informar un problema"
"Tags","Etiquetas"
"Wallets","Monederos"
"Platform","Plataforma"
"Run","Iniciar"
"Wallet","Monedero"
"Coin","Moneda"
"Pool","Piscina"
"Miner","Minero"
"Select pool","Seleccionar piscina"
"Select miner","Seleccionar minero"
"Select wallet","Seleccionar cartera"
"Configure Pool","Configurar piscina"
"Setup Miner Config","Preparar configuracion de minero"
"Dual Coin","Doble Moneda"
"Dual Wallet","Doble Monedero"
"Dual Pool","Doble piscina"
"Configure in miner","Configurar en minero"
"Update","Actualizaci√≥n"
"Add New Flight Sheet","Agregar nueva hoja de vuelo"
"Reset","Restablecer"
"Create Flight Sheet","Crear hoja de vuelo"
"Add Miner","Agregar minero"
"Email","Correo electr√≥nico"
"worker","Minero"
"selected","Seleccionado"
"FlightSheetsRocket.Message","¬øDesea aplicar la Hoja de vuelo actual?"
"Choose Flight Sheet for","Elegir hoja de vuelo para"
"Your Company","Su empresa"
"Home","Casa"
"Admin","Administrador"
"Privacy","Privacidad"
"Not Found","No encontrado"
"off","Apagado"
"No","No"
"min","min"
"Remote","Remoto"
"Consumption","Consumo"
"AES","AES"
"Cores","N√∫cleos"
"Motherboard","Placa madre"
"Free space","Espacio libre"
"Free RAM","RAM libre"
"OS version","version OS"
"Drivers","Drivers"
"Yes","Si"
"System type","Tipo de sistema"
"Kernel","Kernel"
"Local IP","IP Local"
"Load Average","Promedio de carga"
"rigs","rigs-"
"Jump to farms, workers...","Salta a las granjas, a los mineros..."
"Notifications","Notificaciones"
"unread","no le√≠do"
"Show all","Mostrar todo"
"No notifications yet","No hay notificaciones todav√≠a"
"View geo location","Ver ubicaci√≥n geogr√°fica"
"from","desde"
"Accept","Aceptar"
"Decline","Declinar"
"Term expires in","El plazo expira en"
"Enter value","Introducir valor"
"Generate","Generar"
"Enter start date","Ingresar fecha de inicio"
"Start date","Fecha de inicio"
"End date","Fecha de finalizaci–ì—ñn"
"Enter end date","Ingresar fecha de finalizaci–ì—ñn"
"Name","Nombre"
"Create","Crear"
"Russian","Ruso"
"Chinese","Chino"
"English","Ingl√©s"
"NoActiveFound","No se han encontrado actividades hasta ahora"
"all activities","todas las actividades"
"Latest Activity","Actividad m√°s reciente"
"Load","Cargar"
"warning","dstm 0.6.0 hab–ì¬≠a cambiado la sintaxis de configuraci–ì—ñn"
"Previous","Anterior"
"Next","Siguiente"
"configuration","configuraci√≥n"
"MiningInfo","Ejecutar hoja de vuelo"
"Account","Cuenta"
"Sign Out","Cerrar sesi–ì—ñn"
"Billing","Facturaci√≥n"
"Support","Soporte"
"Community","Comunidad"
"Forum","Foro"
"Referrals","Referencias"
"NoRightsMessage","Lo siento, no tienes suficientes permisos para ver esta p√°gina"
"to","hasta"
"Login","Iniciar sesi√≥n"
"access","acceso"
"Notification.EventChanged","Notificaci√≥n de evento cambiado"
"Notification.AccessChanged","Acceso cambiado par"
"Notification.WhitelistChanged","Lista blanca cambiada"
"Account.NotificationDescription6","Puedes agregar este bot a un grupo de chat para que varios administradores puedan monitorear a los mineros. Crea tu grupo y agrega 'hiveosbot' como miembro all√≠. El c√≥digo de chat es negativo para grupos, algo as√≠ como '-12345 '."
"Account.NotificationDescription1","Inicie un nuevo chat con este bot."
"Account.NotificationDescription2","El bot responder√° y ver√°s tu C√ìDIGO que deber√≠as en el campo correcto. Algo as√≠ como '12345'"
"Account.NotificationDescription3","Su inicio de sesi–ì—ñn es"
"Account.NotificationDescription4","Enviar un comando al bot"
"Account.NotificationDescription5","y se suscribir√° a su cuenta para recibir notificaciones."
"Update Settings","Configuraci√≥n de actualizaci√≥n"
"Fan","Ventilador"
"Core Clock","Reloj principal"
"Memory Clock","Reloj de memoria"
"Power Limit","L√≠mite de potencia"
"(0 for auto)","(0 para auto)"
"(0 for stock value)","(0 para el valor de stock)"
"NvidiaCardFrom.SpecifyDevice","Especifique qu√© dispositivo debe alimentar nuestra soluci√≥n principal, --revA"
"NvidiaCardFrom.MemClock","Por lo general, este valor es el doble de lo que ves en AfterBurner. Por ejemplo, si en Windows es + 800Mhz, aqu√≠ debes escribir 1600."
"NvidiaCardFrom.OffLED","Apaguar los LED (puede que no funcionen en algunas tarjetas)"
"OhGodAnETHlargementPill","OhGodAnETHlargementPill"
"ValueCardSeparatedSpace.","Puede especificar un valor para todas las tarjetas o una lista de valores para cada tarjeta separada por espacio."
"one value for all GPUs.","un valor para todas las GPU."
"means GPU0 = none, GPU1 = 100, etc.","significa GPU0 = ninguno, GPU1 = 100, etc."
"Configure","Configurar"
"Overclocking Settings","Configuraci√≥n de overclocking"
"OverclockingProfileModal.Text","Elige perfiles de overclocking para"
"ApplyOverclockProfile","–í—óDesea aplicar el perfil actual de Overclocking?"
"Invalid Shares","Acciones no v√°lidas"
"Show all payments","Mostrar todos los pagos"
"No payments yet","Sin pagos todav√≠a"
"Pool address","Direcci–ì—ñn de la piscina"
"Select pool address","Direcci√≥n de la piscina"
"Add New Pool","Agregar nueva piscina"
"Enter email","Ingresar correo electr√≥nico"
"Select Pool Server","Seleccionar servidor de piscina"
"Selected Pool Servers","Servidores de piscina seleccionados"
"on","encendido"
"rights","derechos"
"Workers","Mineros"
"Balance","Saldo"
"Shared with me","Compartido conmigo"
"Timezone","Zona horaria"
"Create New Farm","Crear nueva granja"
"Select timezone","Seleccionar zona horaria"
"Input farm name","Ingresar el nombre de la granja"
"Mem State","Estado memoria"
"Core Voltage","Voltaje del n–ì—îcleo"
"Core State","Estado central"
"RadeonCardFrom.fanSpeed2","en anulaci√≥n de configuraci√≥n claymore.-"
"RadeonCardFrom.fanSpeed1","Puedes configurar la velocidad del ventilador pero el minero (claymore) lo controlar√° de todos modos. Debes desactivar el control del ventilador en la configuraci√≥n de miner para que esto funcione. Poner"
"RadeonCardFrom.memState.text3","Debe usar este par√°metro con la configuraci√≥n 'Reloj Memoria'"
"RadeonCardFrom.memState.text2","Tarjetas RX se sabe que tienen 1 o 2 estados de memoria (en realidad 3 incluyendo 0 estado inactivo). Por defecto, se seleccionar√° el estado m√°s alto. Pero se sabe que algunas tarjetas raras no soportan bajor voltios en el estado m√°s alto y requieren seleccionar una m√°s bajo. Por ejemplo, el valor m√°s alto es 2 y para bajor voltios debe establecer el estado 1."
"RadeonCardFrom.memState.text1","Este es un par√°metro muy avanzado. Prueba esto si hay problemas con bajor voltios. Si funciona, no toques esto."
"RadeonCardFrom.coreVddc.text5","desde la tabla VBIOS."
"RadeonCardFrom.coreVddc.text4","que significa mV o valores como"
"RadeonCardFrom.coreVddc.text3","Puede establecer valores como"
"RadeonCardFrom.coreVddc.text2","el estado se usar√° para configurar el voltaje."
"RadeonCardFrom.coreVddc.text1","Esto es obligatorio si intentas bajor voltios de tu tarjeta. Y DEBES establecer 'Estado central' o por defecto"
"RadeonCardFrom.coreState.text4.","Baje el valor a bajor voltios."
"Default is","El valor predeterminado es"
"RadeonCardFrom.coreState.text2","DPM (Administraci√≥n de energ√≠a Din√°mico)"
"RadeonCardFrom.coreState.text1","Esto es necesario si intentas bajor voltios de su tarjeta. Debes usar este par√°metro con la configuraci√≥n 'Reloj de n√∫cleo' y 'Voltaje del n√∫cleo'."
"RadeonCardFrom.coreClock.text2","If 'Core State' is unset, then the default, Si 'Estado central' no est√° configurado, entonces el valor predeterminado"
"RadeonCardFrom.coreClock.text1","Establecer el reloj central aqu–ì¬≠, un buen valor estar cerca"
"RadeonCardFrom.coreClock.text3","estado se utilizar√° para configurar el reloj."
"Refill","Referido"
"balance","saldo"
"per month","por mes"
"Recommended payment is","El pago recomendado es"
"From balance","Del saldo"
"With Coinpayment","Con Coinpayments"
"Console","Consola"
"Execute command","Ejecutar comando"
"Wrong command","Comando incorrecto"
"Remove all messages?","¬øEliminar todos los mensajes?"
"EDIT","EDITAR"
"Overview","Descripci√≥n general"
"Cards","Tarjetas"
"CONSOLE","CONSOLA"
"Offline","Sin conexi√≥n"
"Booted","Arranque"
"Uptime","Tiempo de actividad"
"TRANSFER","TRANSFERIR"
"Monitoring","Monitor"
"Reboot","Reiniciar"
"Miner Config","Configurar minero"
"Rocket","Cohete"
"Upgrade","Actualizar"
"Shutdown","Apagar"
"OpenVPN configuration","Configuraci√≥n de OpenVPN"
"Power actions","Acciones de energia"
"Server URL","URL del servidor"
"Edit tags","Editar etiquetas"
"Miner actions","Acciones del minero"
"Teleconsole Start","Inicio de la Teleconsola"
"Teleconsole Stop","Parada de la Teleconsola"
"Teleconsole Restart","Reinicio de la Teleconsole"
"Hashrate watchdog","Perro guardi√°n Hashrate"
"Run command","Ejecutar comando"
"Miner Log","Registro de Minero"
"Stop Miner","Detener Minero"
"Restart Miner","Reiniciar Minero"
"Remote access","Acceso remoto"
"more messages","m√°s mensajes"
"Add","A√±adir"
"Password","Contrase√±a"
"Description","Descripci√≥n"
"Add New Worker","Agregar nuevo‚Äã minero"
"RigForm.EnterWorkerName","Ingrese el nombre del minero"
"RigForm.EnterWorkerPassword","Ingrese la contrase√±a del minero"
"RigForm.EnterWorkerDescription","Ingrese la descripci√≥n del minero"
"rejected","rechazado"
"shared","compartido"
"Upgrade to","Actualizar a"
"New features","Nuevas caracter√≠sticas"
"New version","Nueva versi√≥n"
"Current version","Versi√≥n actual"
"SaveOCModal","SaveOCModal"
"Enter Name","Ingrese nombre"
"SaveOverclockingAsTemplate.Name","Nombre de perfil de overclocking"
"SaveOverclockingAsTemplate.Title","Guardar Overclocking como Plantilla"
"Set","Modificar"
"Default","Defecto"
"Choose URL","Elige URL"
"ServerUrlFrom.Help3","¬°Ten cuidado! Siempre prepare el acceso f√≠sico o de red (SSH) al minero antes de cambiar esta configuraci√≥n. Si el minero no puede conectarse a la URL seleccionada, se desconectar√° de {os}. La URL se guarda en /hive-config/rig.conf donde puede editarlo manualmente."
"ServerUrlFrom.Help2","Si lo deja como 'Predeterminado', {os} OS puede decidir d√≥nde conectarse. Generalmente ser√° el primero en la lista."
"ServerUrlFrom.Help1","Si tiene problemas para conectar al servidor colmena de su minero y tiene a menudo eventos sin conexi√≥n / en l√≠nea falsos, puede intentar elegir una URL de conexi√≥n de servidor diferente. A veces hay un problema con el firewall (el suyo o el ISP) y el puerto de conmutaci√≥n ayudar√≠a."
"Mirror Select","Seleccionar servidor"
"Stats","Estad√≠sticas"
"gpu","gpu"
"for 24 hours","durante 24 horas"
"View all","Ver todo"
"day","d√≠a"
"Day left","D√≠a restante"
"Days left","D√≠as restantes"
"New Tag Name","Nuevo nombre de etiqueta"
"Add Tag","Agregar Etiqueta"
"Add tag","Agregar etiqueta"
"Explore transaction","Explorar transacci√≥n"
"Referrals.TransactionsNotFound","Sin transacciones todav√≠a"
"Upload VBIOS","Cargar VBIOS"
"VBIOS ROM file","Archivo ROM VBIOS"
"UploadingBiosFromLabel","Forzar el flasheo independientemente o comprobaci√≥n de seguridad"
"Upload","Subir"
"VPN.ClientConf","client.conf (con los certificados)"
"Login (auth-user-pass)","Iniciar sesi√≥n (auth-user-pass)"
"Password (auth-user-pass)","Contrase√±a (auth-user-pass)"
"Address","Direcci√≥n"
"Enter wallet address","Ingrese la direcci√≥n del monedero"
"Enter wallet name","Ingrese el nombre del monedero"
"Accepted shares ratio","Proporci√≥n de acciones aceptadas"
"Invalid shares","Acciones inv√°lidas"
"High Temperature","Alta temperatura"
"Low hashrate","Bajo hashrate"
"cores","n√∫cleos"
"Hive OS Version:","Versi√≥n {os}"
"Power:","Energ–ì¬≠a:"
"Free disk space:","Espacio libre en disco:"
"Restart","Reiniciar"
"Stop","Detener"
"Shut Down","Apagar"
"Overclocking templates","Perfiles de overclocking"
"WorkerActions.Upgrade","¬øDesea actualizar los mineros a la √∫ltima versi√≥n del sistema operativo?"
"WorkerMiner.Tooltip","Aceptado Rechazado Inv√°lido, no aceptado"
"NoStatsFoundSoFar","No se encontraron estad–ì¬≠sticas hasta el momento"
"Delete","Borrar"
"You can","Usted puede"
"create one","crea uno"
"FarmsAccess.NoUsersFound","No se encontraron usuarios hasta el momento."
"Owner","Due√±o"
"Access Levels","Niveles de acceso"
"User name","Nombre de usuario"
"UserEditForm.GrantAccessProject","Conceder acceso al proyecto"
"Grant access","Autorizar√° el acceso"
"Access Levels...","Niveles de acceso..."
"User login","Inicio de sesi–ì—ñn de usuario"
"ProjectAccess.TrustUserDescription","Puede otorgar acceso de control a su granja a otros usuarios; por ejemplo, podr√≠a otorgar privilegios de acceso total a sus administradores para que administren todo en su lugar. O puede otorgarle a su personal t√©cnico los privilegios de acceso de Monitor de solo lectura que realizan un mantenimiento y monitoreo sencillos y m√°s."
"Profile","Perfil"
"Telegram","Telegram"
"here","aqu√≠"
"Bio","Bio"
"Update Info","Actualizar informaci–ì—ñn"
"Company Info","Informaci√≥n de la compa√±√≠a"
"Skype","Skype"
"Phone","Tel√©fono"
"API docs are","Los documentos API son"
"Account.SetupTFAuth","Configurar la autenticaci√≥n de dos factores"
"Account.TFAuth","Two-factor Authentication"
"Update Password","Actualiza contrase√±a"
"Confirm New Password","Confirmar nueva contrase√±a"
"Account.PasswordError","La contrase√±a debe tener 8 o m√°s caracteres."
"New Password","Nueva contrase√±a"
"Current Password","Contrase√±a actual"
"Full Name","Nombre completo"
"Account.ProfileSettings.Header","Configuraci–ì—ñn del perfil"
"Language","Idioma"
"Account.BIODescription1","Informaci√≥n adicional sobre usted."
"Account.BIODescription2","Es opcional."
"Account.AuthenticationDecstiption","Habilite para darle a su cuenta de {os} una capa adicional de seguridad."
"Account.PasswordDescription","Cambiar tu contrase√±a, tambi√©n restablecer√° tu clave API."
"Account.ProfileDescription","Su inicio de sesi√≥n es su identidad en {os}, se utiliza para iniciar sesi√≥n."
"6 digits code","C√≥digo de 6 d√≠gitos"
"Enable 2FA","Habilitar 2FA"
"Turn off 2FA","Apagar 2FA"
"Account.AuthenticationTokenButton","Generar nuevo API-token"
"Authentication Tokens","Autenticaci√≥n Tokens"
"Account.AuthenticationToken","All√≠ puedes gestionar tus fichas api personales. Puede generar uno nuevo para su tercera aplicaci√≥n lateral. O elimine la sesi√≥n abierta"
"Personal Tokens","Personal Tokens"
"Session Tokens","Sesi√≥n Tokens"
"Authy","Autenticaci√≥n"
"Account.AuthenticationTwoFactor3","se puede instalar en varios dispositivos, incluido el escritorio."
"Account.AuthenticationTwoFactor4","Escanee el c√≥digo con su c√°mara e ingrese el siguiente c√≥digo."
"Farm Activity Feed","Actividad de la Granja"
"Pay","Pago"
"Payments","Pagos"
"Amount to refill, $","Cantidad para referidos, $"
"Your Current Balance","Su saldo actual"
"Payments History","Historial de pagos"
"Farms Balance","Saldo de la granjas"
"Free","Gratis"
"Invoice","Factura"
"days left","D√≠as restantes"
"Disable Paid Features","Deshabilitar caracter√≠sticas pagos"
"Enable Paid Features","Habilitar funciones de pagos"
"Log in","Iniciar sesi√≥n"
"Return to","Volver como"
"Reset password","Restablecer la contrase√±a"
"Type email to recover password","Escriba el correo electr√≥nico para recuperar la contrase√±a"
"Error.Text","Lo sentimos, ocurri√≥ un error cr√≠tico en esta p√°gina"
"Just one step!","¬°Solo un paso!"
"create wallet","Crear cartera"
"first!","¬°primero!"
"Farm.FarmsFs.Description","Para administrar Hojas de vuelo necesita"
"FarmOC.EmptyMessage","No se encontraron perfiles de overclocking hasta ahora. Usted puede"
"Add OC Template","Agregar perfil OC"
"Incoming farms","Granjas entrantes-"
"Log in your account","Inicie sesi√≥n en su cuenta"
"2FA code (if enabled)","c√≥digo 2FA (si est√° habilitado)"
"Remember me","Recu√©rdame"
"Forgot password?","¬øOlvid√≥ su contrase√±a?"
"Register","Registro"
"Don't have account yet?","¬øA√∫n no tiene una cuenta?"
"Referral Link","Enlace de referido"
"Referral.ReferralLink1","Pon este enlace en todos los lugar que puedas y la gente lo presionara, si siguen este enlace. Despu√©s de que se registren, obtienes"
"Your referral","Sus Referidos"
"Copy to Clipboard","Copiar al portapapeles"
"Promo Code","C√≥digo de promoci√≥n"
"Referral.PromoCodeDescription1","A veces no puedes dar tu enlace a las personas. Aqu√≠ puedes generar tu c√≥digo de promoci√≥n √∫nico como 'MIKESHIVE' o 'SAVEBUCKSFORLAMBO'. Si eres vendedor de hardware o tienda de servicio o cualquier otro sin conexi√≥n esto puede funcionar para usted. Para motivar a los clientes a registrarse con su c√≥digo, {os} depositar√°"
"Referral.PromoCodeDescription2","a su cuenta una vez que lo hacen"
"ETH Wallet Address","Direcci√≥n de cartera ETH"
"Referral Balance","Saldo de referido"
"Deposit to Hive","Saldo de {os}"
"ReferralTransactionsHistory","Historial de transacciones de referido"
"Referral.BalanceDescription2","Especifique su direcci√≥n de cartera ETH para pagos autom√°ticos al principio de cada mes."
"Referral.BalanceDescription1","mineros unidos por su invitaci√≥n."
"Referral.BalanceDescription3","Las retiradas de remisi√≥n se realizan una vez al mes. Se le pagar√° si ha establecido la direcci√≥n aqu√≠."
"Referral.BalanceDescription4","El pago m√≠nimo es de 25$ en total."
"Referral.BalanceDescription5",""
"Referral.PromoCodeYoungAccount","Su cuenta es muy reciente para usar c√≥digos promocionales."
"Referral.BalanceDescription","A√∫n no tiene recompensas de referidos."
"Passwords do not match","Las contrase√±as no coinciden"
"Create new account","Crear nueva cuenta"
"Confirm password","Confirmar contrase√±a"
"Register.CheckboxLabelText","Al hacer clic en Registrarse, usted acepta"
"Terms","T√©rminos"
"Register.HaveAccount","¬øYa tienes cuenta?"
"RestorePassword.Message","Contrase√±a de env√≠o correcta, verifique su correo electr√≥nico"
"Remove all","Eliminar todo"
"Id","Id"
"Activity Feed","Monitor de actividad"
"Build Log","Iniciar registro"
"Other","Otro"
"Flight Sheet","Hoja de vuelo"
"Flight Sheets","Hojas de vuelo"
"FlightSheets.Message","Para comenzar a minar, seleccione Hoja de Vuelo!"
"StartConfOverclocking","Iniciar configuraci√≥n de overclocking"
"Flash VBIOS","Flash VBIOS"
"OverclocingSettingsFoundSoFar","No se encontraron configuraciones de overclocing hasta ahora."
"Load From Template","Cargar desde plantilla"
"Save As Template","Guardar como plantilla"
"Reset All","Restablecer todo"
"Configure New Algo","Configurar nuevo Algo"
"Transfer","Transferencia"
"Advanced Settings","Configuraci√≥n avanzada"
"Confirmation required","Se requiere confirmaci√≥n"
"Settings.RemoveProject2","¬°El proyecto eliminado NO PUEDE ser restaurado! ¬øEst√°s ABSOLUTAMENTE seguro?"
"Settings.RemoveProject3","Esta acci√≥n puede conducir a la p√©rdida de datos. Para evitar acciones accidentales, le pedimos que confirme su intenci√≥n"
"Please type","Por favor escriba"
"Settings.RemoveProject4","para continuar o cerrar este modo para cancelar-."
"Settings.RemoveProject1","Vas a eliminar minero"
"Remove Worker","Eliminar minero"
"Settings.RemovedWorker","¬°El minero eliminado no se puede restaurar!"
"Update Worker","Actualizar Minero"
"Worker Name","Nombre del Minero"
"Worker Settings","Configuraci–ì—ñn del Minero"
"OpenVPN Config","Configuraci–ì—ñn de OpenVPN"
"Are you sure?","¬øEst√°s seguro?"
"Worker Password","Contrase√±a del Minero"
"Settings.ChangePass1","Si cambia la contrase√±a solo en la base de datos y hay un minero activo us√°ndola, el minero se desconectar√°."
"Settings.ChangePass2","Cambie la contrase√±a en DB e intente cambiarla en el minero. Intentar√° cambiar la contrase√±a en el minero en l√≠nea. La contrase√±a se cambiar√° solo despu√©s de la notificaci√≥n del minero."
"Settings.ChangePass3","Cambiar la contrase√±a en DB solamente. El minero con la contrase√±a actual estar√° fuera de l√≠nea."
"Transfer Worker","Transferir Minero"
"Settings.WalletTransferFarm","Mover minero a otra granja"
"Settings.RemoveProject5","¬øQuieres eliminar minero?"
"Settings.WalletTransfer","La cartera no se transfiere con el minero. Despu√©s de realizar esta trasferencia, aplique la carteras de la otra granja."
"Settings.ConfirmTransferWorker","¬øQuieres transferir el minero?"
"Select farm","Seleccionar granja"
"Settings.TransferWorker","La hoja de vuelo no se copia con el minero. Por favor, aplique la hoja de vuelo en una nueva granja despu√©s del traspaso."
"Transfer Worker?","¬øTransferir Minero?"
"Tuning","Tuning"
"Worker","Minero"
"Online","En l√≠nea"
"With Errors","Con errores"
"Hide filters","Ocultar filtros"
"Show filters","Mostrar filtros"
"with","con"
"Name changed","Nombre cambiado"
"Farm settings","Configuraci–ì—ñn de la granja"
"Settings.MargeProject","Solo puede fusionar el proyecto con otro que administre."
"Merge Project","Unir Proyecto"
"Transfer Project","Transferir Proyecto"
"Type project name","Escriba el nombre del proyecto"
"Select user login","Seleccionar usuario de inicio de sesi√≥n"
"Remove Project","Eliminar proyecto"
"Farm.Setting.Text1","Vas a eliminar la granja"
"Type Project Name","Escriba el nombre del proyecto"
"You are going to merge farm","Vas a fusionar las granjas"
"Merged project CANNOT be restored!","¬°El proyecto fusionado NO PUEDE ser restaurado!"
"Are you ABSOLUTELY sure?","¬øEst√°s ABSOLUTAMENTE seguro?"
"Save Changes","Guardar cambios"
"Timezone changed","Zona horaria modificada"
"Farm changed","Granja cambi√≥"
"Farm.Settings.TagsDescription","Agrega tus etiquetas personalizadas para marcar a los mineros"
"Farm.Settings.RemoveDescription1","Al eliminar el proyecto se eliminar√° su repositorio y todos los recursos relacionados, incluidos los problemas, las solicitudes de fusi√≥n, etc."
"Farm.Settings.RemoveDescription2","¬°Los proyectos eliminados no se pueden restaurar!"
"Farm Title","T√≠tulo de granja"
"Remove Farm","Eliminar granja"
"Question.ChangeFarmOwner","¬øCambiar propietario de la granja?"
"ChangeOwnership","para cambiar la propiedad a"
"Leave Farm","dejar granja"
"Settings.LeaveFarm","Despu√©s de esto ya no tendr√°s acceso a esta granja"
"RemoveFarmAccess","para eliminar el acceso a la granja"
"Question.RemoveAccess","¬øDesea eliminar su acceso?"
"Question.RemoveFarm","¬øDesea eliminar la granja?"
"Question.LeaveFarm","¬øQuieres salir de la granja?"
"Farm.Setting.FarmHashDescription1","Farm hash se usa para conectar minerio a la granja sin pre-tratarlo en la web."
"Farm.Setting.FarmHashDescription2","Solo config√∫ralo"
"Farm.Setting.FarmHashDescription3","antes de la primera ejecuci√≥n."
"More details","M√°s detalles"
"Farm Hash","Velocidad de la Granja"
"Transfer farm","Transferir Granja"
"Farm.Setting.TransferDescription","Transferir granja a otro usuario. Ingrese el inicio de sesi√≥n del usuario existente que ser√° el nuevo propietario de la granja."
"No wallets found so far.","No se encontraron cartera hasta ahora."
"FlightSheetForm.NamePlaceholder","Ingrese el nombre de la hoja de vuelo"
"FSFormItem.DcriHelp","Decred/Siacoin/Lbry/Pascal intensidad. El valor predeterminado es 30. Para PASC, el valor razonable es alrededor de 10, para SIA es alrededor de 15. Los valores m√°s altos provocar√°n un men√∫ desplegable en la extracci√≥n de ETH."
"PoolConfigModal.Advanced","Configuracion avanzada"
"PoolConfigModal.AdvancedHint","<strong>Ten cuidado.</strong> Cada url debe ser una nueva l√≠nea."
"PoolConfigModal.PoolUrls","Ingres URL"
"FS.ConfiguredInMiner","Configurado en minero"
"AutoFan","Ventilador auto"
"Token","Token"
"PageNotFound","Lo sentimos, esta p√°gina no existe"
"ConfirmPassword.Message","Introduzca la nueva contrase√±a y el token que se envio a su correo electr√≥nico"
"Ethminer.OpenCLCudaHint","Elija la plataforma GPU para usar. Tenga en cuenta que el uso de OpenCL y CUDA juntos puede fallar. Intenta usar <code>--opencl-platform 1</code> o <code>0</code> en Parametros adicionales para que funcione."
"AllRedTemps.Hint","La temperatura se ti√±e de rojo por encima de estos valores"
"RedTemp.Hint","La temperatura ser√° de color rojo por encima de este valor"
"AutoFans.NoAMD","No controle las tarjetas AMD, solo Nvidia"
"AutoFans.Info","Habilitar el control de ventiladores. Mantendr√° la GPU cerca de la temperatura objetivo. La miner√≠a se detendr√° en la temperatura cr√≠tica. No se olvide de desactivar el control del ventilador en la minera de tarjetas de AMD."
"RadeonCardFrom.coreState.text3","o 'Nivel de potencia' del n√∫cleo de la GPU. Para tarjetas RX es un valor de"
"RadeonCardFrom.AggressiveUndervolting","Undervolting agresivo (establece OC para cada estado de DPM)"
"Settings.VPN","VPN no se puede cambiar ahora mismo. El comando se est√° ejecutando"
"VPN.HelpInfo","Los archivos se nombrar√°n como los siguientes, de modo que los certificados en client.conf se denominar√°n ca.crt, client.crt, client.key. Tambi√©n puede incrustar certificados en client.conf y cargar solo un archivo."
"Required filed","Campo requerido"
"Promocode","C√≥digo promocional"
"GPU","GPU"
"ASICS","ASICS"
"Account Login","Cuenta de Ingreso"
"Password changed","contrase√±a cambiada"
"Settings.transferTargetText","Ya ha enviado una solicitud de transferencia a"
"FarmTempHeader.GPUCriticalTemperature","Temperatura cr√≠tica de la GPU"
"Account.AuthenticationTwoFactor1","RESPALDA ESTE C√ìDIGO. La mejor manera es hacer una captura de pantalla e imprimirlo."
"Account.AuthenticationTwoFactor2","Si pierde el c√≥digo, no podr√° restaurar el acceso a la cuenta si pierde el dispositivo de autenticaci√≥n (su tel√©fono)."
"SelectAmd","Seleccione la tarjeta AMD"
"Activity","Actividad"
"Access","Acceso"
"Settings","Configuraciones"
"Unsubscribe","Darse de baja"
"File shouldn't be empty","El archivo no debe estar vac√≠o"
"TheLatestActivity","La √∫ltima actividad"
"Referal.EnterPromocode","Tu c√≥digo de promoci√≥n creativo aqu√≠"
"FlightSheetFrom.AddMiner","Si necesita ejecutar varios mineros"
"Settings.NotificationSubscribe","Usted no est√° suscrito."
"OverclockingAlgoFrom.Title1","Editar configuraci√≥n de overclocking"
"OverclockingAlgoFrom.Title2","Configure la configuraci√≥n de overclocking"
"NewWallet","Nueva cartera"
"EditWallet","Editar cartera"
"Settings.Notifications.AccountLogin","Cuenta de Ingreso"
"Settings.Notifications.DetectedWorkerOffline","Minero detectado sin conexi√≥n"
"Settings.Notifications.DetectedWorkerOnline","Detectado minero en l√≠nea"
"Settings.Notifications.WorkerBooted","Minero arrancado"
"Settings.Notifications.ErrorMessages","Error de mensajes"
"Settings.Notifications.WarningMessages","Mensajes de advertencia"
"Settings.Notifications.InfoMessages","Mensajes de informaci√≥n"
"Settings.Notifications.SuccessMessages","Mensajes de √©xito"
"Settings.Notifications.GPUTemp","GPU Temperatura >= Temperatura Roja + 3¬∞"
"Settings.Notifications.HourlySummary","Resumen horario"
"ConfirmTransferToHive.Title","¬øCu√°nto env√≠o depositar {os}?"
"ConfirmTransferToHive.ErrorMessage","No tienes suficiente cantidad"
"FS.ConfirmatioTitle","¬°Atenci√≥n! Esta Hoja de Vuelo se est√° ejecutando en otros minero"
"FS.ConfirmatioMessage","¬øDesea ejecutar como una nueva hoja de vuelo en este minero o actualizar con otros minero?"
"FS.UpdateAll","Actualizar todos los mineros"
"FS.CreateNewFS","Crear nuevos grupo"
"NvidiaCardForm.DelayPill","Demora en segundos antes de ejecutar la p√≠ldora"
"NvidiaCardForm.DelayPillHint","Puede ayudar a prevenir errores en algunas tarjetas 1080, intente establecer este valor en 120 y m√°s."
"WorkerSettings.CardsQuantityHint","El n√∫mero de tarjetas en el minero aument√≥ autom√°ticamente. Pero si necesita disminuirlos, actualice este par√°metro"
"WorkerSettings.CardsQuantityPlaceholder","Ingresar n√∫mero"
"Cards Quantity","Cantidad de tarjetas"
"WorkerSettings.DisableGUI","Deshabilitar la GUI en el arranque"
"WorkerSettings.DisableGUIHint","No inicie el servidor X, solo la consola, no OC para Nvidia"
"WorkerSettings.Resend","Reenviar todas las configuraciones"
"WorkerSettings.ResendHint","En caso de que el minero no est√© sincronizado, puede enviar todos los mineros, OC y otras configuraciones."
"Push","Empuje"
"MinerForm.Template.examples","Ejemplos de plantillas"
"MinerForm.Template.forMost","para la mayor√≠a de las piscinas"
"MinerForm.Template.for","para"
"MinerForm.Template.text1","Para cadena de plantilla correcta, por favor leer su secci√≥n de ayuda de la piscina, tienen los detalles de c√≥mo darle formato."
"MinerForm.Template.text2","ser√° sustituido con valores correctos de la cartera."
"MinerForm.Template.text3","ser√° reemplazado con el nombre del minero."
"WDConfig.EnableWatching","Habilite la opci√≥n de ver si hay hashrate; si cae por debajo del m√≠nimo, se intentar√° reiniciar miner."
"WDConfig.RestartNotHelp","Si el reinicio del minero no ayuda, entonces se reiniciar√° el minero completo."
"WDConfig.On","Hashrate Watchdog Conectado"
"WDConfig.Off","Hashrate Watchdog Apagado"
"WDConfig.SetUsed","Establecer valores para mineros usados"
"WDConfig.SetOther","Establecer valores para otros mineros"
"ConsoleCommand.ShowInfo","mostrar informaci√≥n sobre las tarjetas de Nvidia"
"ConsoleCommand.ShowFreq","muestra las frecuencias actuales para tarjetas AMD"
"ConsoleCommand.LogsRam","registros en la memoria RAM para guardar en memoria flash USB"
"ConsoleCommand.LogsDisk","los registros en el disco, se mantendr√°n despu√©s del reinicio"
"ConsoleCommand.ShowFreqAmd","muestra las frecuencias actuales para tarjetas AMD"
"ConsoleCommand.AmdExtended","muestra informaci√≥n extendida sobre la tarjeta AMD"
"ConsoleCommand.AmdVoltage","muestra la tabla de voltaje para AMD GPU #0"
"ConsoleCommand.SayHello","saluda al servidor nuevamente para actualizar los datos"
"ConsoleCommand.ServiceBoot","mostrar el registro de arranque del servicio de colmena"
"ConsoleCommand.SendReset","enviar el comando 'restablecer' a OpenDev watchdog"
"ConsoleCommand.SendPower","env√≠a el comando 'energ√≠a' a OpenDev watchdog"
"ConsoleCommand.GpuScript","script para encontrar GPU haciendo girar los ventiladores"
"Deselect","Deseleccionar"
"Overclocking Templates","Perfiles de overclocking"
"MinerForm.Url.PoolUrl","URL de la piscina, incluyendo el protocolo y el puerto como"
"MinerForm.Url.ForFailOver","Para las piscinas de conmutaci√≥n por error simplemente escr√≠balos en la siguiente l√≠nea, el pase se usa uno para todos."
"MinerForm.BminerForm.With","con"
"MinerForm.BminerForm.More","M√°s"
"MinerForm.Url.ItHas","Tiene el formato de"
"MinerForm.Url.LooksLike","Por ejemplo, parece que"
"MinerForm.Url.Subscribe","si est√°s usando flypool. Sustituir"
"MinerForm.Url.IfYou","si se conecta a la piscina a trav√©s de SSL."
"MinerForm.Url.Examples","Ejemplos de bminer"
"MinerForm.UserConfig.Text1","Ponle par√°metros adicionales a la configuraci√≥n si lo necesitas. Uno en cada l√≠nea en el siguiente formato sin comas o puntos al final de la l√≠nea. Consulte la configuraci√≥n generada para ver los valores de configuraci√≥n disponibles de minero."
"MinerForm.UserConfig.Text2","establecer la frecuencia"
"MinerForm.UserConfig.Text3","modifica el voltaje"
"MinerForm.UserConfig.Text4","m√©todos disponibles de Miner API"
"MinerForm.BMinerConfig.Text1","Puedes poner aqu√≠ algo as√≠ como"
"MinerForm.BMinerConfig.Text2","Lista separada por espacios de dispositivos cuda"
"MinerForm.BMinerConfig.Text3","M√°s opciones aqu√≠"
"MinerForm.BMinerConfig.Text4","Referencia de Bminer"
"MinerForm.Fork.List","Lista detallada de las horquillas es"
"MinerForm.Fork.here","aqu√≠"
"MinerForm.Fork.Run","Ejecutar"
"MinerForm.Fork.Check","para comprobar las actualizaciones de la horquilla."
"MinerForm.Algo.Which","Qu√© algoritmo usar para miner√≠a. por"
"MinerForm.Algo.ItShould","deber√≠a ser"
"MinerForm.Algo.Example","por ejemplo"
"MinerForm.InstallUrl.Where","URL donde obtener"
"MinerForm.InstallUrl.Package","paquete. No se descargar√° si ya est√° instalado."
"MinerForm.Miner","Este es el nombre del minero instalado. Me gusta"
"MinerForm.CCPoolExtra","Coloque par√°metros adicionales a la piscina si lo necesita. Uno en cada l√≠nea en el siguiente formato sin comas o puntos al final de la l√≠nea. Par√°metros de ejemplo"
"MinerForm.CCExtra.Text1","Estos son par√°metros adicionales para el minero. Uno en cada l√≠nea en el siguiente formato sin comas o puntos al final de la l√≠nea. Par√°metros de ejemplo"
"MinerForm.CCExtra.Text2","volcado detallado de las actividades de nivel de protocolo"
"MinerForm.CCExtra.Text3","lista separada por comas de dispositivos CUDA para usar"
"MinerForm.CGMInerConf.Text1","Ponle par√°metros adicionales a la configuraci√≥n si lo necesitas. Uno en cada l√≠nea en el siguiente formato sin comas o puntos al final de la l√≠nea."
"MinerForm.CGMInerConf.Text2","para desactivar el control de los ventiladores"
"MinerForm.CGMInerConf.Text3","Par√°metros de ejemplo para Cryptonight"
"MinerForm.CGMInerConf.Text4","Par√°metros de ejemplo para Ethash"
"MinerForm.CGMInerConf.Text5","Para ver lo que est√° mal"
"MinerForm.CGMInerConf.Text6","Seleccione el dispositivo a usar, un valor, rango y / o coma separada (por ejemplo, 0-2,4)"
"MinerForm.CGMinerFork.Text1","Tienes que probar diferentes versiones como cada uno de ellos puede no funcionar con algunos algos o piscinas."
"MinerForm.CGMinerFork.Text2","Adem√°s, trate de a√±adir"
"MinerForm.CGMinerFork.Text3","y"
"MinerForm.CGMinerFork.Text4","Ver en  configuraci√≥n para revisar el problema y ver m√°s detalles"
"MinerForm.CGMinerFork.Text5","Lista detallada de las horquillas es"
"MinerForm.CGMinerFork.Text6","aqu√≠"
"MinerForm.DpoolTpl.Text1","ejemplo para SIA en nanopool"
"MinerForm.DpoolTpl.Text2","ser√° sustituido con valores correctos de la cartera. Para una cadena de CARTERA correcta, lea la secci√≥n de ayuda de su grupo, tienen los detalles sobre c√≥mo formatearla."
"MinerForm.ClaymoreDescr.Text1","Decred/Siacoin/Lbry/Pascal intensidad. El valor predeterminado es 30."
"MinerForm.ClaymoreDescr.Text2","Para PASC, el valor razonable es alrededor de 10, para SIA es alrededor de 15. Los valores m√°s altos causar√°n un men√∫ desplegable en la extracci√≥n de ETH."
"MinerForm.ClaymoreConfig.Text1","Coloque aqu√≠ la configuraci√≥n que desea que aparezca en config.txt de Claymore, UNO EN CADA L√çNEA. Por ejemplo"
"MinerForm.ClaymoreConfig.Text2","configurar√° los ventiladores al 100%"
"MinerForm.ClaymoreConfig.Text3","establecer√° la temperatura objetivo en 65C"
"MinerForm.ClaymoreConfig.Text4","para deshabilitar el control del ventilador"
"MinerForm.ClaymoreConfig.Text5","use GPUs 3, 4, 10, 11"
"MinerForm.ClaymoreConfig.Text6","Por favor refi√©rase a"
"MinerForm.ClaymoreConfig.Text7","Documentaci√≥n Claymore"
"MinerForm.ClaymoreConfig.Text8","para otros ajustes"
"MinerForm.CpuMinerConfig.Text1","Ponle par√°metros adicionales a la configuraci√≥n si lo necesitas. Uno en cada l√≠nea en el siguiente formato sin comas o puntos al final de la l√≠nea. Par√°metros de ejemplo"
"MinerForm.CpuMinerConfig.Text2","n√∫mero de subprocesos de minero (valor predeterminado: n√∫mero de procesadores). Recomendaci√≥n para la mayor√≠a de algos n = n√∫cleos - 1"
"MinerForm.CpuMinerConfig.Text3","establecer la afinidad del proceso con los n√∫cleos de la CPU, m√°scara 10 (0xA) para los n√∫cleos 1 y 3"
"MinerForm.CpuMinerConfig.Text4","temperatura en grados Celsius (el valor predeterminado es 85), Parar√° el minero"
"MinerForm.Server","Para las piscinas de conmutaci√≥n por error simplemente escr√≠balos en la siguiente l√≠nea, el pase se usa uno para todos."
"MinerForm.DstmConf.Text1","Puedes poner aqu√≠ algo as√≠ como"
"MinerForm.DstmConf.Text2","Lista separada por comas de dispositivos cuda"
"MinerForm.DstmConf.Text3","Reduce la carga, lista separada por comas de dev_id: valores de intensidad"
"MinerForm.DstmConf.Text4","La carga de trabajo de cada GPU se ajustar√° continuamente para que la temperatura permanezca alrededor de este valor. Lista separada por comas de los valores dev_id:temp-target, p. Ej."
"MinerForm.EthServ.Text1","Para trabajar, use uno de los siguientes esquemas"
"MinerForm.EthServ.Text2","Para el estrato usa uno de los siguientes esquemas"
"MinerForm.EthServ.Text3","Ejemplos"
"MinerForm.EthConf.Text1","Puedes poner aqu√≠ algo as√≠ como"
"MinerForm.EthConf.Text2","qu√© dispositivos OpenCL para minar en"
"MinerForm.EthConf.Text3","que dispositivos CUDA para minar en"
"MinerForm.EwbtConf.Text1","Ponle par√°metros adicionales a la configuraci√≥n si lo necesitas. Uno en cada l√≠nea en el siguiente formato sin comas o puntos al final de la l√≠nea. Par√°metros de ejemplo"
"MinerForm.EwbtConf.Text2","usar solo GPU espec√≠ficas"
"MinerForm.EwbtConf.Text3","para establecer un l√≠mite de temperatura personalizado"
"MinerForm.LolConf.Text1","Puedes poner aqu√≠ algo as√≠ como"
"MinerForm.LolConf.Text2","Lista de dispositivos separados por comas"
"MinerForm.OptiConf.Text1","Puedes poner aqu√≠ algo as√≠ como"
"MinerForm.OptiConf.Text2","ID de dispositivo OpenCL para usar. Si no se especifican dispositivos, se utilizan todos"
"MinerForm.OptiConf.Text3","La id de la plataforma OpenCL para usar"
"MinerForm.OptiConf.Text4","Intensidad del minero 0 significa autodetecci√≥n en funci√≥n de la memoria disponible"
"MinerForm.XmConf.Text1","Ponle par√°metros adicionales a la configuraci√≥n si lo necesitas. Uno en cada l√≠nea en el siguiente formato sin comas o puntos al final de la l√≠nea. Par√°metros de ejemplo"
"MinerForm.XmConf.Text2","reduce el uso de la CPU del 75% al 50%"
"MinerForm.XmConf.Text3","Otros par√°metros encuentran en"
"MinerForm.XmConf.Text4","xmrig doc"
"MinerForm.XmUrl.Text1","La direcci√≥n de la piscina debe estar en la forma"
"MinerForm.XmUrl.Text2","Solo se admiten piscinas de estrato"
"MinerForm.XmUrl.Text3","Para los piscinas de conmutaci√≥n por error simplemente escr√≠balos en la l√≠nea siguiente, el pase se usa uno para todos"
"MinerForm.XmStakCpuUrl.Text1","La direcci√≥n de la piscina debe estar en la forma"
"MinerForm.XmStakCpuUrl.Text2","S√≥lo piscinas estrato son compatibles"
"MinerForm.XmrAmd.Text1","Contenidos completos de amd.txt, ejemplo a continuaci√≥n"
"MinerForm.XmrAmd.Text2","Para deshabilitar las GPU de AMD"
"MinerForm.XmrAmd.Text3","Gu√≠a de Tuning"
"MinerForm.XmrNvidia.Text1","Contenido completo de nvidia.txt, ejemplo a continuaci√≥n"
"MinerForm.XmrNvidia.Text2","Para deshabilitar las GPU de Nvidia"
"MinerForm.XmrNvidia.Text3","Gu√≠a de Tuning"
"MinerForm.XmrCpu","Contenidos completos de cpu.txt, ejemplo a continuaci√≥n"
"per","para"
"OC.DefaultConfig","Configuraci√≥n predeterminada"
"OC.DefaultHint","Usado por defecto. Puede ser anulado por algo configuraci√≥n"
"Account.AuthenticationTokenCurrent","Tokens de sesi√≥n actuales"
"Account.AuthenticationTokenOther","Otros tokens de sesi√≥n"
"Enter amount","Ingrese cantidad"
"Send","Enviar"
"Revoke","anular"
"Monitor","Monitor"
"Tech","Tech"
"AccessLevel.Monitor","Monitor y estad√≠sticas, detalles del minero. Las etiquetas se pueden asignar para limitar la visibilidad de los mineros de la cuenta de confianza."
"AccessLevel.Tech","Overclock, Reiniciar y Apagar, Actualizar."
"AccessLevel.Rocket","Aplica minero y cartera al minero. Crear y eliminar mineros."
"AccessLevel.Advanced","Ejecutar comandos, VPN, Carteras, Tuning."
"AccessLevel.Full","Contrase√±a, 2FA, Notificaciones, Pagos, Propiedad."
"Full Access","Acceso completo"
"Advanced","Avanzado"
"CompactView.Status.InvalidShares","Baja relaci√≥n o acciones inv√°lidas"
"CompactView.Status.HightTemperature","Alta temperatura"
"CompactView.Status.LowHashrate","Bajo hashrate"
"Load Avg","Promedio de Cargar"
"Subscribed","Suscrito"
"Create Flight Sheets","Crear hojas de vuelo"
"Worker.FlightSheets.epmtyMessage","Para empezar a minar"
"FS.ActiveFSEdit","Esta hoja de vuelo est√° activa."
"FS.ApplyAll","Todos los mineros"
"FS.AttachedWorlers","Mineros anexos"
"FS.ChangesWillBeApplied","Los cambios se aplicar√°n a todos los mineros que usen este grupo."
"FS.NewFSWillBeCreated","Se crear√° un nuevo grupo para este minero y se aplicar√° solo a √©l."
"FS.OnlyThis","Solo este minero"
"Account.WhiteList","Lista blanca"
"Account.WhiteListHint","Aqu√≠ puede limitar las direcciones IP que permitieron iniciar sesi√≥n en su cuenta. Los valores est√°n separados por espacios."
"Account.WhiteListHint2","Su direcci√≥n IP actual es."
"Account.WhiteListHint3","Las comprobaciones b√°sicas se realizan en el servidor para que no se corte."
"Account.WhiteListExamples","Ejemplos:"
"Account.WhiteListExample1","una sola direcci√≥n IP est√° permitida"
"Account.WhiteListExample2","dos IP est√°n permitidos"
"Account.WhiteListExample3","coincidir√° con cualquier IP con 172.217.16."
"Account.WhiteListExample4","coincidir√° con cualquier IP que comience con 172.217.d"
"Account.WhiteListExample5","direcci√≥n √∫nica IPV6"
"Account.WhiteListExample6","coincidir√° con cualquier direcci√≥n IPV6 a partir  2001:db8::"
"Account.WhiteListPlaceholder","Ingrese la direcci√≥n IP"
"Account.WhiteListAddNewPlaceholder","Ingresa una nueva direcci√≥n IP"
"CoinPaymentsDeposits","Dep√≥sitos de CoinPayments"
"Billing.TransactionFee","Agregar TARIFA DE TRANSACCI√ìN a la cantidad especificada"
"Billing.FAQ","Preguntas frecuentes sobre pagos"
"WorkerSettings.GuiTurnedOn","GUI habilitada"
"WorkerSettings.GuiTurnedOff","GUI deshabilitado"
"VPN.TurnedOn","VPN activado"
"VPN.TurnedOff","VPN desactivado"
"Are you shure?","¬øEst√°s seguro?"
"Account.AuthenticationTwoFactor5","Google Authenticator no es la mejor opci√≥n, ya que si pierde el tel√©fono, sus c√≥digos desaparecer√°n. Un consejo ser√≠a usar"
"BillingFarm.DaysUntil","D√≠as que la granja est√° bloqueada"
"BillingFarm.ToLock","d√≠as para bloquear"
"AMD","AMD"
"Card Types","Tipos de tarjeta"
"TEMP","TEMPERATURA"
"FAN","VENTILADOR"
"Core","N√∫cleo"
"MEM","MEM"
"FlightSheets.ToManage","Para administrar sus carteras vaya a"
"FlightSheets.WalletsPage","P√°gina de carteras"
"FS.WallAddress","Direcci√≥n de Cartera"
"Claymore User Config","Configuraci√≥n de usuario Claymore"
"2FA.ON","Autenticaci√≥n de dos factores activada"
"2FA.OFF","Autenticaci√≥n de dos factores desactivada"
"Account.TwoFactorDisableDescription","Ingrese el c√≥digo para deshabilitar 2FA. El c√≥digo QR guardado (secreto) ya no funcionar√°, puedes eliminarlo despu√©s."
"MinerForm.Custom.InstallationUrl","URL de instalaci√≥n"
"MinerForm.Custom.MinerName","Nombre del minero"
"AutoFans.ON","Ventilador autom√°tico activado"
"AutoFans.OFF","Ventilador autom√°tico apagado"
"AutoFans.TargetTemp","Temperatura objetivo"
"AutoFans.MinFan","Velocidad m√≠nima del ventilador"
"AutoFans.MaxFan","Velocidad m√°xima del ventilador"
"AutoFans.Critical","Temperatura cr√≠tica"
"AutoFans.NoAMDLabel","No AMD"
"AutoFans.RebootOnErrors","Reiniciar en los errores"
"WDConfig.Minutes","minutos"
"WDConfig.MinerRestart","Minero reiniciar despu√©s"
"WDConfig.RebootAfter","Reiniciar la plataforma despu√©s"
"Server","Servidor"
"Pass","Contrase√±a"
"Port","Puerto"
"Template","Plantilla"
"Server Urls","URL del servidor"
"PersonalToken.Placeholder","Ingrese el nombre del token personal"
"2FA Disabled","2FA desactivado"
"2FA Enabled","2FA habilitado"
"Discount","Descuento"
"Monthly price","Precio mensual"
"Daily use","Uso diario"
"Payments.DailyRigsUse","Uso diario Rigs"
"Payments.DailyRigsPrice","Precio diario Rigs"
"Payments.DailyAsicsPrice","Precio diario ASIC"
"Payments.DailyAsicsUse","Uso diario ASIC"
"Payments.Refill","Para volver a llenar su saldo, visite"
"rig","rig"
"Coin.TypeIn","Escriba la Moneda"
"CoinPaymentsDeposits.ShowAll","Mostrar todos los dep√≥sitos"
"gained","gained"
"subscribed","suscrito"
"OverclockingAlgoTable.CcAlgoResolved","Haga clic en Agregar para configurar el overclocking a este algo"
"Algo","Algo"
"Billing Page","P√°gina de facturaci√≥n"
"Select algo","Seleccionar algo"
"more","M√°s"
"PaymentsList.CheckStatus","Verifica tu estado de pago"
"AsicTable.Chain","Cadena"
"AsicTable.ASIC","ASIC"
"AsicTable.Frequency","Frecuencia"
"AsicTable.HW","HW"
"AsicTable.Temp","Temperatura"
"AsicTable.ASICStatus","Estado de ASIC"
"FilterWallets.more","m√°s carteras"
"Tuned","Afinado"
"MiningInfo.Title","Informaci√≥n mineria"
"MiningInfo.Tuned","Minero afinado"
"OverclockingAlgoTable.more","M√°s"
"PowerGraph.Power","Energ√≠a"
"The latest","Lo √∫ltimo"
"for","para"
"PoolConfigModal.EnterUrls","Ingresar URL"
"Intensity:","Intensidad:"
"Wallet Address","Direcci√≥n de Cartera"
"Dcoin","Dcoin"
"Example for nanopool","Ejemplo para nanopool"
"WalletWorkTemplate:","Plantilla de cartera y minero:"
"dstm 0.6.0 had changed config syntax","dstm 0.6.0 hab√≠a cambiado la sintaxis de configuraci√≥n"
"Action.OCUpdated","El perfil de overclocking se ha actualizado con √©xito."
"Action.OCRemoved","Perfil de overclocking eliminado con √©xito"
"Worker added","Minero agregado"
"Worker removed","Minero eliminado"
"Worker updated successfully","Minero actualizado con √©xito"
"Password successfully updated","Contrase√±a actualizada con √©xito"
"Worker has been transferred","Minero ha sido transferido"
"Action.RemoveAllWorkersMessages","Todos los mensajes de los mineros han sido eliminados"
"Action.NowFarmYours","Ahora la granja te pertenece"
"Action.RequestRejected","La solicitud ha sido rechazada con √©xito"
"Action.LoginInvalid","acceso no v√°lido"
"Action.KeyUpdated","API KEY actualizada"
"Action.KeyRemoved","API KEY eliminado"
"Action.KeyAdded","API KEY a√±adido"
"Action.YouUnsubscribed","Has cancelado la suscripci√≥n"
"Action.YouSubscribed","Usted se suscribi√≥ con √©xito"
"Action.WorkerUpdated","Minero actualizado con √©xito"
"Url","Url"
"Should be selected at least one server","Deber√≠a seleccionarse al menos un servidor"
"Filed is required","Se requiere campo"
"NewRig","¬°Parece algo nuevo!  Prepara el üöÄ para el üåï"
"NewRig.Read","Por favor lea el"
"NewRig.Read2","gu√≠a de instalaci√≥n"
"NewRig.Read3","sobre c√≥mo configurar tu trabajador"
"or","o"
"InfoWorker.Password","La contrase√±a debe tener 1 o m√°s caracteres."
"discount","descuento"
"RemoveWorkerModal.Text1","Vas a eliminar mineros"
"RemoveWorkerModal.Text2","¬°Los mineros eliminados NO PUEDEN ser restaurados! ¬øEst√°s ABSOLUTAMENTE seguro?"
"RemoveWorkerModal.Text3","Esta acci√≥n puede conducir a la p√©rdida de datos. Para evitar acciones accidentales, le pedimos que confirme su intenci√≥n"
"Workers removed","Mineros eliminados"
"Shut down worker?","¬øApagar minero?"
"Shut down workers?","¬øApagar mineros?"
"High Load Avg.","Alta carga media."
"Payments.PricePerRig","Precio por Rig"
"Payments.PricePerAsic","Precio por Asic"
"30 minutes","30 minutos"
"1 hour","1 hora"
"From farm balance","Saldo de la granja"
"Connect via","Conectado a trav√©s de"
"ConsoleCommand.Hello","saluda al servidor para actualizar los datos"
"ConsoleCommand.Dmesg","muestra informaci√≥n sobre la carga del n√∫cleo y los controladores"
"ConsoleCommand.BminerApi","muestra la informaci√≥n api bminer"
"ConsoleCommand.CgminerApi","muestra la informaci√≥n api cgminer"
"ConsoleCommand.Selfupgrade","actualiza a la √∫ltima versi√≥n"
"ConsoleCommand.InnosiliconEnableCron","habilite el reinicio de cgminer una vez cada 24 h (solo para Innosilicon)"
"YourFunds","Sus fondos "
"FarmBalance","Saldo Farm"
"RefillBalance","Saldo Referido"
"RefillMethod","Elija un m√©todo para recargar"
"Coinpayments","CoinPayments"
"MyDeposit","Mi dep√≥sito"
"OtherFarms","Otras granjas"
"Referal","Referido"
"AddFee","Agregar tarifa de transacci√≥n a la cuenta especificada"
"WhatIsFee","¬øQu√© es la tarifa de transacci√≥n?"
"RefillFromDeposit","Puede recargar la granja de su dep√≥sito"
"BillingInformation","La informaci√≥n de facturaci√≥n se actualiza diariamente."
"DownloadInvoiceInfo","Puede descargar la factura para el per√≠odo elegido."
"PaidFeatures","Funciones de pago"
"PaidFeaturesSSL","Comunicaci√≥n segura con API a trav√©s de HTTPS"
"PaidFeaturesStats","Las estad√≠sticas mostraron los √∫ltimos 3 meses de uso comparables a 3 d√≠as para los no pagos"
"Invoices","Facturas"
"PaidFeaturesEnabled","Funciones de pago habilitadas"
"PaidFeaturesDisabled","Funciones pagas desactivadas"
"Payer","Pagador"
"PayerInfo","Puede configurar que otro usuario sea responsable de depositar las granjas que posee. Este usuario puede ser su administrador financiero y solo necesita monitorear el acceso a las granjas."
"PayerTransfer","Transferir la responsabilidad de la facturaci√≥n de la granja"
"PayerUser","Establecer otro usuario como pagador"
"Debt","Deuda"
"AutomaticWithdraw","Sus fondos retirar√°n autom√°ticamente los fondos en la cantidad de uso diario de Sus Fondos despu√©s de que haya alcanzado el saldo cero."
"Use deposit, $","Utilizar dep√≥sito, $"
"TransferPaymentOwnership","Puede transferir la propiedad de pago de las granjas a otros"
"ManualyTransfer","Puede transferir fondos manualmente desde su dep√≥sito a la granja o al usuario"
"YourDepositUsage","Su dep√≥sito utilizado por retiro autom√°tico predeterminado para todas las granjas donde usted es el propietario"
"RefillDeposit","Dep√≥sito de recarga"
"BillingFAQ","Preguntas frecuentes sobre facturaci√≥n"
"IncomingPayerRequest","¬øAceptas pagar las pr√≥ximas granjas?"
"Action.TransferPayerRole","La solicitud de cambio de pagador ha sido enviada"
"Billing.transferTargetPayerText","Ya ha enviado una solicitud de pago a"
"AutoFans.CriticalAction","Acci√≥n Cr√≠tica"
"AutfanTTHint","Los ventiladores de los controles autom√°ticos. Los valores Claymore -tt son ignorados."
"GPURedTemp","Temperatura GPU"
"AsicRedTemp","Temperatura ASIC"
"MonitorThreshold","Umbral del monitor"
"SignIn","Registrarse"
"Daily cost","Costo diario"
"TransferToOthers","Transferir fondos a otros"
"Action.TransferComplete","Transferencia completa"
"TransferRules","No puedes enviar fondos al usuario que no existe"
"Amount to transfer, $","Importe a transferir, $"
"Disk Model","Modelo de disco"
"FSMinerDuplicates","Los mineros no pueden ser duplicados en la misma hoja de vuelo."
"Account.WhiteListWarning","No use esto en Dynamic IP (si su ISP lo cambia o si usted es una red m√≥vil)"
"NewRig.Read4","A"
"Search","Buscar"
"Sure want to delete selected flight sheets?","¬øSeguro que quieres eliminar las hojas de vuelo seleccionadas?"
"Action.SelectedFlightSheetsRemoved","Hojas de vuelo seleccionadas eliminadas"
"Action.SelectedWalletsRemoved","Carteras seleccionadas retiradas"
"AccountIsLockedByAdministrator","La cuenta est√° bloqueada por el administrador"
"Farm.FarmsFs.CreateWalletFirst","Para administrar las hojas de vuelo, primero necesita {createWalletLink}"
"NvidiaCardForm.RunningDelay","Retraso en segundos antes de aplicar overclock"
"MinerThreads","Hilos de minero"
"Expand","Expandir"
"Collapse","Colapso"
"Hashrate","Tasa de hash"
"Temperature","Temperatura"
"Fans","Ventilador"
"Status","Estado"
"Ratio","Proporci√≥n aceptada"
"Units","Unidades"
"No workers found so far.","Ning√∫n minero encontrado hasta ahora."
"Shutdown and then boot after 30 seconds","Apagar y arranque en 30s"
"Export CSV","Exportar CSV"
"Refresh","Refrescar"
"per row","por fila"
"ConsoleCommand.Wakeralarm","Apagado y reinicio en 120 segundos."
"Import Flight Sheet","Importar hoja de vuelo"
"Close","Cerrar"
"Impossible to perform action","Imposible realizar acci√≥n."
"Invalid file format. JSON expected.","Formato de archivo inv√°lido. JSON esperaba."
"To manage overclocking go to Overclocking Templates page","Para administrar el overclocking, vaya a la p√°gina de Overclocking Templates."
"To manage your wallets and flightsheets go to wallets page","Para administrar sus carteras y hojas de vuelo vaya a la p√°gina de carteras"
"Reading file error","Error de lectura de archivo"
"MinerUptime","MinerUptime"
"SelectOrAddTag","SeleccioneOrAddTag"
"SelectWorkers","Seleccione minero"
"Mode","Modo"
"code replaced by wallet","c√≥digo reemplazado por billetera"
"code replaced by email","c√≥digo reemplazado por correo electr√≥nico"
"code replaced by worker","c√≥digo reemplazado por el trabajador"
"Pool examples","Ejemplos de piscina"
"code for manual pool setting","c√≥digo para la configuraci√≥n manual de la piscina"
"Only stratum pools pass is used","S√≥lo se utiliza el pase de piscinas de estrato."
"url will be replaced with config","url ser√° reemplazado con config"
"host will be replaced with config","el host ser√° reemplazado por config"
"port will be replaced with config","el puerto ser√° reemplazado por config"
"Set your pool password here","Establezca la contrase√±a de su piscina aqu√≠"
"You can use variable","Puedes usar variable"
"Threads example","Ejemplo de hilos"
"Addition information in href","Informaci√≥n adicional en href"
"or use online configurator","o usar el configurador en l√≠nea"
"Add extra parameters if required","A√±adir par√°metros extra si es necesario"
"For example","Por ejemplo"
"max-cpu-usage example","Ejemplo de max-cpu-use"
"variant: 1 sets PoW-variant to 1","variante: 1 establece la variante de PW en 1"
"Other parameters can be found href","Otros par√°metros se pueden encontrar href."
"enables nicehash.com support","habilita el soporte de nicehash.com"
"code for hiveon and most of pools","c√≥digo para hiveon y la mayor√≠a de las piscinas"
"code for other pools","c√≥digo para otras piscinas"
"List of comma-separated device IDs","Lista de ID de dispositivos separados por comas"
"Mining intensity","Intensidad minera"
"Other parameters by href","Otros par√°metros por href"
"code for nanopool","c√≥digo para nanopool"
"Use only exact cards","Use solo tarjetas exactas"
"Use only the specified GPUs","Utilice solo las GPU especificadas"
"You can use variable url","Puedes usar url variable"
"Failover pools also supported","Grupos de conmutaci√≥n por error tambi√©n son compatibles"
"Only stratum pools are supported","S√≥lo se admiten grupos de estratos"
"By default mining on all CUDA","Por defecto minando en todos los CUDA."
"for mining on GPU","para miner√≠a en GPU"
"By default used auto intensity","Por defecto utiliza intensidad autom√°tica"
"set intensity all devices","establecer la intensidad de todos los dispositivos"
"set intensity exact devices","establecer dispositivos de intensidad exacta"
"Most important arguments","Argumentos mas importantes"
"For example for add algorithm","Por ejemplo para agregar algoritmo"
"Please refer href","Por favor refi√©rase a href"
"Please refer to miner manual","Por favor, consulte el manual del minero"
"for mining only on cards","para miner√≠a solo en tarjetas"
"for mining only exact GPU","para miner√≠a solo GPU exacta"
"Intensity","Intensidad"
"The intensity of the secondary mining","La intensidad de la miner√≠a secundaria."
"for pools where worker name","para piscinas donde nombre del trabajador"
"Check your pool's help for formatting","Consulta la ayuda de tu grupo para el formateo."
"Check your pool's help","Consulta la ayuda de tu piscina."
