"link","collegamento"
"An error has occurred. Please, try again later","C'√® stato un errore. Per favore riprova pi√π tardi"
"Action.FlightSheetRemoved","Foglio di volo rimosso con successo"
"Action.FlightSheetCreated","Foglio di volo creato con successo"
"Command sent","Comando inviato"
"Action.TransferFarm","La richiesta di modifica del proprietario √® stata inviata"
"Settings updated","Impostazioni aggiornate"
"Tag added","Tag aggiunto"
"Tag edited","Tag modificato"
"Tag removed","Tag rimosso"
"Wallet added","Portafoglio aggiunto"
"Wallet edited","Portafoglio modificato"
"Wallet removed","Portafoglio rimosso"
"Collaborator added","Collaboratore aggiunto"
"Collaborator removed","Collaboratore rimosso"
"Collaborator edited","Collaboratore modificato"
"Action.LeftFarm","Hai lasciato la fattoria"
"Action.UpdateFs","Foglio di volo aggiornato con successo. I miner offline dovranno riavviare per vedere le modifiche"
"Action.AddOC","Profilo di overclock creato correttamente"
"Action.RefillFarm","Saldo Farm riempito"
"Action.ErrorServerRequest","C'√® stato un errore. Per favore riprova pi√π tardi"
"Error","Errore"
"Action.SendPromocode","Ti sei iscritto con successo"
"Action.PatchToken","Token aggiornato con successo"
"Action.AddToken","Token creato con successo"
"Action.DeleteToken","Token con successo revocato"
"Promocode successfully sended","Promocode inviato con successo"
"Action.UpdatePayoutAddresses","Indirizzo cambiato con successo"
"Action.PayoutToAccount","Il saldo del tuo account √® stato riempito correttamente"
"Action.SetPassword","Password aggiornata con successo"
"2FA enabled","2FA abilitato"
"2FA removed","2FA rimosso"
"NVIDIA","NVIDIA"
"Apply","Applicare"
"Confirm","Confermare"
"TelegramSubscribe","Inserisci l'ID telegram per iscriverti"
"Enter code to confirm","Inserisci il codice per confermare"
"Subscribe","sottoscrivi"
"Remove","Rimuovere"
"Are you shure?","Sei sicuro?"
"Edit","modificare"
"temp","Temperatura"
"Farms","Farms"
"workers","lavoratori"
"ethash","ethash"
"CriticalIssues",""
"Off","via"
"30 seconds","30 secondi"
"1 minute","1 minuto"
"2 minutes","2 minuti"
"5 minutes","5 minuti"
"AutoRefresh","Auto Refresh Page Timer"
"All","Tutti"
"Cancel","Annulla"
"Download VBIOS","Scarica VBIOS"
"GPU index","Indice GPU"
"NotGPUDifferent","Nota: l'indice GPU pu√≤ essere molto diverso all'ordine del bus PCI."
"Download","Scarica"
"Apply Changes","Applica i cambiamenti"
"WalletWorkTemplate","Modello di portafoglio e di lavoro:"
"Pass:","Password"
"Extra config arguments:","Argomenti di configurazione aggiuntivi:"
"Pool URL:","URL del pool:"
"Miner Fork:","Miner fork:"
"Hash algorithm:","Algoritmo hash:"
"Extra params for pool:","Parametri extra per la pool:"
"Extra arguments for miner:","Argomenti aggiuntivi per minatore:"
"Version:","Versione:"
"Template examples:","Esempi di modelli:"
"for most of the pools","per la maggior parte delle pool"
"Intensity, -dcri 0...100","Intensit√†, -dcri 0 ... 100"
"claymore","claymore"
"epools.txt template:","modello epools.txt:"
"dpools.txt template:","modello dpools.txt:"
"Claymore config override:","Claymore config override:"
"Example for nanopool:","Esempio per nanopool:"
"Example for nicehash:","Esempio per nicehash:"
"Second coin algo","Seconda moneta algo"
"Config override:","Config override:"
"Pool server:","Pool server:"
"Port:","Porta:"
"index","indice"
"AMD config override:","Override di configurazione AMD:"
"Nvidia config override:","Ignora configurazione Nvidia:"
"CPU config override:","CPU config override:"
"Errors","Errori"
"last 24 hours","ultime 24 ore"
"Workers with errors","Lavoratori con errori"
"No errors found","Nessun errore trovato"
"Show","Mostrare"
"Overclocking","overclocking"
"Coins","Monete"
"Pools","pool "
"Miners","minatori"
"Select pools","Seleziona pools"
"Select miners","Seleziona i minatori"
"Select coin","Seleziona una moneta"
"Select overclocking","Seleziona l'overclocking"
"by","di"
"View payload","Visualizza il carico utile"
"Add Wallet","Aggiungi portafoglio"
"Red Temperature","Temperatura massima"
"Trust user","Fidati dell'utente"
"Add Worker","Aggiungi lavoratore"
"FarmNavCleanWorkers","Rimuovi tutti i messaggi dei lavoratori"
"Save","Salvare"
"FarmTempHeader.ASICCriticalTemperature","Temperatura Critica ASIC"
"Ask a question","Fai una domanda"
"Report an issue","Segnala un problema"
"Tags","tag"
"Wallets","Portafogli"
"Platform","piattaforma"
"Run","Correre"
"Wallet","Portafoglio"
"Coin","Moneta"
"Pool","pool"
"Miner","Minatore"
"Select pool","Seleziona Pool"
"Select miner","Seleziona miner"
"Select wallet","Seleziona il portafoglio"
"Configure Pool","Configura Pool"
"Setup Miner Config","Configura Config Miner"
"Dual Coin","Doppia moneta"
"Dual Wallet","Portafoglio doppio"
"Dual Pool","Dual Pool"
"Configure in miner","Configurazione Miner"
"Update","Aggiornare"
"Add New Flight Sheet","Aggiungi un nuovo foglio di volo"
"Reset","Reset"
"Create Flight Sheet","Crea foglio di volo"
"Add Miner","Aggiungi minatore"
"Email","E-mail"
"worker","lavoratore"
"selected","selezionato"
"FlightSheetsRocket.Message","Vuoi applicare il foglio di volo attuale per"
"Choose Flight Sheet for","Scegli il foglio di volo per"
"Your Company","La tua azienda"
"Home","Casa"
"Admin","Admin"
"Privacy","privacy"
"Not Found","Non trovato"
"off","via"
"No","No"
"min","min"
"Remote","IP remoto"
"Consumption","Consumo"
"AES","AES"
"Cores","cores"
"Motherboard","motherboard"
"Free space","Spazio libero"
"Free RAM","RAM Disponibile"
"OS version","Versione del sistema operativo"
"Drivers","Driver"
"Yes","s√¨"
"System type","Tipo di sistema"
"Kernel","Kernel"
"Local IP","IP locale"
"Load Average","Carico medio"
"rigs","RIG"
"Jump to farms, workers...","Vai alle farm / Worker"
"Notifications","notifiche"
"unread","Non letto"
"Show all","Mostra tutto"
"No notifications yet","Nessuna notifica ancora"
"View geo location","Visualizza la posizione geografica"
"from","a partire dal"
"Accept","Accettare"
"Decline","Declino"
"Term expires in","Termine scaduto in"
"Enter value","Inserire il valore"
"Generate","creare"
"Enter start date","Inserisci la data di inizio"
"Start date","Data d'inizio"
"End date","Data di fine"
"Enter end date","Inserisci la data di fine"
"Name","Nome"
"Create","Creare"
"Russian","russo"
"Chinese","Cinese"
"English","Inglese"
"NoActiveFound","Nessuna attivit√† trovata finora"
"all activities","tutte le attivit√†"
"Latest Activity","Ultime attivit√†"
"Load","Caricare"
"warning","dstm 0.6.0 aveva cambiato la sintassi di configurazione"
"Previous","Precedente"
"Next","Il prossimo"
"configuration","configurazione"
"MiningInfo","Esecuzione del foglio di volo"
"Account","account"
"Sign Out","Disconnessione"
"Billing","Fatturazione"
"Support","Supporto"
"Community","Comunit√†"
"Forum","Forum"
"Referrals","Referenti"
"NoRightsMessage","Siamo spiacenti, non hai diritti sufficienti per visualizzare questa pagina"
"to","a"
"Login","Accesso"
"access","accesso"
"Notification.EventChanged","Evento di notifica cambiato"
"Notification.AccessChanged","Accesso modificato per"
"Notification.WhitelistChanged","Whitelist cambiata"
"Account.NotificationDescription6","√à possibile aggiungere questo bot a un gruppo di chat in modo che diversi amministratori possano monitorare i miner. Crea il tuo gruppo e aggiungi 'hiveosbot' come membro l√¨. Il codice chat √® negativo per i gruppi, ad esempio '-12345'."
"Account.NotificationDescription1","Inizia una nuova chat con questo bot."
"Account.NotificationDescription2","Il robot ti risponder√† e vedrai il tuo CODICE che dovresti nel campo giusto. Qualcosa come 12345'."
"Account.NotificationDescription3","Il tuo login √®"
"Account.NotificationDescription4","Invia un comando a bot"
"Account.NotificationDescription5","e iscriver√† il tuo account per ricevere notifiche."
"Update Settings","Aggiorna impostazioni"
"Fan","Fan / Ventola"
"Core Clock","Core Clock / Frequenza Core"
"Memory Clock","Frequenza Memoria"
"Power Limit","Limite di potenza"
"(0 for auto)","(0 per auto)"
"(0 for stock value)","(0 per il valore dello stock)"
"NvidiaCardFrom.SpecifyDevice","Specifica quale dispositivo deve essere alimentato con la nostra soluzione senior, --revA"
"NvidiaCardFrom.MemClock","Di solito questo valore √® doppio rispetto a quello che vedi in AfterBurner. Per esempio. se in Windows √® + 800Mhz, qui dovresti scrivere 1600."
"NvidiaCardFrom.OffLED","Spegni i LED (potrebbe non funzionare su alcune schede)"
"OhGodAnETHlargementPill","OhGodAnETHlargementPill"
"ValueCardSeparatedSpace.","√à possibile specificare un valore per tutte le carte o un elenco di valori per ogni carta separata dallo spazio."
"one value for all GPUs.","un valore per tutte le GPU."
"means GPU0 = none, GPU1 = 100, etc.","significa GPU0 = nessuno, GPU1 = 100, ecc."
"Configure","Configurazione"
"Overclocking Settings","Impostazioni di overclocking"
"OverclockingProfileModal.Text","Scegli i profili di overclocking per"
"ApplyOverclockProfile","Vuoi applicare l'attuale profilo Overclocking per"
"Invalid Shares","Azioni non valide"
"Show all payments","Mostra tutti i pagamenti"
"No payments yet","Nessun pagamento ancora"
"Pool address","Indirizzo della piscina"
"Select pool address","Seleziona l'indirizzo del pool"
"Add New Pool","Aggiungi nuovo pool"
"Enter email","Inserisci l'email"
"Select Pool Server","Seleziona Pool Server"
"Selected Pool Servers","Server pool selezionati"
"on","sopra"
"rights","diritti"
"Workers","Lavoratori /Miner"
"Balance","Saldo"
"Shared with me","Condiviso con me"
"Timezone","Fuso orario"
"Create New Farm","Crea una nuova fattoria"
"Select timezone","Seleziona il fuso orario"
"Input farm name","Immettere il nome della farm"
"Mem State","Stato Mem"
"Core Voltage","Core Voltage"
"Core State","Core State"
"RadeonCardFrom.fanSpeed2","in override di Claymore Config."
"RadeonCardFrom.fanSpeed1","Puoi impostare la velocit√† della ventola ma il minatore (Claymore) la controller√† comunque. Dovresti disabilitare il controllo della ventola nella configurazione del minatore affinch√© funzioni."
"RadeonCardFrom.memState.text3","Dovresti usare questo parametro con l'impostazione 'Mem Clock'."
"RadeonCardFrom.memState.text2","Schede RX note per avere 1 o 2 stati di memoria (in realt√† 3 incluso 0 stato inattivo). Di default verr√† selezionato lo stato pi√π alto. Tuttavia, √® noto che alcune carte rare non riescono a sottostare allo stato pi√π alto e sono obbligate a selezionarne una pi√π bassa. Ad esempio il pi√π alto √® 2 e per il sottotemperamento dovresti impostare lo stato 1."
"RadeonCardFrom.memState.text1","Questo √® un parametro molto avanzato. Prova questo se ci sono problemi con la sottotensione. Se funziona, non toccarlo."
"RadeonCardFrom.coreVddc.text5","Dalla tabella VBIOS"
"RadeonCardFrom.coreVddc.text4","....che significa mV o valori come"
"RadeonCardFrom.coreVddc.text3","√à possibile impostare valori come...."
"RadeonCardFrom.coreVddc.text2","lo stato verr√† utilizzato per impostare la tensione."
"RadeonCardFrom.coreVddc.text1","Questo √® necessario se si tenta di applicare un valore di sottorensione alla propria scheda. E DEVI impostare 'Core State' o predefinito"
"RadeonCardFrom.coreState.text4.","Abbassare il valore in downvolt."
"Default is","L'impostazione predefinita √®"
"RadeonCardFrom.coreState.text2","DPM (Dynamic Power Management)"
"RadeonCardFrom.coreState.text1","Questo √® necessario se si tenta di applicare sottotensione la propria carta. Dovresti usare questo parametro con l'impostazione 'Core Clock' e 'Core Voltage'."
"RadeonCardFrom.coreClock.text2","Se 'Core State' non √® impostato, quindi il valore predefinito"
"RadeonCardFrom.coreClock.text1","Impostare l'orologio principale qui, un buon valore sarebbe intorno"
"RadeonCardFrom.coreClock.text3","lo stato verr√† utilizzato per impostare il clock"
"Refill","Ricarica"
"balance","Saldo"
"per month","al mese"
"Recommended payment is","Il pagamento consigliato √®"
"From balance","Dal Saldo"
"With Coinpayment","Con Coinpayments"
"Console","consolle"
"Execute command","Esegui comando"
"Wrong command","Comando sbagliato"
"Remove all messages?","Rimuovere tutti i messaggi?"
"EDIT","MODIFICARE"
"Overview","Panoramica"
"Cards","Carte"
"CONSOLE","CONSOLE"
"Offline","disconnesso"
"Booted","avviato"
"Uptime","uptime"
"TRANSFER","TRASFERIMENTO"
"Monitoring","Monitoraggio"
"Reboot","Reboot"
"Miner Config","Config Miner"
"Rocket","Razzo"
"Upgrade","aggiornamento"
"Shutdown","Spegnimento"
"OpenVPN configuration","Configurazione OpenVPN"
"Power actions","Azioni di potere"
"Server URL","URL del server"
"Edit tags","Modificare i tag"
"Miner actions","Azioni minatore"
"Teleconsole Start","Teleconsole Start"
"Teleconsole Stop","Teleconsole Stop"
"Teleconsole Restart","Teleconsole Restart"
"Hashrate watchdog","Hashrate Watchdog (controllo allarmato dell hashrate)"
"Run command","Esegui comando"
"Miner Log","Registro Miner"
"Stop Miner","Stop Miner"
"Restart Miner","Riavvia Miner"
"Remote access","Accesso remoto"
"more messages","pi√π messaggi"
"Add","Inserisci"
"Password","Parola d'ordine"
"Description","Descrizione"
"Add New Worker","Aggiungi Miner"
"RigForm.EnterWorkerName","Inserisci Nome Miner, IP"
"RigForm.EnterWorkerPassword","Inserisci Password Miner"
"RigForm.EnterWorkerDescription","Inserisci descrizione Miner"
"rejected","respinto"
"shared","condivisa"
"Upgrade to","L'aggiornamento a"
"New features","Nuove caratteristiche"
"New version","Nuova versione"
"Current version","Versione attuale"
"SaveOCModal","SaveOCModal"
"Enter Name","Inserisci il nome"
"SaveOverclockingAsTemplate.Name","Nome profilo overclocking"
"SaveOverclockingAsTemplate.Title","Salva Overclocking come modello"
"Set","Impostato"
"Default","Predefinito"
"Choose URL","Scegli l'URL"
"ServerUrlFrom.Help3","Stai attento! Prepara sempre l'accesso fisico o di rete (SSH) al lavoratore prima di modificare questa impostazione. Se l'operatore non √® in grado di connettersi all'URL selezionato, diventer√† Offline per Hive. L'URL mirror √® salvato in /hive-config/rig.conf dove puoi modificarlo manualmente."
"ServerUrlFrom.Help2","Se lo lasci come 'Default', allora {os} pu√≤ decidere dove connetterti. Di solito sar√† il primo della lista."
"ServerUrlFrom.Help1","Se si verificano problemi con la connessione del server {os} dal proprio worker e si verificano spesso falsi eventi Offline / Online, √® possibile provare a scegliere un URL di connessione al server diverso. A volte c'√® un problema con il firewall (proprio o ISP) e la porta di commutazione potrebbe aiutare."
"Mirror Select","Selezione Specchio"
"Stats","Statistiche"
"gpu","gpu"
"for 24 hours","per 24 ore"
"View all","Guarda tutto"
"day","giorno"
"Day left","Giorno passato"
"Days left","Giorni rimasti"
"New Tag Name","Nuovo nome tag"
"Add Tag","Aggiungi Tag"
"Add tag","Aggiungi Tag"
"Explore transaction","Esplora la transazione"
"Referrals.TransactionsNotFound","Nessuna transazione ancora"
"Upload VBIOS","Carica VBIOS"
"VBIOS ROM file","File ROM VBIOS"
"UploadingBiosFromLabel","Forza il lampeggiamento indipendentemente o il controllo di sicurezza"
"Upload","Caricare"
"VPN.ClientConf","client.conf (con certs incorporati carica solo questo file)"
"Login (auth-user-pass)","Login (auth-user-pass)"
"Password (auth-user-pass)","Password (auth-user-pass)"
"Address","Indirizzo"
"Enter wallet address","Inserisci l'indirizzo del portafoglio"
"Enter wallet name","Inserisci il nome del portafoglio"
"Accepted shares ratio","Grado di azioni accettate"
"Invalid shares","Condivisioni non valide"
"High Temperature","Alta temperatura"
"Low hashrate","Basso hashrate"
"cores","nuclei"
"Hive OS Version:","Versione del sistema operativo {os}:"
"Power:","Energia:"
"Free disk space:","Spazio libero su disco:"
"Restart","Ricomincia"
"Stop","Stop"
"Shut Down","spegnimento"
"Overclocking templates","Profili di overclocking"
"WorkerActions.Upgrade","Vuoi aggiornare i lavoratori all'ultima versione del sistema operativo?"
"WorkerMiner.Tooltip","Accettato respinto Rapporto non valido, accettato"
"NoStatsFoundSoFar","Nessuna statistica trovata finora"
"Delete","Cancellare"
"You can","Puoi"
"create one","crearne uno"
"FarmsAccess.NoUsersFound","Nessun utente trovato finora."
"Owner","Proprietario"
"Access Levels","Livelli di accesso"
"User name","Nome utente"
"UserEditForm.GrantAccessProject","Concedere l'accesso al progetto"
"Grant access","Concedere l'accesso"
"Access Levels...","Access Levels..."
"User login","Login utente"
"ProjectAccess.TrustUserDescription","√à possibile concedere l'accesso di controllo alla propria farm ad altri utenti, ad esempio, √® possibile concedere privilegi di accesso completo ai propri amministratori per consentire loro di gestire tutto al posto dell'utente. Oppure puoi concedere al tuo staff tecnico i privilegi di accesso Monitor di sola lettura che eseguono semplici operazioni di manutenzione e monitoraggio e nient'altro."
"Profile","Profilo"
"Telegram","Telegramma"
"here","Qui"
"Bio","Bio"
"Update Info","Aggiornare le informazioni"
"Company Info","Informazioni sull'azienda"
"Skype","Skype"
"Phone","Telefono"
"API docs are","I documenti API sono"
"Account.SetupTFAuth","Configura autenticazione a due fattori"
"Account.TFAuth","Autenticazione a due fattori"
"Update Password","Aggiorna password"
"Confirm New Password","Conferma la nuova password"
"Account.PasswordError","La password deve contenere 8 o pi√π caratteri."
"New Password","nuova password"
"Current Password","Password attuale"
"Full Name","Nome e cognome"
"Account.ProfileSettings.Header","Impostazioni del profilo dell'account"
"Language","linguaggio"
"Account.BIODescription1","Ulteriori informazioni su di te."
"Account.BIODescription2","√à opzionale"
"Account.AuthenticationDecstiption","Abilita per dare al tuo account OS Hive un ulteriore livello di sicurezza."
"Account.PasswordDescription","La modifica della password resetter√† anche la tua chiave API."
"Account.ProfileDescription","Il tuo login √® la tua identit√† su {os} e viene utilizzato per accedere."
"6 digits code","Codice a 6 cifre"
"Enable 2FA","Abilita 2FA"
"Turn off 2FA","Disattiva 2FA"
"Account.AuthenticationTokenButton","Genera un nuovo token API personale"
"Authentication Tokens","Token di autenticazione"
"Account.AuthenticationToken","L√¨ puoi gestire i tuoi token API personali. Puoi crearne uno nuovo per la tua terza applicazione. O rimuovere la sessione diffidente"
"Personal Tokens","Token personali"
"Session Tokens","Token di sessione"
"Authy","Authy"
"Account.AuthenticationTwoFactor3","che pu√≤ essere installato su pi√π dispositivi, incluso Desktop."
"Account.AuthenticationTwoFactor4","Scannerizza il codice con la tua macchina fotografica e inserisci il codice qui sotto."
"Farm Activity Feed","Feed attivit√† agricola"
"Pay","pagare"
"Payments","pagamenti"
"Amount to refill, $","Importo da ricaricare, {currencySymbol}"
"Your Current Balance","Il tuo saldo attuale"
"Payments History","Storia dei pagamenti"
"Farms Balance","Farms Balance"
"Free","Gratuito"
"Invoice","Fattura"
"days left","giorni rimanenti"
"Disable Paid Features","Disabilita funzioni a pagamento"
"Enable Paid Features","Abilita funzioni a pagamento"
"Log in","Accesso"
"Return to","Ritornare a"
"Reset password","Resetta la password"
"Type email to recover password","Digita email per recuperare la password"
"Error.Text","Spiacenti, si √® verificato un errore critico in questa pagina."
"Just one step!","Solo un passaggio!"
"create wallet","creare portafoglio"
"first!","primo!"
"Farm.FarmsFs.Description","Per gestire i fogli di volo di cui hai bisogno"
"FarmOC.EmptyMessage","Nessun profilo di overclock trovato finora. Puoi"
"Add OC Template","Aggiungi profilo OC"
"Incoming farms","Farm in ingresso"
"Log in your account","Accedi al tuo account"
"2FA code (if enabled)","Codice 2FA (se abilitato)"
"Remember me","Ricordati di me"
"Forgot password?","Ha dimenticato la password?"
"Register","Registrare"
"Don't have account yet?","Non hai ancora un account?"
"Referral Link","Referral Link"
"Referral.ReferralLink1","Metti questo link ovunque tu possa e le persone marceranno se seguono questo link. Dopo che si registrano, ottieni"
"Your referral","Il tuo referral"
"Copy to Clipboard","Copia negli appunti"
"Promo Code","Codice promozionale"
"Referral.PromoCodeDescription1","A volte non puoi dare il tuo link alle persone. Qui puoi generare il tuo promocode unico come 'MIKESHIVE' o 'SAVEBUCKSFORLAMBO'. Se sei un venditore di hardware o un negozio di servizi o qualsiasi altra attivit√† offline, questo potrebbe funzionare per te. Per motivare i clienti a registrarsi con il tuo codice, l'{os} depositer√†"
"Referral.PromoCodeDescription2","al loro account una volta che lo fanno."
"ETH Wallet Address","Indirizzo ETH Wallet"
"Referral Balance","Bilancio di riferimento"
"Deposit to Hive","Deposito per  {os}"
"ReferralTransactionsHistory","Cronologia delle transazioni dei referral"
"Referral.BalanceDescription2","Specifica l'indirizzo del tuo portafoglio ETH per i pagamenti automatici all'inizio di ogni mese."
"Referral.BalanceDescription1","minatori uniti dal tuo invito."
"Referral.BalanceDescription3","I ritiri dei referral vengono effettuati una volta al mese. Sarai pagato se hai impostato l'indirizzo qui."
"Referral.BalanceDescription4","Il pagamento minimo √® di {currencySymbol}{amount}."
"Referral.BalanceDescription5",""
"Referral.PromoCodeYoungAccount","Il tuo account √® molto giovane per utilizzare i promocodes."
"Referral.BalanceDescription","Non hai ancora alcun premio per i referral."
"Passwords do not match","le passwords non corrispondono"
"Create new account","Crea un nuovo account"
"Confirm password","Conferma password"
"Register.CheckboxLabelText","Facendo clic su Registra sei d'accordo con"
"Terms","condizioni"
"Register.HaveAccount","Hai gi√† un account?"
"RestorePassword.Message","Password di invio riuscita, controlla la tua email"
"Remove all","Rimuovi tutto"
"Id","Id"
"Activity Feed","Feed attivit√†"
"Build Log","Crea registro"
"Other","Altro"
"Flight Sheet","Foglio di Lavoro"
"Flight Sheets","Fogli di Lavoro"
"FlightSheets.Message","Per iniziare il minaggio seleziona il foglio di lavoro"
"StartConfOverclocking","Avvia Configura Overclocking"
"Flash VBIOS","Flash VBIOS"
"OverclocingSettingsFoundSoFar","Nessuna impostazione di Overclocking trovata finora."
"Load From Template","Carica da modello"
"Save As Template","Salva come modello"
"Reset All","Resetta tutto"
"Configure New Algo","Configura nuovo Algo"
"Transfer","Trasferimento"
"Advanced Settings","Impostazioni avanzate"
"Confirmation required","Conferma richiesta"
"Settings.RemoveProject2","Il progetto rimosso NON pu√≤ essere ripristinato! Sei ASSOLUTAMENTE sicuro?"
"Settings.RemoveProject3","Questa azione pu√≤ portare alla perdita di dati. Per prevenire azioni accidentali ti chiediamo di confermare la tua intenzione"
"Please type","Per favore digita"
"Settings.RemoveProject4","per procedere o chiudere questa modal per annullare."
"Settings.RemoveProject1","Stai per rimuovere il lavoratore"
"Remove Worker","Rimuovi lavoratore"
"Settings.RemovedWorker","Removed Worker non pu√≤ essere ripristinato!"
"Update Worker","Aggiorna lavoratore"
"Worker Name","Nome del lavoratore"
"Worker Settings","Impostazioni del lavoratore"
"OpenVPN Config","OpenVPN Config"
"Are you sure?","Sei sicuro?"
"Worker Password","Password del lavoratore"
"Settings.ChangePass1","Se cambi la password solo nel database e c'√® un lavoratore attivo che la usa, il lavoratore andr√† offline."
"Settings.ChangePass2","Cambia password in DB e prova a cambiarlo su worker. Cercher√≤ di cambiare la password sul lavoratore online. La password verr√† modificata solo dopo la notifica dal lavoratore."
"Settings.ChangePass3","Cambia password solo nel DB. Il lavoratore con la password corrente sar√† offline."
"Transfer Worker","Trasferisci lavoratore"
"Settings.WalletTransferFarm","Sposta lavoratore in un'altra farm"
"Settings.RemoveProject5","Vuoi rimuovere lavoratore?"
"Settings.WalletTransfer","Il portafoglio non viene trasferito con il lavoratore. Per favore applica il portafoglio da un'altra fattoria dopo che questa mossa √® stata completata."
"Settings.ConfirmTransferWorker","Vuoi trasferire lavoratore?"
"Select farm","Seleziona fattoria"
"Settings.TransferWorker","Il foglio di volo non viene copiato con il lavoratore. Si prega di applicare il foglio di volo in una nuova fattoria dopo lo spostamento."
"Transfer Worker?","Trasferisci lavoratore?"
"Tuning","Messa a punto"
"Worker","Lavoratore"
"Online","in linea"
"With Errors","Con errori"
"Hide filters","Nascondi i filtri"
"Show filters","Mostra filtri"
"with","con"
"Name changed","Nome cambiato"
"Farm settings","Impostazioni dell'azienda agricola"
"Settings.MargeProject","Puoi unire il progetto solo ad altri che gestisci."
"Merge Project","Unisci progetto"
"Transfer Project","Trasferisci progetto"
"Type project name","Digita il nome del progetto"
"Select user login","Seleziona login utente"
"Remove Project","Rimuovi progetto"
"Farm.Setting.Text1","Stai per rimuovere la fattoria"
"Type Project Name","Digita il nome del progetto"
"You are going to merge farm","Stai per unire la fattoria"
"Merged project CANNOT be restored!","Il progetto unito NON pu√≤ essere ripristinato!"
"Are you ABSOLUTELY sure?","Sei ASSOLUTAMENTE sicuro?"
"Save Changes","Salva I Cambiamenti"
"Timezone changed","Il fuso orario √® cambiato"
"Farm changed","Farm cambiata"
"Farm.Settings.TagsDescription","Aggiungi i tuoi tag personalizzati per contrassegnare i lavoratori"
"Farm.Settings.RemoveDescription1","La rimozione del progetto eliminer√† il suo repository e tutte le risorse correlate, inclusi problemi, richieste di unione, ecc."
"Farm.Settings.RemoveDescription2","I progetti rimossi non possono essere ripristinati!"
"Farm Title","Titolo di farm"
"Remove Farm","Rimuovi Farm"
"Question.ChangeFarmOwner","Cambiare il proprietario della farm?"
"ChangeOwnership","per cambiare la propriet√† a"
"Leave Farm","Lascia Farm"
"Settings.LeaveFarm","Dopo questo non avrai pi√π accesso a questa farm"
"RemoveFarmAccess","to remove farm access"
"Question.RemoveAccess","Vuoi rimuovere il tuo accesso?"
"Question.RemoveFarm","Vuoi rimuovere la farm?"
"Question.LeaveFarm","Vuoi lasciare la farm?"
"Farm.Setting.FarmHashDescription1","L'hash farm viene utilizzato per connettere worker to farm senza pre-elaborarlo sul Web."
"Farm.Setting.FarmHashDescription2","Basta installarlo"
"Farm.Setting.FarmHashDescription3","prima della prima esecuzione."
"More details","Pi√π dettagli"
"Farm Hash","Farm Hash"
"Transfer farm","Trasferisci farm"
"Farm.Setting.TransferDescription","Trasferisci la farm a un altro utente. Inserisci il login dell'utente esistente che sar√† il proprietario della nuova farm."
"No wallets found so far.","Nessun portafoglio trovato finora."
"FlightSheetForm.NamePlaceholder","Inserisci il nome del foglio di volo"
"FSFormItem.DcriHelp","Decrescente / Siacoin / Lbry / Pascal. Il valore predefinito √® 30. Per il valore ragionevole PASC √® di circa 10, per SIA √® di circa 15. Valori pi√π alti causeranno il dropdown sul mining ETH."
"PoolConfigModal.Advanced","Configurazione avanzata"
"PoolConfigModal.AdvancedHint","<strong> Fai attenzione. </ strong> Ogni URL deve essere una nuova riga."
"PoolConfigModal.PoolUrls","Inserisci URL"
"FS.ConfiguredInMiner","Configurato in minatore"
"AutoFan","autofan"
"Token","Gettone"
"PageNotFound","Siamo spiacenti, questa pagina non esiste"
"ConfirmPassword.Message","Inserisci la nuova password e inviare token sulla tua email"
"Ethminer.OpenCLCudaHint","Scegli la piattaforma GPU da usare. Si noti che l'uso di OpenCL e CUDA potrebbe fallire. Prova a usare <code> - opencl-platform 1 </ code> o <code> 0 </ code> in Extra Params per farlo funzionare."
"AllRedTemps.Hint","La temperatura sar√† colorata in rosso sopra questi valori"
"RedTemp.Hint","La temperatura sar√† colorata in rosso sopra questo valore"
"AutoFans.NoAMD","Non controllare le schede AMD, solo Nvidia"
"AutoFans.Info","Abilita il controllo delle ventole. Manterr√† la GPU vicino alla temperatura target. L'attivit√† mineraria verr√† interrotta in condizioni critiche. Non dimenticare di disattivare il controllo della ventola in minatore per le schede AMD."
"RadeonCardFrom.coreState.text3","Il 'Livello di potenza' del core della GPU. Per le carte RX √® un valore da"
"RadeonCardFrom.AggressiveUndervolting","Sottovoltaggio aggressivo (imposta OC per ogni stato DPM)"
"Settings.VPN","La VPN non pu√≤ essere cambiata adesso. Il comando √® in esecuzione"
"VPN.HelpInfo","I file saranno nominati come segue, quindi i certificati in client.conf dovrebbero essere denominati ca.crt, client.crt, client.key. Inoltre √® possibile incorporare i certificati in client.conf e caricare un solo file."
"Required filed","Richiesto archiviato"
"Promocode","Codice promozionale"
"GPU","GPU"
"ASICS","ASICS"
"Account Login","Account login"
"Password changed","Password cambiata"
"Settings.transferTargetText","Hai gi√† inviato una richiesta di trasferimento a"
"FarmTempHeader.GPUCriticalTemperature","Temperatura critica della GPU"
"Account.AuthenticationTwoFactor1","BACKUP questo codice. Il modo migliore √® creare uno screenshot e stamparlo."
"Account.AuthenticationTwoFactor2","Se si perde il codice, non sar√† possibile ripristinare l'accesso all'account in caso di perdita del dispositivo di autenticazione (il telefono)."
"SelectAmd","Seleziona la carta AMD"
"Activity","Attivit√†"
"Access","Accesso"
"Settings","impostazioni"
"Unsubscribe","Annulla l'iscrizione"
"File shouldn't be empty","Il file non dovrebbe essere vuoto"
"TheLatestActivity","L'ultima attivit√†"
"Referal.EnterPromocode","Il tuo codice promozionale creativo qui"
"FlightSheetFrom.AddMiner","Se hai bisogno di gestire diversi minatori"
"Settings.NotificationSubscribe","Non sei iscritto."
"OverclockingAlgoFrom.Title1","Modifica le impostazioni di overclocking"
"OverclockingAlgoFrom.Title2","Configura le impostazioni di overclocking"
"NewWallet","Nuovo portafoglio"
"EditWallet","Modifica portafoglio"
"Settings.Notifications.AccountLogin","Account login"
"Settings.Notifications.DetectedWorkerOffline","Rilevato lavoratore offline"
"Settings.Notifications.DetectedWorkerOnline","Rilevato lavoratore online"
"Settings.Notifications.WorkerBooted","Booting del lavoratore"
"Settings.Notifications.ErrorMessages","Messaggio di errore"
"Settings.Notifications.WarningMessages","Messaggi di avvertimento"
"Settings.Notifications.InfoMessages","Messaggi informativi"
"Settings.Notifications.SuccessMessages","Messaggi di successo"
"Settings.Notifications.GPUTemp","Temp GPU> = Temp rosso + 3 ¬∞"
"Settings.Notifications.HourlySummary","Riepilogo orario"
"ConfirmTransferToHive.Title","Quanto mandare a depositare {os}?"
"ConfirmTransferToHive.ErrorMessage","Non hai abbastanza quantit√†"
"FS.ConfirmatioTitle","Attenzione! Questo foglio di volo √® in esecuzione presso altri lavoratori"
"FS.ConfirmatioMessage","Vuoi correre come nuovo foglio di volo su questo lavoratore o aggiornare con altri lavoratori?"
"FS.UpdateAll","Aggiorna tutti i lavoratori"
"FS.CreateNewFS","Crea nuovo file"
"NvidiaCardForm.DelayPill","Ritardare in secondi prima di eseguire la pillola"
"NvidiaCardForm.DelayPillHint","Pu√≤ aiutare a prevenire il bug su alcune schede 1080, provare a impostare questo valore su 120 e oltre."
"WorkerSettings.CardsQuantityHint","Il numero di identificatori nel miner √® aumentato automaticamente. Ma se √® necessario ridurli, si prega di aggiornare questo parametro"
"WorkerSettings.CardsQuantityPlaceholder","Inserisci numero"
"Cards Quantity","Quantit√† di carte"
"WorkerSettings.DisableGUI","Disattiva la GUI all'avvio"
"WorkerSettings.DisableGUIHint","Non avviare X server, solo console, nessun OC per Nvidia"
"WorkerSettings.Resend","Invia nuovamente tutte le configurazioni"
"WorkerSettings.ResendHint","Nel caso in cui il lavoratore non sia sincronizzato, √® possibile inviare tutti i minatori, OC e altre configurazioni."
"Push","spingere"
"MinerForm.Template.examples","Esempi di modelli"
"MinerForm.Template.forMost","per la maggior parte delle piscine"
"MinerForm.Template.for","per"
"MinerForm.Template.text1","Per la corretta stringa del modello, leggi la sezione di aiuto del pool, hanno i dettagli su come formattarlo."
"MinerForm.Template.text2","saranno sostituiti con valori corretti dal portafoglio."
"MinerForm.Template.text3","sar√† sostituito con il nome del lavoratore."
"WDConfig.EnableWatching","Abilita la sorveglianza per hashrate, se scende al di sotto del minimo allora ci sar√† il tentativo di riavviare minatore."
"WDConfig.RestartNotHelp","Se il riavvio del miner non aiuta, verr√† fatto il riavvio completo"
"WDConfig.On","Hashrate Watchdog On"
"WDConfig.Off","Hashrate Watchdog Off"
"WDConfig.SetUsed","Imposta i valori per i miner usati"
"WDConfig.SetOther","Imposta i valori per gli altri miner"
"ConsoleCommand.ShowInfo","mostra informazioni sulle carte Nvidia"
"ConsoleCommand.ShowFreq","mostra le frequenze correnti per le schede AMD"
"ConsoleCommand.LogsRam","salva nella RAM per salvare le unit√† flash USB"
"ConsoleCommand.LogsDisk","registri su disco, rimarr√† dopo il riavvio"
"ConsoleCommand.ShowFreqAmd","mostra le frequenze correnti per le schede AMD"
"ConsoleCommand.AmdExtended","mostra informazioni estese sulla scheda AMD"
"ConsoleCommand.AmdVoltage","mostra tabella delle tensioni per AMD GPU # 0"
"ConsoleCommand.SayHello","saluta di nuovo il server per aggiornare i dati"
"ConsoleCommand.ServiceBoot","mostra il log di avvio del servizio {os}"
"ConsoleCommand.SendReset","invia il comando 'reset' al watchdog di OpenDev"
"ConsoleCommand.SendPower","invia il comando 'power' al watchdog di OpenDev"
"ConsoleCommand.GpuScript","script per trovare la GPU facendo girare i fan"
"Deselect","Deseleziona"
"Overclocking Templates","Profili di overclocking"
"MinerForm.Url.PoolUrl","URL del pool incluso protocollo e porta simile"
"MinerForm.Url.ForFailOver","Per i pool di failover √® sufficiente scriverli nella riga successiva, pass √® usato per tutti."
"MinerForm.BminerForm.With","con"
"MinerForm.BminerForm.More","Di Pi√π"
"MinerForm.Url.ItHas","Ha il formato di"
"MinerForm.Url.LooksLike","Ad esempio, sembra"
"MinerForm.Url.Subscribe","se usi flypool. Sostituire"
"MinerForm.Url.IfYou","se ci si collega al pool tramite SSL."
"MinerForm.Url.Examples","esempi di bminer"
"MinerForm.UserConfig.Text1","Metti extra parametri alla configurazione se ti serve. Uno su ogni riga nel seguente formato senza virgole o punti alla fine della riga. Fare riferimento alla configurazione generata per i valori di configurazione del minatore disponibili."
"MinerForm.UserConfig.Text2","imposta la frequenza"
"MinerForm.UserConfig.Text3","imposta la tensione"
"MinerForm.UserConfig.Text4","metodi disponibili API minatore"
"MinerForm.BMinerConfig.Text1","Puoi mettere qui qualcosa di simile"
"MinerForm.BMinerConfig.Text2","Elenco separato di spazio dei dispositivi cuda"
"MinerForm.BMinerConfig.Text3","Altre opzioni qui"
"MinerForm.BMinerConfig.Text4","Riferimento Bminer"
"MinerForm.Fork.List","L'elenco dettagliato delle forcelle √®"
"MinerForm.Fork.here","Qui"
"MinerForm.Fork.Run","Correre"
"MinerForm.Fork.Check","per controllare gli aggiornamenti della forcella."
"MinerForm.Algo.Which","Quale algoritmo usare per il mining. Per"
"MinerForm.Algo.ItShould","dovrebbe essere"
"MinerForm.Algo.Example","per esempio"
"MinerForm.InstallUrl.Where","URL dove ottenere"
"MinerForm.InstallUrl.Package","pacchetto. Non verr√† scaricato se gi√† installato."
"MinerForm.Miner","Questo √® il nome del minatore installato. Piace"
"MinerForm.CCPoolExtra","Metti extra parametri alla piscina se ti serve. Uno su ogni riga nel seguente formato senza virgole o punti alla fine della riga. Parametri di esempio"
"MinerForm.CCExtra.Text1","Questi sono parametri extra per il minatore. Uno su ogni riga nel seguente formato senza virgole o punti alla fine della riga. Parametri di esempio"
"MinerForm.CCExtra.Text2","discarica verbosa di attivit√† a livello di protocollo"
"MinerForm.CCExtra.Text3","elenco separato da virgola dei dispositivi CUDA da utilizzare"
"MinerForm.CGMInerConf.Text1","Metti extra parametri alla configurazione se ti serve. Uno su ogni riga nel seguente formato senza virgole o punti alla fine della riga."
"MinerForm.CGMInerConf.Text2","per disattivare il controllo delle ventole"
"MinerForm.CGMInerConf.Text3","Parametri di esempio per Cryptonight"
"MinerForm.CGMInerConf.Text4","Parametri di esempio per Ethash"
"MinerForm.CGMInerConf.Text5","Per vedere cosa c'√® che non va"
"MinerForm.CGMInerConf.Text6","Seleziona il dispositivo da utilizzare, un valore, intervallo e / o virgola separati (ad esempio 0-2,4)"
"MinerForm.CGMinerFork.Text1","Devi provare diverse versioni in quanto ognuna di esse potrebbe non funzionare con alcuni algos o pool."
"MinerForm.CGMinerFork.Text2","Prova anche ad aggiungere"
"MinerForm.CGMinerFork.Text3","e"
"MinerForm.CGMinerFork.Text4","in config per vedere pi√π dettagli per ispezionare il problema."
"MinerForm.CGMinerFork.Text5","L'elenco dettagliato dei fork √®"
"MinerForm.CGMinerFork.Text6","Qui"
"MinerForm.DpoolTpl.Text1","esempio per SIA su nanopool"
"MinerForm.DpoolTpl.Text2","saranno sostituiti con valori corretti dal portafoglio. Per la stringa WALLET corretta, leggi la sezione di aiuto del pool, hanno i dettagli su come formattarlo."
"MinerForm.ClaymoreDescr.Text1","Decrescente / Siacoin / Lbry / Pascal. Il valore predefinito √® 30."
"MinerForm.ClaymoreDescr.Text2","Per PASC il valore ragionevole √® intorno a 10, per SIA √® intorno a 15. Valori pi√π alti causeranno il dropdown sull'estrazione di ETH."
"MinerForm.ClaymoreConfig.Text1","Inserisci qui le impostazioni che desideri visualizzare in config.txt di Claymore, UNO SU OGNI LINEA. Per esempio"
"MinerForm.ClaymoreConfig.Text2","imposter√† i fan al 100%"
"MinerForm.ClaymoreConfig.Text3","imposter√† la temperatura target a 65 ¬∞ C"
"MinerForm.ClaymoreConfig.Text4","per disabilitare il controllo della ventola"
"MinerForm.ClaymoreConfig.Text5","utilizzare GPU 3, 4, 10, 11"
"MinerForm.ClaymoreConfig.Text6","Per favore riferisci a"
"MinerForm.ClaymoreConfig.Text7","Documentazione di Claymore"
"MinerForm.ClaymoreConfig.Text8","per altre impostazioni"
"MinerForm.CpuMinerConfig.Text1","Metti extra parametri alla configurazione se ti serve. Uno su ogni riga nel seguente formato senza virgole o punti alla fine della riga. Parametri di esempio"
"MinerForm.CpuMinerConfig.Text2","numero di thread minatore (predefinito: numero di processori). Raccomandazione per la maggior parte degli algos n = core - 1"
"MinerForm.CpuMinerConfig.Text3","impostare affinit√† di processo per core (s) CPU, maschera 10 (0xA) per core 1 e 3"
"MinerForm.CpuMinerConfig.Text4","temp in gradi Celsius (il valore predefinito √® 85), interrompi il mio."
"MinerForm.Server","Per i pool di failover √® sufficiente scriverli nella riga successiva, pass √® utilizzato uno per tutti."
"MinerForm.DstmConf.Text1","Puoi mettere qui qualcosa di simile"
"MinerForm.DstmConf.Text2","Elenco separato da virgola di dispositivi cuda"
"MinerForm.DstmConf.Text3","Riduci il carico, elenco separato da vir_id di dev_id: valori di intensit√†"
"MinerForm.DstmConf.Text4","Il carico di lavoro di ciascuna GPU verr√† regolato continuamente in modo tale che la temperatura rimanga intorno a questo valore. Elenco separato da virgola di dev_id: valori di target temp, ad es"
"MinerForm.EthServ.Text1","Per la rete utilizzare uno dei seguenti schemi"
"MinerForm.EthServ.Text2","Per gli strati utilizzare uno dei seguenti schemi"
"MinerForm.EthServ.Text3","Esempi"
"MinerForm.EthConf.Text1","Puoi mettere qui qualcosa di simile"
"MinerForm.EthConf.Text2","quali dispositivi OpenCL su cui lavorare"
"MinerForm.EthConf.Text3","quali dispositivi CUDA su cui lavorare"
"MinerForm.EwbtConf.Text1","Metti extra parametri alla configurazione se ti serve. Uno su ogni riga nel seguente formato senza virgole o punti alla fine della riga. Parametri di esempio"
"MinerForm.EwbtConf.Text2","per utilizzare solo GPU specifiche"
"MinerForm.EwbtConf.Text3","per impostare un limite di temperatura personalizzato"
"MinerForm.LolConf.Text1","Puoi mettere qui qualcosa di simile"
"MinerForm.LolConf.Text2","Elenco separato da virgola di dispositivi"
"MinerForm.OptiConf.Text1","Puoi mettere qui qualcosa di simile"
"MinerForm.OptiConf.Text2","ID dispositivo OpenCL da utilizzare. Se non vengono specificati dispositivi, vengono utilizzati tutti"
"MinerForm.OptiConf.Text3","L'ID della piattaforma OpenCL da utilizzare"
"MinerForm.OptiConf.Text4","Intensit√† del lavoratore 0 indica il rilevamento automatico in base alla memoria disponibile"
"MinerForm.XmConf.Text1","Metti extra parametri alla configurazione se ti serve. Uno su ogni riga nel seguente formato senza virgole o punti alla fine della riga. Parametri di esempio"
"MinerForm.XmConf.Text2","ridurre l'utilizzo della CPU dal 75% al ‚Äã‚Äã50%"
"MinerForm.XmConf.Text3","Altri parametri trovano in"
"MinerForm.XmConf.Text4","xmrig doc"
"MinerForm.XmUrl.Text1","L'indirizzo del pool deve essere nel modulo"
"MinerForm.XmUrl.Text2","Sono supportati solo i pool di strati"
"MinerForm.XmUrl.Text3","Per i pool di failover √® sufficiente scriverli nella riga successiva, pass √® utilizzato uno per tutti"
"MinerForm.XmStakCpuUrl.Text1","L'indirizzo del pool deve essere nel modulo"
"MinerForm.XmStakCpuUrl.Text2","Sono supportati solo i pool di strati"
"MinerForm.XmrAmd.Text1","Contenuto completo di amd.txt, esempio di seguito"
"MinerForm.XmrAmd.Text2","Per disabilitare le GPU AMD"
"MinerForm.XmrAmd.Text3","Guida al tuning"
"MinerForm.XmrNvidia.Text1","Contenuto completo di nvidia.txt, esempio di seguito"
"MinerForm.XmrNvidia.Text2","Per disabilitare le GPU Nvidia"
"MinerForm.XmrNvidia.Text3","Guida alla sintonizzazione"
"MinerForm.XmrCpu","Contenuto completo di cpu.txt, esempio di seguito"
"per","per"
"OC.DefaultConfig","Configurazione predefinita"
"OC.DefaultHint","Usato di default. Pu√≤ essere sovrascritto dalla configurazione di algo"
"Account.AuthenticationTokenCurrent","Gettoni sessione correnti"
"Account.AuthenticationTokenOther","Altri token di sessione"
"Enter amount","Inserire l'importo"
"Send","Inviare"
"Revoke","Revocare"
"Monitor","Tenere sotto controllo"
"Tech","Tech"
"AccessLevel.Monitor","Monitor e statistiche, dettagli del lavoratore. I tag possono essere assegnati per limitare la visibilit√† dei lavoratori per l'account fidato."
"AccessLevel.Tech","Overclock, Reboot and Shutdown, Upgrade."
"AccessLevel.Rocket","Applicare minatore e portafoglio al lavoratore. Crea ed elimina lavoratori."
"AccessLevel.Advanced","Esegui comandi, VPN, Portafogli, Ottimizzazione."
"AccessLevel.Full","Password, 2FA, Notifiche, Pagamenti, Propriet√†."
"Full Access","Accesso completo"
"Advanced","Avanzate"
"CompactView.Status.InvalidShares","Rapporto basso o azioni non valide"
"CompactView.Status.HightTemperature","Alta temperatura"
"CompactView.Status.LowHashrate","Basso hashrate"
"Load Avg","Carico medio"
"Subscribed","sottoscritto"
"Create Flight Sheets","Crea fogli di volo"
"Worker.FlightSheets.epmtyMessage","Per iniziare l'estrazione"
"FS.ActiveFSEdit","Questo foglio di volo √® attivo."
"FS.ApplyAll","Tutti i lavoratori"
"FS.AttachedWorlers","Lavoratori collegati"
"FS.ChangesWillBeApplied","Le modifiche verranno applicate a tutti i lavoratori che utilizzano questa FS."
"FS.NewFSWillBeCreated","Le nuove FS verranno create per questo worker e applicate solo ad esso."
"FS.OnlyThis","Solo questo lavoratore"
"Account.WhiteList","WhiteList"
"Account.WhiteListHint","Qui puoi limitare gli IP che hanno permesso l'accesso al tuo account. I valori sono separati da spazi."
"Account.WhiteListHint2","Il tuo attuale indirizzo IP √®."
"Account.WhiteListHint3","I controlli di base vengono eseguiti sul server in modo da non interromperli."
"Account.WhiteListExamples","Esempi:"
"Account.WhiteListExample1","√® consentito un solo indirizzo IP"
"Account.WhiteListExample2","sono ammessi due IP"
"Account.WhiteListExample3","corrisponder√† a qualsiasi IP staring con 172.217.16."
"Account.WhiteListExample4","corrisponder√† a qualsiasi IP staring con 172.217.d"
"Account.WhiteListExample5","singolo indirizzo IPV6"
"Account.WhiteListExample6","corrisponder√† a qualsiasi indirizzo IPV6 che inizia con 2001: db8 ::"
"Account.WhiteListPlaceholder","Inserisci l'indirizzo IP"
"Account.WhiteListAddNewPlaceholder","Inserisci il nuovo indirizzo IP"
"CoinPaymentsDeposits","Depositi CoinPayments"
"Billing.TransactionFee","Aggiungi la QUOTA DI TRANSAZIONE alla quantit√† specificata"
"Billing.FAQ","Domande frequenti sul pagamento"
"WorkerSettings.GuiTurnedOn","GUI abilitato"
"WorkerSettings.GuiTurnedOff","GUI disabilitata"
"VPN.TurnedOn","VPN attivata"
"VPN.TurnedOff","VPN disattivata"
"Account.AuthenticationTwoFactor5","Google Authenticator non √® la scelta migliore, perch√© se perdi il telefono, i tuoi codici non funzionano pi√π. Un consiglio sarebbe da usare"
"BillingFarm.DaysUntil","Giorni fino alla chiusura della farm"
"BillingFarm.ToLock","giorni per bloccare"
"AMD","AMD"
"Card Types","Tipi di scheda"
"TEMP","Temperature (TEMP)"
"FAN","Ventola (FAN)"
"Core","Core"
"MEM","Memoria (MEM)"
"FlightSheets.ToManage","Vai a gestire i tuoi portafogli"
"FlightSheets.WalletsPage","Pagina dei portafogli"
"FS.WallAddress","Indirizzo del portafogli"
"Claymore User Config","Claymore User Config"
"2FA.ON","Autenticazione a due fattori attivata"
"2FA.OFF","Autenticazione a due fattori disattivata"
"Account.TwoFactorDisableDescription","Inserisci il codice per disabilitare 2FA. Il codice QR salvato (segreto) non funzioner√† pi√π, puoi cancellarlo dopo."
"MinerForm.Custom.InstallationUrl","URL di installazione"
"MinerForm.Custom.MinerName","Nome del minatore"
"AutoFans.ON","AutoFan On"
"AutoFans.OFF","AutoFan Off"
"AutoFans.TargetTemp","Temperatura target"
"AutoFans.MinFan","Minima velocit√† della ventola"
"AutoFans.MaxFan","Massima velocit√† della ventola"
"AutoFans.Critical","Temperatura critica"
"AutoFans.NoAMDLabel","No AMD"
"AutoFans.RebootOnErrors","Riavvia gli errori"
"WDConfig.Minutes","minuti"
"WDConfig.MinerRestart","Riavvio secondario dopo"
"WDConfig.RebootAfter","Riavviare il rig dopo"
"Server","server"
"Pass","Passaggio"
"Port","Porta"
"Template","Modello"
"Server Urls","URL server"
"PersonalToken.Placeholder","Inserisci il nome per il token personale"
"2FA Disabled","2FA disabilitato"
"2FA Enabled","2FA Abilitato"
"Discount","Sconto"
"Monthly price","Prezzo mensile"
"Daily use","Uso quotidiano"
"Payments.DailyRigsUse","Uso quotidiano di Rigs"
"Payments.DailyRigsPrice","Prezzo giornaliero Rigs"
"Payments.DailyAsicsPrice","Prezzo ASIC giornaliero"
"Payments.DailyAsicsUse","Uso quotidiano ASIC"
"Payments.Refill","Per ricaricare la tua visita di equilibrio"
"rig","impianto"
"Coin.TypeIn","Digitare Coin"
"CoinPaymentsDeposits.ShowAll","Mostra tutti i depositi"
"gained","guadagnato"
"subscribed","sottoscritto"
"OverclockingAlgoTable.CcAlgoResolved","Fai clic su Aggiungi per impostare l'overclocking a questo algo"
"Algo","Algo"
"Billing Page","Pagina di fatturazione"
"Select algo","Seleziona algo"
"more","Di Pi√π"
"PaymentsList.CheckStatus","Controlla il tuo stato di pagamento"
"AsicTable.Chain","Catena"
"AsicTable.ASIC","ASIC"
"AsicTable.Frequency","Frequenza"
"AsicTable.HW","Hardware (HW)"
"AsicTable.Temp","Temperature (TEMP)"
"AsicTable.ASICStatus","Stato ASIC"
"FilterWallets.more","pi√π portafogli"
"Tuned","Tuned"
"MiningInfo.Title","Informazioni Mining"
"MiningInfo.Tuned","Minatore sintonizzato"
"OverclockingAlgoTable.more","Di Pi√π"
"PowerGraph.Power","Energia"
"The latest","L'ultimo"
"for","per"
"PoolConfigModal.EnterUrls","Inserisci URL"
"Intensity:","Intensit√†:"
"Wallet Address","Indirizzo del portafogli"
"Dcoin","Dcoin"
"Example for nanopool","Esempio per nanopool"
"WalletWorkTemplate:","Modello di portafoglio e di lavoro:"
"dstm 0.6.0 had changed config syntax","dstm 0.6.0 aveva cambiato la sintassi di configurazione"
"Action.OCUpdated","Profilo Overclocking aggiornato con successo."
"Action.OCRemoved","Profilo di overclocking rimosso con successo"
"Worker added","Worker Aggiunto"
"Worker removed","Worker Rimosso"
"Worker updated successfully","Worker Aggiornato con successo"
"Password successfully updated","Password aggiornata con successo"
"Worker has been transferred","Il Worker √® stato trasferito"
"Action.RemoveAllWorkersMessages","Tutti i messaggi dei Worker sono stati timossi"
"Action.NowFarmYours","Ora la farm appartiene a te"
"Action.RequestRejected","La richiesta √® stata respinta con successo"
"Action.LoginInvalid","Login non valido"
"Action.KeyUpdated","API KEY aggiornato"
"Action.KeyRemoved","API KEY rimosso"
"Action.KeyAdded","API KEY aggiunta"
"Action.YouUnsubscribed","Hai annullato l'iscrizione"
"Action.YouSubscribed","Ti sei iscritto con successo"
"Action.WorkerUpdated","Worker aggiornato con sucesso"
"Url","url"
"Should be selected at least one server","Dovrebbe essere selezionato almeno un server"
"Filed is required","Archiviato √® richiesto"
"NewRig","Sembra qualcosa di nuovo! Let `s üöÄ al üåï"
"NewRig.Read","Please read the"
"NewRig.Read2","guida d'installazione"
"NewRig.Read3","su come impostare il tuo lavoratore"
"or","o"
"InfoWorker.Password","La password deve contenere uno o pi√π caratteri."
"discount","sconto"
"RemoveWorkerModal.Text1","Stai per rimuovere i lavoratori"
"RemoveWorkerModal.Text2","I lavoratori rimossi NON POSSONO essere ripristinati! Sei ASSOLUTAMENTE sicuro?"
"RemoveWorkerModal.Text3","Questa azione pu√≤ portare alla perdita di dati. Per prevenire azioni accidentali ti chiediamo di confermare la tua intenzione"
"Workers removed","Worker Rimossi"
"Shut down worker?","Spegnere il Worker?"
"Shut down workers?","Spegnere i Worker?"
"High Load Avg.","Alto carico medio"
"Payments.PricePerRig","Price Per Rig"
"Payments.PricePerAsic","Price Per ASIC"
"30 minutes","30 minutes"
"1 hour","1 hour"
"From farm balance","From farm balance"
"Connect via","Connect via"
"ConsoleCommand.Hello","say hello to server for data refresh"
"ConsoleCommand.Dmesg","show info about core loading and drivers"
"ConsoleCommand.BminerApi","show bminer API info"
"ConsoleCommand.CgminerApi","show cgminer API info"
"ConsoleCommand.Selfupgrade","update to latest version"
"ConsoleCommand.InnosiliconEnableCron","enable cgminer restart once per 24h (only for Innosilicon)"
"YourFunds","Your Funds"
"FarmBalance","Farm Balance"
"RefillBalance","Refill Balance"
"RefillMethod","Choose method to refill"
"Coinpayments","CoinPayments"
"MyDeposit","My Deposit"
"OtherFarms","Other Farms"
"Referal","Referal"
"AddFee","Add Transaction Fee to specified account"
"WhatIsFee","What is a Transaction Fee"
"RefillFromDeposit","You can refill farm from your deposit"
"BillingInformation","Billing information is updated daily."
"DownloadInvoiceInfo","You can download an invoice for choosen period."
"PaidFeatures","Paid Features"
"PaidFeaturesSSL","Secure communication with API over HTTPS"
"PaidFeaturesStats","Statistics are shown for the past 3 month of usage, while comparably for non-paid accounts it's 3 days"
"Invoices","Invoices"
"PaidFeaturesEnabled","Paid Features Enabled"
"PaidFeaturesDisabled","Paid Features Disabled"
"Payer","Payer"
"PayerInfo","You can set another user to be responsible for depositing farms you own. This user can be your financial manager and requires only Monitor access to your farms."
"PayerTransfer","Transfer responsibility of farm billing"
"PayerUser","Set other user as payer"
"Debt","Debt"
"AutomaticWithdraw","Your funds will automatically withdraw the amount of daily use from Your Funds after zero balance was reached."
"Use deposit, $","Use deposit, {currencySymbol}"
"TransferPaymentOwnership","You can transfer payment ownership of the farms to others"
"ManualyTransfer","You can manually transfer funds from Your Deposit to a farm or a user"
"YourDepositUsage","Your Deposit is used by the default auto-withdrawal for all farms where you are the owner"
"RefillDeposit","Refill Deposit"
"BillingFAQ","Billing FAQ"
"IncomingPayerRequest","Do you agree to pay for the next farms?"
"Action.TransferPayerRole","Request for payer change has been sent"
"Billing.transferTargetPayerText","You have already sent a payer request to"
"AutoFans.CriticalAction","Critical Action"
"AutfanTTHint","Autofan controls the fans. Claymore -tt values are ignored."
"GPURedTemp","GPU Temperature"
"AsicRedTemp","ASIC Temperature"
"MonitorThreshold","Monitor Threshold"
"SignIn","Sign In"
"Daily cost","Daily cost"
"TransferToOthers","Transfer funds to others"
"Action.TransferComplete","Transfer complete"
"TransferRules","You can't send funds to user that doesn't exist"
"Amount to transfer, $","Amount to transfer, {currencySymbol}"
"Disk Model","Disk Model"
"FSMinerDuplicates","Miners can't be duplicated in same flight sheet"
"Account.WhiteListWarning","Don't use this on Dynamic IP (if your ISP changes it or you are Mobile network)"
"NewRig.Read4","To"
"Search","Search"
"Sure want to delete selected flight sheets?","Sure want to delete selected flight sheets?"
"Action.SelectedFlightSheetsRemoved","Selected flight sheets removed"
"Action.SelectedWalletsRemoved","Selected wallets removed"
"AccountIsLockedByAdministrator","Account is locked by administrator"
"Farm.FarmsFs.CreateWalletFirst","To manage Flight Sheets you need {createWalletLink} first"
"NvidiaCardForm.RunningDelay","Delay in seconds before applying overclock"
"MinerThreads","Miner Threads"
"Expand","Expand"
"Collapse","Collapse"
"Hashrate","Hashrate"
"Temperature","Temperature"
"Fans","Fans"
"Status","Status"
"Ratio","Accepted Ratio"
"Units","Units"
"No workers found so far.","No workers found so far."
"Shutdown and then boot after 30 seconds","Shutdown & boot in 30s"
"Export CSV","Export CSV"
"Refresh","Refresh"
"per row","per row"
"ConsoleCommand.Wakeralarm","Shutdown and reboot in 120 seconds"
"Import Flight Sheet","Import Flight Sheet"
"Close","Close"
"Impossible to perform action","Impossible to perform action"
"Invalid file format. JSON expected.","Invalid file format. JSON expected."
"To manage overclocking go to Overclocking Templates page","To manage overclocking go to {overclockingTemplatesHref} page"
"To manage your wallets and flightsheets go to wallets page","To manage your flight sheets or wallets go to {flightSheetsHref} or {walletsHref}"
"Reading file error","Reading file error"
"MinerUptime","Miner Uptime"
"SelectOrAddTag","Select or start to type"
"SelectWorkers","Select workers"
"Mode","Mode"
"code replaced by wallet","{code} will be replaced with correct value from the wallet."
"code replaced by email","{code} will be replaced with correct value from the pool config."
"code replaced by worker","{code} will be replaced with each worker name."
"Pool examples","Pool examples"
"code for manual pool setting","{code} for manual pool setting, for failover pools add them in the next line"
"Only stratum pools pass is used","Only stratum pools are supported. Pass is used one for all."
"url will be replaced with config","{code} will be replaced with pool address:port from pool config"
"host will be replaced with config","{code} will be replaced with pool address from pool config"
"port will be replaced with config","{code} will be replaced with pool port from pool config"
"Set your pool password here","Set your pool password here"
"You can use variable","Some pools are using this field to set worker name. In this case you can use {code} variable."
"Threads example","Threads example"
"Addition information in href","Addition information can be found in {href}"
"or use online configurator","or use {href}"
"Add extra parameters if required","Add extra parameters in the config if required. One per line in the following format without commas or dots at the end of each line."
"For example","For example"
"max-cpu-usage example","{example} reduces CPU usage from 75% to 50%"
"variant: 1 sets PoW-variant to 1","{example} sets PoW-variant to 1"
"Other parameters can be found href","Other parameters can be found {href}"
"enables nicehash.com support","{code} enables nicehash.com support"
"code for hiveon and most of pools","{code} for {hiveon} and most other pools"
"code for other pools","{code} for {pools} and etc."
"List of comma-separated device IDs","List of comma-separated device IDs to use for mining. IDs are numbered 0,1 ‚Ä¶, N - 1"
"Mining intensity","Mining intensity (0 - 6) (default: 6 )"
"Other parameters by href","Other parameters can be found in {href}"
"code for nanopool","{code} for nanopool"
"Use only exact cards","Use only {cards} cards"
"Use only the specified GPUs","Use only the specified GPUs (if more than 10, separate the indexes with comma)"
"You can use variable url","You can use variable {code} which will be replaced with pool address:port from pool config template"
"Failover pools also supported","Failover pools also supported - put one server per line, the first line will be main server. Pass is used one for all."
"Only stratum pools are supported","Notice: Only stratum pools are supported"
"By default mining on all CUDA","By default mining will be on all available CUDA devices, but you can change it here"
"for mining on GPU","for mining on GPU4, GPU5 and GPU6"
"By default used auto intensity","By default auto intensity is used which depends on the algorithm, but users can set their own ‚Äì one value for all or comma separated values for every GPU"
"set intensity all devices","set intensity 22 for all mining devices"
"set intensity exact devices","for x5 GPU rig sets intensity GPU0-1 - 18, GPU2-3 19, GPU4 - 20"
"Most important arguments","Most important arguments for performance are --opencl-threads and --opencl-launch. This arguments depends from card type and algorithm"
"For example for add algorithm","For example for RX580 and x16r algorithm add"
"Please refer href","Please refer {href}"
"Please refer to miner manual","Please refer to the miner's manual for the full list of arguments"
"for mining only on cards","for mining only on {cards} cards"
"for mining only exact GPU","for mining only on GPU3..GPU5"
"Intensity","Intensity, -dcri 0...300"
"The intensity of the secondary mining","The intensity of the secondary mining. Valid values are 0 to 300. Default is 0, for automatic tunning."
"for pools where worker name","for pools where worker name put in password field"
"Check your pool's help for formatting","Check your pool's help section for formatting details."
"Check your pool's help","Check your pool's help section for details."
"Download rig.conf for this worker","Download {href} for this worker"
"To disable CPU set","To disable CPU set"
"to print intro connection event","to print intro, connection event, disconnect event and new job (block) event in all cases, result submission event in miner output"
"to display messages","to display messages from your pool operator in the hashrate result"
"Attention miner for CUDA","Attention! This miner has been built to support CUDA 9.2. Miner will not start if Nvidia driver version is below 390.xx series."
"Flight Sheet updated","Flight Sheet successfully updated."
"algo sets algorithm to","{code} sets algorithm to {algo}"
"LAN Configuration","LAN Configuration"
"IP/Network","IP/Network"
"Enter IP/Network","Enter IP/Network"
"Gateway","Gateway"
"Enter gateway","Enter gateway"
"DNS","DNS"
"Enter DNS","Enter DNS"
"Test network","Test online (will not save configuration if new config fails)"
"Switch to DHCP","Switch to DHCP"
"Network masks hint","Network masks hint"
"Sure want to delete selected wallets?","Are you sure you want to delete the selected wallets?"
"WDConfig.forGPU","Timings for selected GPU workers"
"WDConfig.forASIC","Timings for selected ASIC workers"
"EditMiner.FinMiner.WalletField","This field is only for the wallet, worker name and email must be set in \"Extra config arguments\" field"
"EditMiner.FinMiner.UserConfig.PaymentId","can be defined for wallets created on an exchange where the user has a personal payment number in addition to their wallet"
"EditMiner.FinMiner.UserConfig.RigName","the name of the rig (computer/worker). It will be displayed in the pool's statistics"
"EditMiner.FinMiner.UserConfig.Email","the user‚Äôs e-mail address. It is provided to the pool where the rig will be operating"
"EditMiner.FinMiner.UserConfig.CpuThreads","specifies the number of concurrent CPU threads to use for mining. All threads are used by default"
"EditMiner.FinMiner.UserConfig.Order","The order of devices determines the order of displayed hashrate. For example, if it is set as {devices} then the hashrate line will first display GPU3, then GPU1 and finally GPU0"
"EditMiner.GMiner.UserConfig.PersonalizationString","personalization string for equihash algorithm (for example: 'BgoldPoW', 'BitcoinZ', 'Safecoin')"
"Pool server examples","Pool server examples"
"Pool port examples","Pool port examples"
"EditMinerForm.Version.OutdatedVersion","Your current miner version is no longer supported. Please update with a newer one."
"Owners Wallets","Owner's Wallets"
"Farm Wallets","Farm Wallets"
"FSRequiredFields","Please, fill all required fields and setup miner configs"
"Owners Flight Sheet","Owner's Flight Sheet"
"Owners Flight Sheets","Owner's Flight Shees"
"OwnersWalletsInfo","Global Wallets is used across all yours farms simultaneously. Also can be used in Global Flight Sheets and Farm's Flight Sheets."
"Rigs.CreateNewRigLabel.CreateNew","No workers found. You can {addOne}"
"Rigs.CreateNewRigLabel.AddOne","add one"
"WorkerMiner.RunningVersion","Running Version"
"EditMiner.Version.Change","Unsupported version"
"Clear","Clear"
"EditMiner.GMiner.Tooltip.MostPools","for most of the pools"
"MinerForm.Template.CodeForSparkPools","{code} for {spark} and most other pools"
"MinerForm.PoolServerAndPort","Pool server:port"
"MinerForm.Url.CodeForSparkPools","{code} for {spark} and most other pools"
"MinerForm.BeamClConfig.Devices","selects devices to mine on. If none are specified the miner will run on all devices found on the system."
"VBIOS ROM Storage","VBIOS ROM Storage"
"Add VBIOS","Add VBIOS"
"Memory","Memory"
"Issues","Issues"
"Missed hashrate","Missing hashrate"
"Overheat","Overheat"
"WithCopyToClipboard.Error","Copying to clipboard failed"
"WithCopyToClipboard.Success","Copied to clipboard"
"FlightSheet.Controls.ImportFrom","Import from"
"FlightSheet.Controls.ImportFromFile","File"
"FlightSheet.Controls.ImportFromClipboard","Clipboard"
"FlightSheet.FlightSheetForm.ReadingClipboardFailed","Reading from clipboard failed"
"MinerForm.PluginAndDeviceConfigs","Plugin and device configs"
"MinerForm.Template.CodeForMostPools","{code} for most pools"
"MinerForm.Url.CodeForMostPools","{code} for most pools"
"Per page","Per page"
"Missed card","Missing card"
"Romstorage.Noroms","No VBIOS ROMs currently added"
"EditMiner.GrinMinerConfig.AddDeviceParameters","Add device parameters in this field. One per line in the following format"
"EditMiner.GrinMinerConfig.WithoutSpaces","without spaces, commas or dots at the end of each line"
"EditMiner.GrinMinerConfig.Recovertpb","{code} - place this block of text per every GPU and replace the device number with the corresponding GPU number"
"EditMiner.GrinMinerConfig.CheckOut","Check out {href} for additional information"
"Tags.Replace","Replace all assigned tags with specified ones"
"AsicTable.Watts","Watts"
"ASICFirmwareForm.Url.Placeholder","Enter URL for custom ASIC Firmware"
"ASICFirmwareForm.NoCustom","Recommended by Hive OS"
"ASICFirmwareForm.Custom","You can specify the link from which the firmware will be downloaded"
"ASICFirmwareForm.Select","Select Firmware Source"
"ASICFirmwareForm.LIST","From List"
"ASICFirmwareForm.URL","Specify URL"
"Switch","Switch"
"Model","Model"
"AutoTunerConfigForm.warning","Caution! Overclocking works only with Hiveon Firmware"
"ASICFirmwareForm.Error","Select firmware please"
"MinerForm.ASIC.asocboost","For non-official firmwares with AsicBoost"
"MinerForm.ASIC.removeLowPowerMode","Turn off 'Low Power Mode'"
"MinerForm.ASIC.removeLowPowerEnhancedMode","Turn off 'Low Power Enhanced Mode'"
"EditMiner.Url.FormManualPools","{code} for manual pool setting"
"EditMiner.GrinGoldMinerConfig.ForAmd","For {amd} place this block of text per every GPU and replace the device number with the corresponding GPU number"
"EditMiner.GrinGoldMinerConfig.ForNvidia","For {nvidia} place this block of text per every GPU and replace the DeviceID number with the corresponding GPU number"
"EditMiner.GrinGoldMinerConfig.TurnedOn","Turned On"
"EditMiner.GrinGoldMinerConfig.TurnedOff","Turned Off"
"EditMiner.GrinMinerConfig.ForAmd","For {amd} place this block of text per every GPU and replace the device number with the corresponding GPU number"
"EditMiner.GrinMinerConfig.ForNvidia","For {nvidia} place this block of text per every GPU and replace the DeviceID number with the corresponding GPU number"
"EditMiner.GMiner.Tooltip.ManualPools","for manual pool settings"
"Statistics.title","Statistics"
"Statistics.donutsTitle.algos","Algorithms/GPUs"
"Statistics.donutsTitle.miners","Miners/GPUs"
"Statistics.donutsTitle.gpuBrands","GPU Brands"
"Statistics.donutsTitle.amdModels","AMD Models"
"Statistics.donutsTitle.nvidiaModels","Nvidia Models"
"Statistics.donutsTitle.asicModels","ASIC Models"
"Farms.FarmRepoUrls.RepoUrls","Repository URLs"
"Farms.FarmRepoUrls.Add","Add URL"
"Farms.FarmRepoUrls.SuccessfullySaved","Repository URLs successfully saved"
"Intensity, -dcri 0...300","Intensity, -dcri 0...300"
"EditMiner.NbMiner.Tooltip.Intensity","Intensity"
"EditMiner.NbMiner.Tooltip.IntensityOfTheSecondary","The intensity of the secondary mining. Recomended values are 8 to 24. Default is 16."
"EditMiner.NbMiner.Tooltip.PoolExamples","Pool examples"
"EditMiner.NbMiner.Tooltip.CodeStratumTcp","{code} for BTM and GRIN"
"EditMiner.NbMiner.Tooltip.CodeStratumSsl","{code} for BTM and GRIN with TLS"
"EditMiner.NbMiner.Tooltip.CodeEthproxyTcp","{code} for ETH"
"EditMiner.NbMiner.Tooltip.CodeEthnhTcp","{code} for ETH-Nicehash"
"EditMiner.NbMiner.Tooltip.CodeEthproxyTcpMan","{code} for manual pool setting, for failover pools add them in the next line"
"EditMiner.NbMiner.Tooltip.PassIsUsedOneForAll","Pass is used one for all"
"EditMiner.NbMiner.SecondWalletWorkTemplate","Second wallet and worker template"
"EditMiner.NbMiner.Tooltip.Attention","Attention! Specify the ETH wallet in this field for dual mining"
"EditMiner.GrinProMinerConfig.TurnedOn","Turned On"
"EditMiner.GrinProMinerConfig.TurnedOff","Turned Off"
"EditMiner.GrinProMinerConfig.Cpuload","CPU load"
"EditMiner.GrinProMinerConfig.AutomaticCpuLoad","{code} for automatic CPU load balancer"
"EditMiner.GrinProMinerConfig.MinimalCpuLoad","{code} for minimal CPU usage, less GPS"
"EditMiner.GrinProMinerConfig.MaximumCpuLoad","{code} for maximum CPU usage, more GPS"
"Farms.FarmRepoUrls.RepoUrlsTitle","Packages repository server mirror URL"
"Farm.FarmRepoUrls.FarmHashDescription1","If you have local web server on your farm with packages repository you can set it's URL here for rigs to update from your server."
"Farm.FarmRepoUrls.FarmHashDescription2","This is useful for faster updates and to preserve traffic."
"Farms.Farm.Online","Online"
"Farms.Farm.Offline","Offline"
"Farms.Farm.Energy","Energy"
"Farms.Farm.Balance","Balance"
"Farms.Farm.DailyPrice","Daily price"
"Farms.Farm.Efficiency","Efficiency"
"Farms.TagsInlineForm.Close","Close"
"Farms.TagsInlineForm.Edit","Edit tags"
"Farms.WorkersGrid.Offline","Offline worker"
"Farms.WorkersGrid.Warnings","Workers with critical parameters (overheated, overloaded, invalid shares)"
"Farms.WorkersGrid.Online","Online worker"
"Farms.WorkersReport.Overheated","Overheated workers count"
"Farms.WorkersReport.InvalidShares","Workers with invalid shares"
"Farms.WorkersReport.Overloaded","Overloaded workers count"
"Farms.WorkersReport.Offline","Offline workers count"
"TagCreateForm.TagNamePlaceholder","New tag name"
"TopMenu.FarmsTagsForm.UserTags","User tags"
"TopMenu.FarmsTagsForm.Close","Close"
"TopMenu.FarmsTagsForm.AddTag","Add tag"
"TopMenu.FarmsTagsForm.CreateNewTag","Create new tag"
"TopMenu.FarmsTagsForm.DeleteTagWarning","Caution! Removing a tag will remove it from all farms"
"Mac Address","MAC Address"
"EditMiner.CommonTooltips.PortExamples","Pool port examples"
"EditMiner.CommonTooltips.ForMostPools","{code} for most of the pools"
"EditMiner.HspMinerAe.WalletTemplate","Wallet template"
"EditMiner.HspMinerAe.WorkerName","Worker name"
"EditMiner.HspMinerAe.ExtraConfig","Extra config arguments"
"EditMiner.HspMinerAe.WorkerNameExample","HSPMinerAE have a separate parameter for worker name. For example"
"EditMiner.HspMinerAeUrl.AddTls","Add tls:// to enable TLS connection. For example"
"MinerForm.HspMinerAeConfig.Devices","selects the devices to mine on. If none are specified the miner will run on all devices found in the system."
"EditMiner.NbMiner.Tooltip.AttentionSpecifyPool","Attention! Specify the ETH pool in this field for dual mining"
"EditMiner.GrinMinerConfig.LeaveEmptyOrAddDeviceParameters","Leave this field empty for autoconfig for all available devices –ær manually add device parameters in this field"
"EditMiner.GrinMinerConfig.OnePerLine","One per line in the following format without spaces, commas or dots at the end of each line"
"EditMiner.GrinMinerConfig.EmptyForC29Autoconfig","Leave this field empty to autoconfig C29 for all available devices or manually add device parameters in this field"
"Login.LoginOrEmail","Login or email"
"EditMiner.Tooltip.ExampleForHiveon","Example for Hiveon"
"OC.LoadedFrom","Loaded from template {name}"
"ASIC Firmware","ASIC Firmware"
"Hive Shell Start","Hive Shell Start"
"Hive Shell Stop","Hive Shell Stop"
"EditMiner.Tooltip.OnlyStratumPools","Only stratum pools are supported. Wallet and Pass are used one for all"
"EditMiner.Tooltip.WorkerNameForSomePools","Some pools are using this field to set worker name. In this case you can use {code} variable"
"EditMiner.Tooltip.OtherPoolsCanUsePass","Other pools can use password to define mining coin. For example: {code}"
"Farm.Setting.HiveonASICFirmware","Firmware for ASIC S9/S9i/S9j can be downloaded with your Farm Hash pre-configured and your ASIC will automatically be added to this farm"
"Download Firmware","Download Firmware"
"Recent commands","Recent commands"
"Useful commands","Useful commands"
"NotWorkingNvidiaOverclocking","GUI disabled in Settings, overclocking for NVIDIA will not work"
"Farms.WorkersReport.LowRatio","Low Accepted Ratio workers count"
"User login or email","User login or email"
"Select user","Select user"
"PoolConfigModal.PoolSSLUrls","Enter SSL URLs"
"Kernel version","Kernel version"
"AMD driver","AMD driver"
"Nvidia driver","Nvidia driver"
"Public stats","Public Stats"
"Statistics.PublicStats","Public HiveOS Stats"
"Autofan settings","Autofan settings"
"MinerForm.Template.WalletContainsPayload","If your wallet address contains payload information, use the period ‚Äú.‚Äù to separate it between the wallet address and the worker name"
"MinerForm.Template.WalletContainsPayloadExample","For example: {example}"
"MinerForm.Config.NumberOfCpuThreads","number of CPU miner threads"
"Toggle favourite","Toggle favourite"
"Copy","Copy"
"Clean","Clean"
"Sure want to restore default overclocking configs?","Are you sure you want to restore default overclocking configs?"
"Sure want to delete algo overclocking settings for this template?","Are you sure you want to delete algo overclocking settings for this template?"
"Sure want to delete overclocking settings template?","Are you sure you want to delete overclocking settings template?"
"Action.AddNamedOC","Overclocking Template '{name}' successfully created"
"x for most of the pools","{code} for most of the pools"
"Parameters in the config that will affect all alghoritms","Parameters in the config that will affect all alghoritms"
"One per line in the following format without commas or dots at the end of each line","One per line in the following format without commas or dots at the end of each line"
"the number of times the miner will restart","the number of times the miner will restart before rebooting the rig (in case of GPU problems like hardware errors or lag)"
"set the best pool will be chosen by smallest ping","if this parameter is set, the best pool will be chosen by smallest ping (not by the pool list)"
"MinerForm.Config.MinerWouldOnlyWorkWithGpu","means the miner would only work with gpu 0 and gpu 2"
"New API Key","New API Key"
"Add API Key","Add API Key"
"API Key","API Key"
"Enter API Key","Enter API Key"
"Secret Key","Secret Key"
"Enter secret key","Enter secret key"
"Exchange API Keys","Exchange API Keys"
"Exchange","Exchange"
"Select exchange","Select exchange"
"Edit API Key","Edit API Key"
"Enter API Key Name","Enter API Key Name"
"OwnersKeysInfo","Global API Keys are used across all yours farms simultaneously. Also can be used in Global Wallets and Farm's Wallets."
"WalletForm.APISelect","Link your exchange account to update wallet balance"
"Source","Source"
"Fetch wallet balance","Fetch wallet balance"
"WalletForm.FetchBalanceHint","Currently you can fetch balance from exchanges, pools and blockchains"
"WalletForm.ShowSupported","Currently you can fetch balance from exchanges, pools and blockchains"
"Owners Wallet","Owner's Wallets"
"WalletForm.SounrcePlaceholder","Choose exchange, wallet type or describe somehow"
"USD Value","{currency} Value"
"Worker Commands","Worker Commands"
"EditMiner.ItemText.HeavyFilesLocation","Heavy file location"
"EditMiner.ForMostCases","for most cases"
"MinerForm.EggminerGpu.WorkerName","eggminergpu have a separate parameter for worker name."
"MinerForm.EggminerGpu.DeactivateTheGpu","this list allow to deactivate the GPU you want. It's a list that has to contain as may values as listed GPUs."
"MinerForm.EggminerGpu.DeactivateTheGpuSet0","Set 0 to deactivate a GPU, 100 to enable it. Other values than 0 or 100 have no effect. If you set something else than 0, the GPU will be active, 100%."
"MinerForm.EggminerGpu.NeedsToCreates","eggminergpu needs to create a 1GiB file for mining. You can choose between RAM and the File System to place it in."
"MinerForm.EggminerGpu.AtLeastRam","At least {gb} RAM is required in order to store file in RAM."
"MinerForm.EggminerGpu.Recreated","It will be recreated each time when eggminergpu starts."
"MinerForm.EggminerGpu.ToStoreInFileSystem","To store in File System, you MUST have a drive more than {gb} large."
"MinerForm.EggminerGpu.RunDiskExpand","Run {diskExpand} to expand disk space if available."
"MinerForm.EggminerGpu.FileWillBeCreated","{file} file will be created just once and will be used by eggminergpu to starts instantly."
"MinerForm.EggminerGpu.ThisFileWontRemoved","This file won't get removed when uninstalling the miner, it can only be deleted manually!"
"External fans settings for octominer","External fans settings for octominer"
"OctFan.LEDOnError","LED Blink on errors"
"OctFan.LEDFind","Turn White LED on to find rig"
"OctFan.Manual","Manual fan speed"
"OctFan.ON","AutoFan On"
"OctFan.OFF","AutoFan Off"
"OctFan.Info","Enable fans control. It will keep case intake fans speed the same as max GPU fan speed"
"OctFan.MinFan","Min fan speed"
"OctFan.MaxFan","Max fan speed"
"Farms.SearchPlaceholder","Farm name"
"External fans","External fans"
"Enter API ID","Enter API ID"
"MinerForm.Tooltip.WorkerName","Miner has a separate parameter for worker name"
"MinerForm.Tooltip.NeedsToCreates","This miner needs to create a 1GiB file for mining. You can choose between RAM and the File System to place it in."
"MinerForm.Tooltip.ListGpuIndexes","comma separated list of gpu indexes to skip"
"MinerForm.Tooltip.Recreated","It will be recreated each time when miner starts."
"MinerForm.Tooltip.FileWillBeCreated","{file} file will be created just once and will be used by miner to starts instantly."
"Hard RESET","Hard RESET"
"Hard Power OFF","Hard Power OFF"
"SelectWorker","Select worker"
"Wake Up","Wake Up Worker"
"Wake On Lan","Wake On Lan"
"Select worker to WOL","Select worker to WOL"
"Rig air temp, ¬∞C","Rig air temp, ¬∞C"
"PSU air temp, ¬∞C","PSU air temp, ¬∞C"
"Intake","Intake"
"Exhaust","Exhaust"
"Click and drag to change order","Click and drag to change order"
"Command.Alert","On long-term and resource-intensive tasks, temporary change status of the worker to off-line is possible. Please, keep calm and wait for the message about end of task"
"MinerForm.Config.ListDeviceIds","list of space-separated device IDs to use for mining. IDs are numbered 0 1 ‚Ä¶ N-1"
"MinerForm.Config.PersonalizationString","personalization string for equihash algorithm (for example: BgoldPoW, BitcoinZ, Safecoin)"
"MinerForm.Config.AutomaticPersonalizationString","for automatic personalization string"
"sec.","sec."
"WorkerSettings.MaintenanceMode","Maintenance mode"
"WorkerSettings.MaintenanceModeHint","Enable maintenance mode (don't start miner and watchdog on boot)"
"WorkerSettings.MaintenanceModeTurnedOn","Maintenance mode enabled"
"WorkerSettings.MaintenanceModeTurnedOff","Maintenance mode disabled"
"WorkerSettings.PushInterval","Push interval"
"WorkerSettings.PushIntervalHint","Interval in seconds between pushing stats to server. Default is 10 seconds. Note that configs and commands will be pulled by worker with the same interval"
"Workers options","Workers options"
"No overclocking profiles found","No overclocking profiles found"
"Recommended value from selected preset. Click to apply","Recommended value from selected preset. Click to apply"
"Selected overclocking profile","Selected overclocking profile"
"OC.Config","Config"
"OC.PopularPresets","Popular presets"
"Size","Size"
"cardinality","cardinality"
"Activate","Activate"
"Deactivate","Deactivate"
"Activate default","Activate default"
"Default OC is active","Default OC is active"
"WorkerSettings.OnlyChangedOptionsNote","Only modified parameters will be applied."
"WorkerSettings.MaintenanceModeTurnedOnShort","Enabled"
"WorkerSettings.MaintenanceModeTurnedOffShort","Disabled"
"OC.AutoSelectAlgo","Auto Select Algo"
"Deposit address removed","Deposit address removed"
"Deposit address created","Deposit address created"
"Unable to create deposit address","Unable to create deposit address"
"Unable to remove deposit address","Unable to remove deposit address"
"DepositAddresses","Personal address deposit"
"Fixed Amount","Fixed Amount"
"DepositAddressesHelp","You can transfer funds to your personal address at any time. The exchange rate would be calculated after transaction confirmation by <a href=\"https://www.coinpayments.net/supported-coins\" target=\"_blank\">the rate of Coinpayments</a> payment processor. The transaction fee is 0.5%."
"SelectCardIndex","Select card index"
"Needs Update","Needs Update"
"Add deposit address","Add deposit address"
"NvidiaDanger","Please make sure that the BIOS version corresponds to the model of your video card and that this operation is really necessary for you and you know exactly what you are doing otherwise you can turn your device into a 'brick' with possible loss of warranty and its recovery will be possible only in the service center or only in the presence of special equipment. <br/><br/> {os} team isn't responsible for possible negative consequences of this operation (equipment failure, degradation, etc.)"
"Select","Select"
"Select VBIOS","Select VBIOS"
"CardsWarning","For optimal results when flashing Nvidia cards, we recommend that you turn on the maintenance mode in the rig settings and reboot rig, then perform the BIOS update procedure."
"OctFan.RecalibrateInfo","If fan controller shows incorrect fan speed try recalibrate it or set max fans RPM manually"
"OctFan.ManualFan","Manual fan {num} max RPM"
"OctFan.Recalibrate","Recalibrate"
"OctFan.RecalibrateLabel","Spin up fans to max speed for 30 seconds to recalibrate it"
"OctFan.AdvancedSettings","Advanced Settings"
"OctFan.HideAdvancedSettings","Hide Advanced Settings"
"Breadcrumbs.selectWorker","Select worker"
"Go to","Go to"
"page","page"
"merge instead of replace configs","merge instead of replace configs"
"Add Schedule","Add Event"
"Schedule","Schedule"
"Schedules","Schedules"
"Repeat","Repeat"
"NoRepeat","No repeat"
"Schedules.ScheduleForm.Create","Add event to Flight sheet"
"Schedules.ScheduleForm.Update","Edit event {name}"
"Schedules.ScheduleForm.Rrule","Rrule"
"Schedules.ScheduleForm.NamePlaceholder","Enter event name"
"Schedule.ScheduleSwitch.isActive","Active"
"Schedule.ScheduleSwitch.isRunning","Event is running"
"Schedule.ScheduleSwitch.isNotRunning","Event is not running"
"Schedule.ScheduleSwitch.tagsExplanation","You can restrict launch of the event only for workers with specified tags"
"Schedules.ScheduleForm.LaunchAt","Launch at"
"RruleInput.NoRepeat","No repeat"
"RruleInput.Daily","Daily at time"
"RruleInput.At","At"
"RruleInput.DailyAtOclock","o'clock"
"RruleInput.Weekly","By weekday(s)"
"RruleInput.Monthly","By month day(s)"
"RruleInput.After","After"
"RruleInput.OnDate","On date"
"RruleInput.EndRepeat","End repeat"
"RruleInput.Count","Count"
"RruleInput.CountTimes","time(s)"
"RruleInput.EndRepeatDate","End date"
"RruleInput.Every","Every"
"RruleInput.Days","day(s)"
"RruleInput.Weeks","weeks(s)"
"RruleInput.Month","month(s)"
"ShortWeekdaySunday","SU"
"ShortWeekdayMonday","MO"
"ShortWeekdayTuesday","TU"
"ShortWeekdayWednesday","WE"
"ShortWeekdayThursday","TH"
"ShortWeekdayFriday","FR"
"ShortWeekdaySaturday","SA"
"Sure want to delete selected schedules?","Are you sure you want to delete the selected schedules?"
"Sunday","Sunday"
"Monday","Monday"
"Tuesday","Tuesday"
"Wednesday","Wednesday"
"Thursday","Thursday"
"Friday","Friday"
"Saturday","Saturday"
"January","January"
"February","February"
"March","March"
"April","April"
"May","May"
"June","June"
"July","July"
"August","August"
"September","September"
"October","October"
"November","November"
"December","December"
"RRule.every","every"
"RRule.day","day"
"RRule.days","days"
"RRule.weekday","weekday"
"RRule.weekdays","weekdays"
"RRule.week","week"
"RRule.weeks","weeks"
"RRule.hour","hour"
"RRule.hours","hours"
"RRule.minutes","minutes"
"RRule.minutess","minutess"
"RRule.month","month"
"RRule.months","months"
"RRule.years","years"
"RRule.on","on"
"RRule.in","in"
"RRule.at","at"
"RRule.the","the"
"RRule.first","first"
"RRule.second","second"
"RRule.third","third"
"RRule.st","st"
"RRule.rd","rd"
"RRule.nd","nd"
"RRule.th","th"
"RRule.last","last"
"RRule.for","for"
"RRule.time","time"
"RRule.times","times"
"RRule.until","until"
"RRule.on the","on the"
"RRule.and","and"
"RRule.or","or"
"by scheduler","by scheduler"
"NoSchedules","No S—Åhedules found so far."
"OwnersFSInfo","Global Flight Sheets are used across all yours farms simultaneously."
"tREF.Hint",""
"tREF.Label","AmdMemTweak"
"tREF.info","Also known as 'rxboost'. For RX cards adviced value is"
"manual","manual"
"MissedRequiredFields","Missed required fields"
"OC.AlgoAutoselectDeselectDisclaimer","Click {playButton} on appropriate overclock to disable algo auto select"
"ScheduleTitle","Schedule for workers with tags"
"Never","Never"
"Schedule created","Schedule created"
"Used by schedules","Used by {count} schedule(s)"
"Filter.Problem.Overheat","Overheated"
"Filter.Problem.Overload","Overloaded"
"Filter.Problem.LowASRatio","Low accepted shares ratio"
"Filter.Problem.MissedUnit","Has missed GPUs/Boards"
"Filter.Problem.MissedHashrate","Has zero hashrate"
"Filter.Problem.NoFs","Without flight sheet"
"Filter.Problem.ErrorMessage","Has error messages"
"Filter.Problem.more","{count} more problems"
"Filter.reset","reset {count} filters"
"Account.Notification.TelegramDisclaimer","Start a new chat with this bot {link} The bot will reply with your CODE which you should enter in the field on the right. For example, '12345'. {br}Your login is {login}. Send a command to bot {command} and you will be subscribed to receive notifications. {br}You can add this bot to a chat group for multiple admins to monitor workers. Create a group and add '{botname}' as a member there. The chat code is negative for groups. For example, '-12345'."
"Account.Notification.DiscordDisclaimer","Invite '{botname}' to your server using link {link}.{br}Command prefix is '{commandPrefix}' but it can be omitted if the bot is mentioned in the same message.{br}Send command {startCommand} to any channel on the server where you added the bot or personally to the bot and it will reply with your CODE which you should enter in the field on the right. For example, '12345'.{br}Your login is '{login}' Send a command to bot {command} and you will be subscribed to receive notifications."
"Account.Notification.WechatDisclaimer","Start a new chat with this bot {link} The bot will reply with your CODE which you should enter in the field on the right. For example, '12345'. {br}Your login is {login}. Send a command to bot {command} and you will be subscribed to receive notifications. {br}You can add this bot to a chat group for multiple admins to monitor workers. Create a group and add '{botname}' as a member there. The chat code is negative for groups. For example, '-12345'."
"Notifications.Subscriptions","Subscriptions"
"Notifications.UpdateSubscriptions","Update subscriptions"
"NotificationSettings.unsubscribedFromChannel","Notification channel unsubscribed, {channel}"
"NotificationSettings.unsubscribeFromChannelFailed","Unsubscribe failed"
"NotificationSettings.subscriptionsUpdated","Subscriptions updated"
"NotificationSettings.updateSubscriptionsFailed","Update subscriptions failed"
"NotificationSettings.codeSendFailed","Send code failed"
"NotificationSettings.codeSent","Code sent"
"WDConfig.RebootIfGpuOffline","Reboot if GPU is offline"
"WDConfig.MaxLa","Reboot if LA >="
"WDConfig.MaxLaExplanation","Reboot the rig if LA exceeds the set value longer than 5 min, or LA exceeds doubled value longer than 1 min. The minimum value is the number of cores * 2. Recommended value is 25"
"EditMiner.Tooltip.AllocatedMemory","allocated memory in Mb for each device"
"EditMiner.Tooltip.NumberOfThreadsPerGpu","number of threads per GPU"
"EditMiner.Tooltip.Consensus","consensus method used, possible values are \"dumb\" or \"nano\""
"EditMiner.Tooltip.ManualPoolSetting","for manual pool setting, –æne per line without commas or dots at the end of each line"
"WorkerSettings.MinerDelay","Miner delay"
"WorkerSettings.MinerDelayHint","Delay in seconds before miner start on worker boot"
"WorkerSettings.MinerDelayPlaceholder","delay in seconds"
"DownloadBiosForm.saveToStorage","Save to the farms VBIOS storage"
"Card.downloadVBIOS","Download VBIOS"
"Card.selectVBIOS","Select VBIOS"
"Farm.Settings.PowerPrice","Electricity price, {currency}/kWh"
"Farm.Settings.HWPowerDraw","Hardware power consumption, watts"
"Farm.Settings.HWPowerDrawInfo","Default value for all farm workers. Can be changed for particular worker"
"Farm.Settings.PSUEfficiency","Power supply unit efficiency, %"
"Farm.Settings.PSUEfficiencyInfo","Default value for all farm workers. Can be changed for particular worker"
"Farm.Settings.PowerPriceChanged","Power price changed"
"Farm.Settings.HWPowerDrawChanged","Hardware power consumption changed"
"Farm.Settings.PSUEfficiencyChanged","Power supply unit efficiency changed"
"Worker.Settings.PSUEfficiencyInfo","You can set efficiency of power supply unit to calculate power consumption more accurate"
"WorkerSettings.HWPowerDrawInfo","You can set hardware power draw to calculate power consumption more accurate"
"PowerGraph.Total","Total"
"Farm.Settings.PowerPriceInfo","You can setup currency by adding it after space. For example '1.05 EUR'"
"Farm.Settings.PowerPriceWrongFormatError","Wrong value format. Proper value example: 1.05 EUR"
"Validators.EmptyOrNumber","Only numbers"
"Validators.EmptyOrPercentage","Value must be between 0 and 100"
"Overclocking.ApplyModeDescription.Merge","merge' - means copy configuration from profile over existing one, including 'Default'. Everything that does not exist in profile will be untouched."
"Overclocking.ApplyModeDescription.Replace","replace' - means remove existing configuration and copy one from profile. 'Default' won't be removed, but may be overwritten if exists in profile."
"Cards.EmptyListMessage","No cards found. Try to change filters values"
"ProjectAccess.userMustHave2FA","User must have 2FA enabled to perform any changes"
"EditMiner.Tooltip.BatchsizePerThread","batchsize per thread"
"EditMiner.Tooltip.ParametersOptimize","enable/disable parameters optimizer"
"EditMiner.Tooltip.ConsensusMethodUsed","consensus method used, possible values are \"dumb\" or \"nano\""
"Overclocking template","Overclocking template"
"Apply mode","Apply mode"
"merge","merge"
"replace","replace"
"not used","not used"
"Command data","Command data"
"Action","Action"
"Miner index","Miner index"
"Zero-based miner index, default is 0","Zero-based miner index, default is 0"
"Command","Command"
"Command to execute","Command to execute"
"Command text","Command text"
"To storage","To storage"
"Save the ROM to farms storage","Save the ROM to farm's storage"
"Zero-based (-1 to flash all GPUs)","Zero-based (-1 to flash all GPUs)"
"ROM","ROM"
"ROM file contents (base64-string)","ROM file contents (base64-string)"
"ROM Id","ROM Id"
"Use stored ROM instead of passing file contents","Use stored ROM instead of passing file contents"
"Force","Force"
"Force flashing regardless of security checkings","Force flashing regardless of security checkings"
"Reboot worker after successful flashing","Reboot worker after successful flashing"
"Firmware file url","Firmware file url"
"Schedules.ScheduleForm.CreateEvent","Create event"
"Schedules.ScheduleForm.CreateForFs","Add event to Flight sheet"
"Workers to apply","Workers to apply"
"Schedules.ScheduleForm.Actions","What to do / Actions"
"Schedules.ScheduleForm.When","When running / Details"
"Schedules.ScheduleForm.ActionsRequired","At least one of actions is required"
"Save as global wallet","Save as global wallet"
"Wallets.WalletForm.IsGlobalWalletTip","If checked - global wallet, that applicable in all available farms will be created. If not - farm wallet, available only inside current farm does."
"Refill.Bonus.Text","If you make a deposit for 3 months in advance of your average monthly bill you will receive a 30% bonus. Your minimal payment is {amount} to get this bonus. It works only if you are an owner of current farm."
"Choose overclocking apply mode","Choose overclocking apply mode"
"Overclocking.ApplyModeDescription.MergeExplanation","means copy configuration from profile over existing one, including 'Default'. Everything that does not exist in profile will be untouched."
"Overclocking.ApplyModeDescription.ReplaceExplanation","means remove existing configuration and copy one from profile. 'Default' won't be removed, but may be overwritten if exists in profile."
"Overwrite miner pool settings","Overwrite miner pool settings (by default if exist)"
"MinerForm.ASIC.ModeChangeForAntminerS17","Mode change for Antminer S17 / S17pro / T17"
"Low Power","Low Power"
"Normal","Normal"
"Turbo","Turbo"
"Farm.Settings.RemoveDescriptionDeleteEverythingContainedInIt","Removing the farm will also delete everything contained in it - workers, flight sheets, wallets  etc. If there are active workers in the farm - they will continue mining with the same configs."
"Farm.Settings.RemoveDescriptionBalanceWillBeTransferredToOwner","Unspent balance will be transferred to owner's balance, promocode bonus will be lost."
"Farm.Settings.RemoveFarmAbsolutelySure","Removed farm CANNOT be restored! Are you ABSOLUTELY sure?"
"Farm.Settings.RemoveDescriptionCannotBeRestored","Removed farms cannot be restored!"
"RefillDepositAddresses.experimentalFeature","Experimental feature!"
"RefillDepositAddresses.selectProviderLabel","Select payment provider"
"RefillDepositAddresses.helpTitle","You can transfer funds to your personal address at any time"
"RefillDepositAddresses.helpHive","Exchange rate is calculated after transaction confirmation."
"RefillDepositAddresses.helpCoinPayments","Exchange rate is calculated by <a href=\"https://www.coinpayments.net/supported-coins\" target=\"_blank\">CoinPayments</a> payment processor after transaction confirmation. The transaction fee is 0.5%."
"RefillDepositAddresses.commissionHive","Deposits are free except the {commission}% commission if deposit amount is less than {minAmount} {currency}"
"RefillDepositAddresses.noCommissionHive","Deposits are free."
"RefillDepositAddresses.supportedCoins","Supported coins"
"EditMiner.Tooltip.VersionShoulBeSpecified","For {name} version should be specified"
"MinerForm.Tooltip.ListDeviceIdsBySpaceOrComma","list of comma or space-separated device IDs to use for mining. IDs are numbered 0 1 ‚Ä¶ N-1"
"MinerForm.Tooltip.IntensitiesThatShouldBeUsedMining","list of comma or space separated intensities that should be used mining"
"MinerForm.Tooltip.SetsSameIntensity","a single value sets the same intensity to all GPUs"
"Account.Delete.Title","Delete account"
"Account.Delete.Description1","Removing the account will also delete everything contained in it - farms, workers, flight sheets, wallets etc. If there are active workers in the farms - they will continue mining with the same configs."
"Account.Delete.Description2","Unspent balance of account and farms will be lost, unpaid referral balance will be lost. Funds withdrawal is not available."
"Account.Delete.NoRestore","Removed account cannot be restored!"
"Account.Delete.Btn","Delete account"
"Account.Delete.ModalWarning","You are going to remove your account. Removed account CANNOT be restored! Are you ABSOLUTELY sure?"
"Account.Delete.ModalText1","This action can lead to data loss. To prevent accidental actions, please, confirm your intentions"
"Question.DeleteAccount","Do you want to delete account?"
"Account successfully deleted","Account successfully deleted"
"2FA code","2FA code"
"GPURedAsr","GPU Accepted Shares Ratio"
"GPURedFan","GPU Fan"
"GPURedLa","GPU Load average per core"
"AsicRedAsr","ASIC Accepted Shares Ratio"
"AsicRedFan","ASIC Fan"
"AsicRedLa","ASIC Load average per core"
"CompactView.Status.HightFan","High fan"
"AllRedTemps.HintDefaultValues","To set default value submit empty field"
"hoursShort","h"
"PowerGraph.TotalPrice","Total cost"
"FarmCost.Rigs.General","Rigs general"
"FarmCost.Rigs.Pool","Rigs on {pool}"
"FarmCost.Rigs.Coin","Rigs non {pool}"
"FarmCost.ASIC.General","ASICs general"
"FarmCost.ASIC.Firmware","HiveonASIC"
"FarmCost.Rigs.General.Descr","Rigs that mine not {pool} coins"
"FarmCost.Rigs.Pool.Descr","Rigs that mine at {pool}"
"FarmCost.Rigs.Coin.Descr","Rigs that mine {pool} coins on other pools"
"FarmCost.ASIC.General.Descr","ASIC without HiveonASIC firmware"
"FarmCost.ASIC.Firmware.Descr","ASICs with HiveonASIC firmware"
"FarmCost.Descr","Daily cost based on used amount of workers, including discount"
"Monthly cost","Monthly cost"
"Amount","Amount"
"Type","Type"
"MissedFS","Missed Flight Sheet"
"ViewSettings.Title","Configure view mode"
"Overclocking.ApplyModeDescription.ReplaceDescription","Copy entire per-brand config sets over existing ones."
"Overclocking.ApplyModeDescription.MergeDescription","Copy individual fields of per-brand config sets over existing ones."
"WalletForm.GroupedCoinsHelp","You can use this wallet for all {group} coins and algorithms"
"Autotags.explanation","If enabled ‚Äî all workers inside the farm are automatically tagged. Rigs are tagged by GPU information. ASICs are tagged by model name."
"Autotags.DisabledExp","To generate autotags your should enable them first at Farm -> Settings"
"Generate autotags","Generate autotags"
"Action.TagsGenerated","Tags generated successfully"
"Autotags","Autotags"
"Autotags enabled","Autotags enabled"
"Autotags disabled","Autotags disabled"
"Autotags.AsicExplanation","Automatically tag this worker by model name"
"Autotags.CardsExplanation","Automatically tag this worker by GPU information"
"Settings.Notifications.RedFan","Fan speed >= Red Fan + 5%"
"Settings.Notifications.RedAsr","Accepted shares ratio <= Red Asr - 5%"
"Settings.Notifications.RedLA","Load averege (15m) >= Red LA + 1"
"OctFan.Enabled","AutoFan enabled"
"ASICFan.speedTooHigh","Fan speed is too high"
"ASICFan.speedTooLow","Fan speed is too low"
"HardwareInfo.AsicLowSpace","Low space"
"HardwareInfo.AsicOutOfSpace","Out of space"
"PaidFeatures.CanBeEnable","You can enalbe paid features if you need or you can support our project."
"PaidFeatures.IsEnabled","These features are always enabled for paid farms."
"Filter.Problem.MaintenanceMode","Maintenance mode"
"Notifications.UpdateChannelSubscriptions","Update {channel} subscriptions"
"RPC URL address:port","RPC URL address:port"
"EditMiner.Tip.CurrentlyWorksWithNodes","Currently works only with nodes (no pool mining)"
"EditMiner.Tip.SetNodeAddressFormat","Set your node address and port in the folowing format"
"EditMiner.Tip.CkbListOfDevices","list of comma-separated device IDs to use for mining. IDs are numbered 0,1, ‚Ä¶, N-1. By default it uses all available Nvidia GPUs"
"EditMiner.Tip.CkbNumberOfCpus","number of threads for CPU mining. By default is set to 0"
"MinerForm.Smine.Devices","list of comma-separated device IDs to use for mining. IDs are numbered 0,1, ‚Ä¶, N-1. By default it uses all available AMD GPUs"
"MinerForm.Smine.Intensity","mining intensity 1-100, default is 100"
"OwnersOCsInfo","Global Overclocking profiles is used across all yours farms simultaneously."
"DuplicateOCConfirmation","Do you want to save as global Overclocking Profile?"
"DuplicateModal.No","No, save only for this farm"
"DuplicateModal.Yes","Yes, save as global"
"External fans settings for coolbox autofan","External fans settings for coolbox autofan"
"CAF.title","Fan controll settings"
"CAF.Manual","Manual fan speed"
"CAF.ON","AutoFan On"
"CAF.OFF","AutoFan Off"
"CAF.Temp","Target temperature"
"CAF.Wd","Hardware watchdog settings"
"CAF.WdOn","Hardware watchdog On"
"CAF.WdOff","Hardware watchdog Off"
"CAF.reset","Reset rig in"
"Fan Controller","Fan Controller"
"Framework","Framework"
"EditMiner.Tip.CortexMinerDeviceIds","list of comma-separated device IDs to use for mining. IDs are numbered 0,1,‚Ä¶,N-1. By default it uses all available Nvidia GPUs"
"Default for ASICs","Default for ASICs"
"Default for GPUs","Default for GPUs"
"DefaultFlighSheetsTip","Default Flight Sheets are used to start mining on new workers immedtialy after adding them to the farm."
"Other Flight Sheets","Other Flight Sheets"
"Activities group of","Activities group of"
"All activities","All activities"
"More","More"
"Restore","Restore"
"latest","latest"
"current","current"
"Choose version","Choose version"
"Downgrade","Downgrade"
"Features removed by downgrade","Features removed by downgrade"
"Upgrade or downgrade","Upgrade or downgrade"
"Force upgrade","Force upgrade"
"Reboot after complete","Reboot after complete"
"Mode Level","Mode Level"
"Bitmain frequency","Bitmain frequency"
"AsicMiner.S17","Antminer, T17 / S17 / S17Pro Mode"
"AsicMiner.Antminer","Antminer frequency, fans, power params"
"AsicMiner.InnoOld","Innosilicon, A1, T1 models"
"AsicMiner.InnoT3","Innosilicon, T2T*, T3H* models"
"AsicMiner.Bitmain.frequency","Bitmain frequency"
"AsicMiner.Bitmain.voltage","Bitmain voltage"
"Worker Activation/Deactivation","Worker Activation/Deactivation"
"Remove or activate/deactivate","Remove or activate/deactivate"
"Deactivated","Deactivated"
"Active","Active"
"A day left","A day left"
"BillingFarm.AdayToLock","Last day"
"Overdraft days left","{count, plural, one {# day} other {# days}} to lock"
"Count days left","{count, plural, one {# day} other {# days}} left"
