"link","リンク"
"An error has occurred. Please, try again later","エラーが発生しました。後ほどお試しください。"
"Action.FlightSheetRemoved","フライトシートが削除されました。"
"Action.FlightSheetCreated","フライトシートが作成されました。"
"Command sent","コマンドが送信されました。"
"Action.TransferFarm","所有者の変更リクエストが送信されました。"
"Settings updated","設定が更新されました。"
"Tag added","タグが追加されました。"
"Tag edited","タグが変更されました。"
"Tag removed","タグが削除されました。"
"Wallet added","ウォレット設定が追加されました。"
"Wallet edited","ウォレット設定が編集されました。"
"Wallet removed","ウォレット設定が削除されました。"
"Collaborator added","コラボレーターが追加されました。"
"Collaborator removed","コラボレーターが削除されました。"
"Collaborator edited","コラボレーターが編集されました。"
"Action.LeftFarm","ファームのアクセスが無効になりました。"
"Action.UpdateFs","フライトシートが更新されました。オフラインのマシンは設定の適応に再起動が必要です。"
"Action.AddOC","オーバークロックのプロファイルが作成されました。"
"Action.RefillFarm","残高が追加されました。"
"Action.ErrorServerRequest","エラーが発生しました。後ほどお試しください。"
"Error","エラーが発生しました。"
"Action.SendPromocode","プロモーションコード登録されました。"
"Action.PatchToken","トークンが更新されました。"
"Action.AddToken","トークンが作成されました。"
"Action.DeleteToken","トークンが削除されました。"
"Promocode successfully sended","プロモーションコードが送信されました。"
"Action.UpdatePayoutAddresses","払い出しアドレスが更新されました。"
"Action.PayoutToAccount","アカウントの残高が追加されました。"
"Action.SetPassword","パスワードが更新されました。"
"2FA enabled","２段階認証が有効になりました。"
"2FA removed","２段階認証が無効になりました。"
"",""
"NVIDIA","NVIDIA"
"Apply","適応"
"Confirm","確認"
"TelegramSubscribe","テレグラムのIDを入力してください。"
"Enter code to confirm","コードを入力してください。"
"Subscribe","登録"
"Remove","削除"
"Are you shure?","よろしいですか？"
"Edit","編集"
"temp","温度"
"Farms","ファーム"
"workers","ワーカー"
"ethash","ethash"
"",""
"Off","オフ"
"30 seconds","３０秒"
"1 minute","１分"
"2 minutes","２分"
"5 minutes","５分"
"AutoRefresh","ページ自動更新間隔"
"All","全部"
"Cancel","キャンセル"
"Download VBIOS","VBIOSをダウンロード"
"GPU index","GPU番号"
"NotGPUDifferent","注意：GPU番号は実際のGPUの刺さっているPCIスロットの番号とは一致しません。"
"Download","ダウンロード"
"Apply Changes","変更を適用"
"WalletWorkTemplate","ウォレット、ワーカーのテンプレート"
"Pass:","Pass:"
"Extra config arguments:","追加のコンフィグ引数"
"Pool URL:","プールURL:"
"Miner Fork:","マイナーフォーク:"
"Hash algorithm:","アルゴリズム:"
"Extra params for pool:","プールの外部パラメータ:"
"Extra arguments for miner:","マイナーの追加引数:"
"Version:","バージョン:"
"Template examples:","テンプレート例:"
"for most of the pools","ほとんどのプール用"
"Intensity, -dcri 0...100","Intensity, -dcri 0...100"
"claymore","claymore"
"epools.txt template:","epools.txt テンプレート:"
"dpools.txt template:","dpools.txt テンプレート:"
"Claymore config override:","Claymore コンフィグファイル上書き:"
"Example for nanopool:","nanopoolの例:"
"Example for nicehash:","nicehashの例:"
"Second coin algo","サブのアルゴリズム"
"Config override:","コンフィグ上書き:"
"Pool server:","プールサーバー:"
"Port:","ポート:"
"index","番号"
"AMD config override:","AMDコンフィグファイル上書き:"
"Nvidia config override:","Nvidiaコンフィグファイル上書き:"
"CPU config override:","GPUコンフィグファイル上書き"
"Errors","エラー"
"last 24 hours","直近24時間"
"Workers with errors","エラーのあるワーカー"
"No errors found","エラーが見つかりませんでした。"
"Show","表示"
"Overclocking","オーバークロック"
"Coins","コイン"
"Pools","プール"
"Miners","マイナー"
"Select pools","プール選択"
"Select miners","マイナー選択"
"Select coin","コイン選択"
"Select overclocking","オーバークロック設定選択"
"by","によって"
"View payload","払い出し履歴を確認"
"Add Wallet","ウォレットを追加"
"Red Temperature","最高温度"
"Trust user","信頼できるユーザーを追加"
"Add Worker","ワーカーを追加"
"FarmNavCleanWorkers","すべてのワーカーのメッセージを削除"
"Save","保存"
"FarmTempHeader.ASICCriticalTemperature","ASIC最高温度"
"Ask a question","質問する"
"Report an issue","問題を報告する"
"Tags","タグ"
"Wallets","ウォレット"
"Platform","プラットフォーム"
"Run","実行"
"Wallet","ウォレット"
"Coin","コイン"
"Pool","プール"
"Miner","マイナー"
"Select pool","プール選択"
"Select miner","マイナー選択"
"Select wallet","ウォレット選択"
"Configure Pool","プール設定"
"Setup Miner Config","マイナー設定"
"Dual Coin","デュアルコイン"
"Dual Wallet","デュアルウォレット"
"Dual Pool","デュアルプール"
"","Decred/Siacoin/Lbry/Pascal intensity. 規定値は30です。PASCの推奨値は10前後です。SIA用は15前後。 より高い値はマイナークラッシュの原因になります。"
"Configure in miner","マイナー設定"
"Update","更新"
"Add New Flight Sheet","フライトシートを追加"
"Reset","リセット"
"Create Flight Sheet","フライトシートを作成"
"Add Miner","マイナーを追加"
"Email","Eメール"
"worker","ワーカー"
"selected","選択済み"
"FlightSheetsRocket.Message","現在選択中のフライトシートを適用しますか？"
"Choose Flight Sheet for","フライトシートを選択してください。"
"Your Company","あなたの会社"
"Home","ホーム"
"Admin","管理者"
"Privacy","プライバシー"
"Not Found","見つかりません"
"off","オフ"
"No",""
"min","分"
"Remote","リモートIP"
"Consumption","消費量"
"AES","AES"
"Cores","コア"
"Motherboard","マザーボード"
"Free space","ディスク空き容量"
"Free RAM","RAM空き容量"
"OS version","OSバージョン"
"Drivers","ドライバ"
"Yes","はい"
"System type","システムタイプ"
"Kernel","カーネル"
"Local IP","ローカルIP"
"Load Average","ロードアベレージ"
"rigs","リグ"
"Jump to farms, workers...","ファーム、ワーカーへ"
"Notifications","通知"
"unread","未読"
"Show all","すべて表示"
"No notifications yet","通知なし"
"View geo location","位置情報を見る"
"from","から"
"Accept","承諾"
"Decline","拒否"
"Term expires in","残り期間"
"Enter value","入力"
"Generate","進む"
"Enter start date","開始日を入力"
"Start date","開始日"
"End date","終了日"
"Enter end date","終了日を入力"
"Name","名前"
"Create","作成"
"Russian","ロシア語"
"Chinese","中国語"
"English","英語"
"NoActiveFound","アクティビティがありません。"
"all activities","すべてのアクティビティ"
"Latest Activity","最新のアクティビティ"
"Load","ロード"
"warning","dstm 0.6.0 が書式の設定を変更しました。"
"Previous","戻る"
"Next","進む"
"configuration","設定"
"MiningInfo","現在のフライトシート"
"Account","アカウント"
"Sign Out","サインアウト"
"Billing","請求書"
"Support","サポート"
"Community","コミュニティ"
"Forum","フォーラム"
"Referrals","紹介"
"NoRightsMessage","このページを閲覧する権限がありません。"
"to","へ"
"Login","ログイン"
"access","アクセス"
"Notification.EventChanged","通知イベントを変更しました。"
"Notification.AccessChanged","アクセスを変更しました。"
"Notification.WhitelistChanged","ホワイトリストを変更しました。"
"Account.NotificationDescription6","このボットをチャットに追加すると複数名の管理者がワーカーを監視できます。グループを作成後「hiveosbot」をメンバーに追加してください。チャットコードは「-12345」のように示されます。"
"Account.NotificationDescription1","このボットで新しくチャットを作成する"
"Account.NotificationDescription2","ボットがあなたに返信し、フィールドに正しいコードを表示します。 「12345」のようなものです。"
"Account.NotificationDescription3","あなたのログイン情報は"
"Account.NotificationDescription4","ボットにコマンドを送る"
"Account.NotificationDescription5","アカウントの通知が登録されました。"
"Update Settings","設定を更新"
"Fan","ファン"
"Core Clock","コアクロック"
"Memory Clock","メモリクロック"
"Power Limit","パワーリミット"
"(0 for auto)","0は自動設定"
"(0 for stock value)","0は既定値"
"NvidiaCardFrom.SpecifyDevice","シニア・ソリューションに使用するデバイスを指定する --revA"
"NvidiaCardFrom.MemClock","通常、この値はAfterBurnerに表示される値の2倍です。 例えば Windowsの場合は+ 800Mhzですが、ここでは1600を書き込みます。"
"NvidiaCardFrom.OffLED","LEDオフ（動作しないカードがあります）"
"OhGodAnETHlargementPill","OhGodAnETHlargementPill"
"ValueCardSeparatedSpace","スペースで区切ることによって、カードごとに値を指定できます。"
"one value for all GPUs.","１つの値の場合すべてのカードに適用されます。"
"means GPU0 = none, GPU1 = 100, etc.","GPU0は無し、GPU1は100等を意味します。"
"Configure","設定"
"Overclocking Settings","オーバークロック設定"
"OverclockingProfileModal.Text","オーバークロックプロファイルを選ぶ"
"ApplyOverclockProfile","現在選択中のプロファイルを適用しますか？"
"Invalid Shares","無効シェア"
"Show all payments","すべての払い出しを表示"
"No payments yet","まだ払い出しがありません。"
"Pool address","プールアドレス"
"Select pool address","プールアドレスを選択"
"Add New Pool","プールを追加"
"Enter email","Eメールアドレスを入力"
"Select Pool Server","プールサーバー選択"
"Selected Pool Servers","選択済みプールサーバー"
"on","オン"
"rights","権利"
"Workers","ワーカー"
"Balance","残高"
"Shared with me","私に共有されたもの"
"Timezone","タイムゾーン"
"Create New Farm","新しいファームを作成"
"Select timezone","タイムゾーンを選択"
"Input farm name","ファームの名前を入力"
"Mem State","メモリ状態"
"Core Voltage","コア電圧"
"Core State","コア状態"
"RadeonCardFrom.fanSpeed2","claymore設定を上書き"
"RadeonCardFrom.fanSpeed1","ファンの速度を設定することはできますが、マイナー（クレイモア）はそれを制御します。 これを動作させるには、マイナー設定のファン制御を無効にする必要があります。"
"RadeonCardFrom.memState.text3","このパラメータは「メモリクロック」の設定で使用してください。"
"RadeonCardFrom.memState.text2",""
"RadeonCardFrom.memState.text1","これは非常に高度なパラメータです。低い電圧に問題がある場合は、これを試してください。動作する場合はこのパラメータに触れないでください。"
"RadeonCardFrom.coreVddc.text5","VBIOSテーブルから。"
"RadeonCardFrom.coreVddc.text4","mVや値を意味する"
"RadeonCardFrom.coreVddc.text3","値は次のように設定できます。"
"RadeonCardFrom.coreVddc.text2","状態を使用して電圧を設定します。"
"RadeonCardFrom.coreVddc.text1","これはカードを電圧降下しようとする場合に必要です。そしてあなたは 「コア状態」またはデフォルトを設定しなければなりません。"
"RadeonCardFrom.coreState.text4.","低い値にすると電圧が下がります。"
"Default is","デフォルトは"
"RadeonCardFrom.coreState.text2","DPM (Dynamic Power Management)"
"RadeonCardFrom.coreState.text1","これはカードを電圧降下しようとする場合に必要です。このパラメータは「コアクロック」設定と「コア電圧」で使用してください。"
"RadeonCardFrom.coreClock.text2","「コア状態」が設定されていない場合、デフォルト"
"RadeonCardFrom.coreClock.text1","コアクロックを設定。いい値はこの範囲です。"
"RadeonCardFrom.coreClock.text3","状態はクロック数に使われます。"
"Refill","補充"
"balance","残高"
"per month","毎月"
"Recommended payment is","おすすめのお支払い方法は"
"From balance","残高から"
"With Coinpayment","Coinpaymentsで"
"Console","コンソール"
"Execute command","実行コマンド"
"Wrong command","間違ったコマンド"
"Remove all messages?","すべてのメッセージを削除しますか？"
"EDIT","編集"
"Overview","概要"
"Cards","カード"
"CONSOLE","コンソール"
"Offline","オフライン"
"Booted","ブートした"
"Uptime","稼働時間"
"TRANSFER","転送"
"Monitoring","モニタリング"
"Reboot","リブート"
"Miner Config","マイナーの設定"
"Rocket","ロケット"
"Upgrade","アップグレード"
"Shutdown","シャットダウン"
"OpenVPN configuration","OpenVPN設定"
"Power actions","パワーアクション"
"Server URL","サーバーのURL"
"Edit tags","タグを編集する"
"Miner actions","マイナーアクション"
"Teleconsole Start","テレコンソールを開始"
"Teleconsole Stop","テレコンソールを停止"
"Teleconsole Restart","テレコンソールの再起動"
"Hashrate watchdog","ハッシュレートウォッチドッグ"
"Run command","コマンドを実行する"
"Miner Log","マイナーログ"
"Stop Miner","マイナーを停止"
"Restart Miner","マイナーを再起動"
"Remote access","リモートアクセス"
"more messages","より多くのメッセージ"
"Add","追加"
"Password","パスワード"
"Description","説明"
"Add New Worker","新しいワーカーを追加する"
"RigForm.EnterWorkerName","ワーカー名を入力してください。"
"RigForm.EnterWorkerPassword","ワーカーパスワードを入力してください。"
"RigForm.EnterWorkerDescription","ワーカーの説明を入力してください。"
"rejected","拒否された"
"shared","共有"
"Upgrade to","へのアップグレード"
"New features","新機能"
"New version","新しいバージョン"
"Current version","現行版"
"SaveOCModal","OCModalを保存"
"Enter Name","名前を入力"
"SaveOverclockingAsTemplate.Name","オーバークロックのプロファイル名"
"SaveOverclockingAsTemplate.Title","テンプレートとしてオーバークロックを保存する"
"Set","セット"
"Default","デフォルト"
"Choose URL","URLを選択"
"ServerUrlFrom.Help3","注意してください！この設定を変更する前に、常に物理またはネットワークアクセス（SSH）をワーカーに準備してください。ワーカーが選択したURLに接続できない場合は、Hiveのためのオフラインになります。ミラーURLは「/hive-config/rig.conf」に保存され、手動で編集できます。"
"ServerUrlFrom.Help2","「Default」のままにしておくと、Hiveは接続先を決めることができます。通常はリストの最初のものになります。"
"ServerUrlFrom.Help1","ワーカーからHiveサーバーへの接続に問題があり、オフライン/オンラインイベントが頻繁に発生する場合は、別のサーバー接続URLを選択できます。ファイアウォール（自分またはISP）に問題があり、スイッチポートが役立つことがあります。"
"Mirror Select","ミラーを選択"
"Stats","統計"
"gpu","GPU"
"for 24 hours","24時間"
"View all","すべて見る"
"day","日"
"Day left","残った日"
"Days left","残りの日数"
"New Tag Name","新しいタグ名"
"Add Tag","タグを付ける"
"Add tag","タグを付ける"
"Explore transaction","トランザクションを調べる"
"Referrals.TransactionsNotFound","まだトランザクションはありません"
"Upload VBIOS","VBIOSをアップロードする"
"VBIOS ROM file","VBIOS ROMファイル"
"UploadingBiosFromLabel","強制的な書き込みまたはセキュリティチェック"
"Upload","アップロード"
"VPN.ClientConf","client.conf（embeded certsでこのファイルのみをアップロード）"
"Login (auth-user-pass)","ログイン（auth-user-pass）"
"Password (auth-user-pass)","パスワード（auth-user-pass）"
"Address","アドレス"
"Enter wallet address","ウォレットのアドレスを入力してください。"
"Enter wallet name","ウォレット名を入力してください。"
"Accepted shares ratio","有効シェア率"
"Invalid shares","無効なシェア"
"High Temperature","高温"
"Low hashrate","低いハッシュレート"
"cores","コア"
"Hive OS Version:","Hive OSバージョン："
"Power:","パワー："
"Free disk space:","空きディスク容量："
"Restart","再起動"
"Stop","停止する"
"Shut Down","シャットダウン"
"Overclocking profiles","オーバークロックプロファイル"
"WorkerActions.Upgrade","ワーカーを最新のOSバージョンにアップグレードしますか？"
"WorkerMiner.Tooltip","有効シェア/無効シェア比率"
"NoStatsFoundSoFar","これまでの統計は見つかりませんでした。"
"","必要なアクセス権がありません"
"Delete","削除"
"You can","可能"
"create one","一つ作る"
"FarmsAccess.NoUsersFound","これまでにユーザーが見つかりませんでした。"
"Owner","オーナー"
"Access Levels","アクセスレベル"
"User name","ユーザー名"
"UserEditForm.GrantAccessProject","プロジェクトへのアクセスを許可する"
"Grant access","アクセス許可"
"","既存ユーザーのログイン"
"Access Levels...","アクセスレベル..."
"User login","ログインID"
"ProjectAccess.TrustUserDescription","たとえば、管理者にフルアクセス権限を与えて、代わりにすべてを管理できるように、管理者のファームへのアクセスを他のユーザーに与えることができます。または、単純な保守と監視などを行う技術スタッフに、読み取り専用のモニターアクセス権を与えることができます。"
"Profile","プロフィール"
"Telegram","Telegram"
"here","ここに"
"Bio","Bio"
"Update Info","更新情報"
"Company Info","会社情報"
"Skype","Skype"
"Phone","電話"
"API docs are","APIドキュメント"
"Account.SetupTFAuth","2段階認証の設定"
"Account.TFAuth","2段階認証"
"Update Password","パスワードの更新"
"Confirm New Password","新しいパスワードを確認"
"Account.PasswordError","パスワードは8文字以上でなければなりません。"
"New Password","新しいパスワード"
"Current Password","現在のパスワード"
"Full Name","フルネーム"
"Account.ProfileSettings.Header","アカウントプロファイルの設定"
"Language","言語"
"Account.BIODescription1","あなたに関する追加情報。"
"Account.BIODescription2","オプションです。"
"Account.AuthenticationDecstiption","HiveOSアカウントを有効にするには追加のセキュリティが必要です。"
"Account.PasswordDescription","パスワードを変更すると、APIキーもリセットされます。"
"Account.ProfileDescription","あなたのログインはHiveOS上にあるあなたの個人情報が用いられます。"
"6 digits code","6桁のコード"
"Enable 2FA","2段階認証を有効にする"
"Turn off 2FA","2段階認証を無効にする"
"Account.AuthenticationTokenButton","新しいパーソナルAPIトークンを生成する"
"Authentication Tokens","認証トークン"
"Account.AuthenticationToken","そこにあなたの個人的なAPIのトークンを管理することができます。あなたは、あなたの第三者のアプリケーション用に新しいものを生成することができます。または、慎重にセッションを削除することができます。"
"Personal Tokens","パーソナルトークン"
"Session Tokens","セッショントークン"
"Authy","オート"
"Account.AuthenticationTwoFactor3","デスクトップを含む複数のデバイスにインストールすることができます。"
"Account.AuthenticationTwoFactor4","カメラでコードをスキャンし、下のコードを入力します。"
"Farm Activity Feed","ファームアクティビティフィード"
"Pay","支払う"
"Payments","支払い"
"Amount to refill, $","補充する金額、$"
"Your Current Balance","あなたの現在の残高"
"Payments History","支払い履歴"
"Farms Balance","ファームの残高"
"Free","無料"
"Invoice","請求書"
"days left","残りの日数"
"Disable Paid Features","有料機能を無効にする"
"Enable Paid Features","有料機能を有効にする"
"Log in","ログイン"
"Return to","戻る"
"Reset password","パスワードを再設定する"
"Type email to recover password","Eメールを入力してパスワードを回復する"
"Error.Text","申し訳ありませんが、このページで重大なエラーが発生しました。"
"Just one step!","Just one step!"
"create wallet","ウォレットを作成する"
"first!","first!"
"Farm.FarmsFs.Description","フライトシートを管理しなければなりません。"
"FarmOC.EmptyMessage","選択できるオーバークロックプロファイルがありません。"
"Add OC Profile","OCプロファイルを追加"
"Incoming farms","新しいファーム"
"Log in your account","あなたのアカウントにログインする"
"2FA code (if enabled)","2段階認証コード（有効な場合）"
"Remember me","パスワードを保存"
"Forgot password?","パスワードをお忘れですか？"
"Register","登録"
"Don't have account yet?","アカウントがない場合はこちら"
"","申し訳ありませんが、表示しようとしていたページが存在しません。"
"Referral Link","紹介リンク"
"Referral.ReferralLink1","このリンクを経由してご友人が登録すると報酬を得ることができます。"
"Your referral","あなたの紹介"
"Copy to Clipboard","クリップボードにコピー"
"Promo Code","プロモーションコード"
"Referral.PromoCodeDescription1","紹介リンクを送れない場合。 ここでは、「MIKESHIVE」や「SAVEBUCKSFORLAMBO」のような独自のプロモーションコードを生成することができます。 あなたがハードウェアの売り手またはサービスショップ、または他のオフラインビジネスであれば、これはあなたにとって有効になるかもしれません。 あなたのコードに登録するようクライアントのモチベーションを高めるためにHiveは入金します。"
"Referral.PromoCodeDescription2","彼らが一度それを行うと、彼らのアカウントに。"
"ETH Wallet Address","ETHウォレットアドレス"
"Referral Balance","紹介残高"
"Deposit to Hive","デポジットへの入金"
"ReferralTransactionsHistory","参照取引の履歴"
"Referral.BalanceDescription2","毎月の初めに、自動ペイアウトのETHウォレットアドレスを指定します。"
"Referral.BalanceDescription1","あなたの紹介で登録したマイナー"
"Referral.BalanceDescription3","紹介報酬の引き出しには１ヶ月かかります。ここにアドレスを入力しておけば支払いを受けることができます。"
"Referral.BalanceDescription4","最低支払いは合計25ドルです。"
"Referral.BalanceDescription5","BTCの高いトランザクション手数料のため、お支払い通貨を変更することができます。"
"Referral.PromoCodeYoungAccount","プロモーションコードを使用するにはアカウントの試用期間が短すぎます。"
"Referral.BalanceDescription","紹介報酬はまだありません。"
"Passwords do not match","パスワードが一致していません"
"Create new account","新しいアカウントを作成する"
"Confirm password","パスワードを認証する"
"Register.CheckboxLabelText","「登録する」をクリックすると同意します。"
"Terms","条項"
"Register.HaveAccount","既にアカウントをお持ちですか？"
"RestorePassword.Message","パスワードの送信に成功しました。メールを確認してください。"
"Remove all","すべて削除する"
"Id","Id"
"Activity Feed","アクティビティフィード"
"Build Log","ビルドログ"
"Other","その他"
"Flight Sheet","フライトシート"
"Flight Sheets","フライトシート"
"FlightSheets.Message","マイニングを開始するには、フライトシートを選択してください！"
"StartConfOverclocking","オーバークロックの設定を開始する"
"Flash VBIOS","VBIOSを書き込む"
"OverclocingSettingsFoundSoFar","現在までにオーバークロック設定が見つかりませんでした。"
"Load From Template","テンプレートから読み込む"
"Save As Template","テンプレートとして保存する"
"Reset All","すべてリセット"
"Configure New Algo","新しいアルゴリズムを設定する"
"Transfer","転送"
"Advanced Settings","高度な設定"
"Confirmation required","確認が必要です。"
"Settings.RemoveProject2","削除されたプロジェクトは復元できません！本当によいですか？"
"Settings.RemoveProject3","この操作はデータの消失につながります。偶発的な行為を防ぐため、あなたの意図を確認するようにお願いします。"
"Please type","タイプしてください。"
"Settings.RemoveProject4","この画面を続行または閉じることで取り消すことができます。"
"Settings.RemoveProject1","あなたはワーカーを削除するつもりです。"
"Remove Worker","ワーカーを削除"
"Settings.RemovedWorker","削除されたワーカーは復元できません！"
"Update Worker","ワーカーの更新"
"Worker Name","ワーカーの名前"
"Worker Settings","ワーカー設定"
"OpenVPN Config","OpenVPN設定"
"Are you sure?","設定していいですか？"
"Worker Password","ワーカーパスワード"
"Settings.ChangePass1","データベースのみでパスワードを変更し、アクティブワーカーがそれを使用している場合、ワーカーはオフラインになります。"
"Settings.ChangePass2","DBでパスワードを変更し、ワーカーで変更しようとしました。オンラインワーカーのパスワードを変更しようとします。パスワードはワーカーからの通知後にのみ変更されます。"
"Settings.ChangePass3","DBのみでパスワードを変更してください。現在のパスワードを持つワーカーはオフラインになります。"
"Transfer Worker","ワーカーを転送"
"Settings.WalletTransferFarm","ワーカーを別のファームに移動する"
"Settings.RemoveProject5","ワーカーを削除しますか？"
"Settings.WalletTransfer","ウォレットはワーカーと一緒に移行されません。この移行が完了したら、他のファームからウォレットを割り当ててください。"
"Settings.ConfirmTransferWorker","ワーカーを転送しますか？"
"Select farm","ファームを選択"
"Settings.TransferWorker","フライトシートはワーカーにコピーされません。移行が完了した後、新しいファームでフライトシートを割り当ててください。"
"Transfer Worker?","ワーカーを転送しますか？"
"Tuning","チューニング"
"Worker","ワーカー"
"Online","オンライン"
"With Errors","エラーあり"
"Hide filters","フィルタを非表示にする"
"Show filters","フィルタを表示する"
"with","と"
"Name changed","名前が変更されました。"
"Farm settings","ファームの設定"
"Settings.MargeProject","あなたが現在管理していないプロジェクトととのみ統合できます。"
"Merge Project","管理プロジェクト"
"Transfer Project","プロジェクトを転送する"
"Type project name","タイププロジェクト名"
"Select user login","ユーザーログインを選択"
"Remove Project","プロジェクトを削除"
"Farm.Setting.Text1","ファームを削除しようとしています。"
"Type Project Name","プロジェクト名を入力"
"You are going to merge farm","ファームを統合しようとしています。"
"Merged project CANNOT be restored!","統合されたプロジェクトは復元できません！"
"Are you ABSOLUTELY sure?","本当によいですか？"
"Save Changes","変更内容を保存"
"Timezone changed","タイムゾーンが変更されました。"
"Farm changed","ファームが変更されました。"
"Farm.Settings.TagsDescription","あなたのカスタムタグを追加して、ワーカーをマークしてください。"
"Farm.Settings.RemoveDescription1","プロジェクトを削除すると、リポジトリと、問題、管理リクエストなどのすべての関連リソースが削除されます。"
"Farm.Settings.RemoveDescription2","削除されたプロジェクトは復元できません。"
"Farm Title","ファームタイトル"
"Remove Farm","ファームを削除"
"Question.ChangeFarmOwner","ファームの所有者を変更しますか？"
"ChangeOwnership","所有権を変更する"
"Leave Farm","ファームを離れる"
"Settings.LeaveFarm","その後、このファームにはもうアクセスできなくなります"
"","ファームの所有者を変更しますか？"
"RemoveFarmAccess","ファームアクセスを削除する"
"Question.RemoveAccess","アクセスを削除しますか？"
"Question.RemoveFarm","ファームを削除しますか？"
"Question.LeaveFarm","ファームを離れますか？"
"Farm.Setting.FarmHashDescription1","ファームハッシュは、Webで事前作成せずにワーカーに接続するために使用されます。"
"Farm.Setting.FarmHashDescription2","だけ設定してください。"
"Farm.Setting.FarmHashDescription3","最初の実行の前に"
"More details","詳細"
"Farm Hash","ファームハッシュ"
"Transfer farm","ファームを転送する"
"Farm.Setting.TransferDescription","他のユーザーにファームを転送します。新しいファームの所有者になる既存のユーザーのログイン情報を入力してください。"
"No wallets found so far.","ウォレットは見つかりませんでした。"
"FlightSheetForm.NamePlaceholder","フライトシートの名前を入力してください。"
"FSFormItem.DcriHelp","Decred / Siacoin / Lbry / Pascalの強度。デフォルト値は30です。PASCの場合、合理的な値は約10です。SIAの場合は約15です。値を大きくすると、ETHマイニングのドロップダウンの原因になります。"
"PoolConfigModal.Advanced","高度な設定"
"PoolConfigModal.AdvancedHint","<strong>注意してください。</strong>各URLは改行されていなければなりません。"
"PoolConfigModal.PoolUrls","URLを入力"
"FS.ConfiguredInMiner","マイナーで設定"
"AutoFan","自動ファン"
"Token","トークン"
"PageNotFound","申し訳ありませんが、このページは存在しません"
"ConfirmPassword.Message","新しいパスワードを入力してあなたのEメールにトークンを送信してください。"
"Ethminer.OpenCLCudaHint","使用するGPUプラットフォームを選択します。 OpenCLとCUDAを一緒に使用すると失敗する場合があります。 Extra Paramsで<code>  -  opencl-platform 1 </ code>または<code> 0 </ code>を使って動作させてください。"
"AllRedTemps.Hint","これらの値より温度が高くなると赤く表示されます。"
"RedTemp.Hint","この値より温度が高くなると赤く表示されます。"
"AutoFans.NoAMD","AMDカードには使用しないでくださいNVIDIAのみの設定です。"
"AutoFans.Info","ファンの制御を有効にします。 GPUを目標温度に近づけます。マイナーは危険温度で停止します。 AMDカードの場合は、マイナーのファン制御を無効にすることを忘れないでください。"
"RadeonCardFrom.coreState.text3","またはGPUコアの「電力レベル」です。 RXカードの場合は、"
"RadeonCardFrom.AggressiveUndervolting","アグレッシブ電圧降下（DPM状態ごとに設定）"
"Settings.VPN","今すぐVPNを変更することはできません。コマンド実行中です。"
"VPN.HelpInfo","ファイル名は次のようになります。client.confの証明書はca.crt、client.crt、client.keyという名前を付ける必要があります。また、client.confに証明書を埋め込み、1つのファイルだけをアップロードすることもできます。"
"Required filed","必須項目"
"Promocode","プロモーションコード"
"GPU","GPU"
"ASICS","ASIC"
"Account Login","アカウントのログイン"
"Password changed","パスワードが変更されました。"
"Settings.transferTargetText","あなたは既に転送リクエストを送っています。"
"FarmTempHeader.GPUCriticalTemperature","GPUクリティカル温度"
"Account.AuthenticationTwoFactor1","このコードをバックアップしてください。最善の方法は、スクリーンショットを作成して印刷することです。"
"Account.AuthenticationTwoFactor2","コードを紛失した場合、認証デバイス（携帯電話）が紛失した場合、アカウントへのアクセスを復元することはできません。"
"SelectAmd","AMDカードを選択"
"Activity","アクティビティ"
"Access","アクセス"
"Settings","設定"
"Unsubscribe","登録解除"
"File shouldn't be empty","ファイルは空であってはいけません"
"TheLatestActivity","最新のアクティビティ"
"Referal.EnterPromocode","クリエイティブなプロモーションコードはこちら"
"FlightSheetFrom.AddMiner","いくつかのマイナーを実行する必要がある場合"
"Settings.NotificationSubscribe","登録していません。"
"OverclockingAlgoFrom.Title1","オーバークロックの設定を編集する"
"OverclockingAlgoFrom.Title2","オーバークロックの設定を構成する"
"NewWallet","新しいウォレット"
"EditWallet","ウォレットを編集する"
"Settings.Notifications.AccountLogin","アカウントにログインがありました。"
"Settings.Notifications.DetectedWorkerOffline","ワーカーオフラインを検出しました。"
"Settings.Notifications.DetectedWorkerOnline","ワーカーオンラインを検出しました。"
"Settings.Notifications.WorkerBooted","ワーカーが起動しました。"
"Settings.Notifications.ErrorMessages","エラーメッセージ"
"Settings.Notifications.WarningMessages","警告メッセージ"
"Settings.Notifications.InfoMessages","情報メッセージ"
"Settings.Notifications.SuccessMessages","成功メッセージ"
"Settings.Notifications.GPUTemp","GPU温度>赤色温度+ 3°"
"Settings.Notifications.HourlySummary","時間別サマリー"
"ConfirmTransferToHive.Title","いくらデポジットしますか？"
"ConfirmTransferToHive.ErrorMessage","残高が足りません"
"FS.ConfirmatioTitle","注意！このフライトシートは他のワーカーに適用されています。"
"FS.ConfirmatioMessage","新しいフライトシートで起動しますか？それともほかのワーカーと一緒にアップデートしますか？"
"FS.UpdateAll","全てのワーカーを更新します。"
"FS.CreateNewFS","新しいフライトシートを作成します。"
"NvidiaCardForm.DelayPill","Pillを起動するまで数秒遅らせる"
"NvidiaCardForm.DelayPillHint","いくつかの1080カードのバグを未然に防ぐため、この値を120以上に設定してみてください。"
"WorkerSettings.CardsQuantityHint","ワーカーのカード枚数が自動的に増えました。 これらを減らす必要がある場合は、このパラメータを更新してください"
"WorkerSettings.CardsQuantityPlaceholder","数値を入力してください"
"Cards Quantity","カード枚数"
"WorkerSettings.DisableGUI","起動時にGUIを無効にします"
"WorkerSettings.DisableGUIHint","X serverを起動しないでください。コンソールのみ。Nvidiaのオーバークロックはしないでください。"
"WorkerSettings.Resend","全ての設定を再送信します"
"WorkerSettings.ResendHint","ワーカーが同期していない場合は、すべてのマイナーにオーバークロック、その他の設定を送信できます。"
"Push","押す"
"MinerForm.Template.examples","テンプレート例"
"MinerForm.Template.forMost","ほとんどのマイニングプールで"
"MinerForm.Template.for","for"
"MinerForm.Template.text1","テンプレートの正しい文字列については、プールのヘルプの項目を読んでください。フォーマットの詳細については、こちらをご覧ください。"
"MinerForm.Template.text2","ウォレットから正しい値に置き換えられます。"
"MinerForm.Template.text3","ワーカー名に置き換えられます。"
"WDConfig.EnableWatching","ハッシュレートの監視を有効にします。最小値を下回ると、マイナーを再起動します。"
"WDConfig.RestartNotHelp","マイナー再起動の効果がない場合、再起動します。"
"WDConfig.On","ハッシュレート監視オン"
"WDConfig.Off","ハッシュレート監視オフ"
"WDConfig.SetUsed","使用中のマイナーに値を適用します"
"WDConfig.SetOther","他のマイナーに値を適用します"
"ConsoleCommand.ShowInfo","Nvidiaのカードについての情報を表示します"
"ConsoleCommand.ShowFreq","AMDのカードの現在の周波数を表示します"
"ConsoleCommand.LogsRam","USBフラッシュドライブに保存するためにRAMにログインする"
"ConsoleCommand.LogsDisk","ディスク上のログは、再起動後も保持されます"
"ConsoleCommand.ShowFreqAmd","AMDのカードの現在の周波数を表示します"
"ConsoleCommand.AmdExtended","AMDカードの詳細情報を表示します"
"ConsoleCommand.AmdVoltage","AMD GPU＃0の電圧テーブルを表示します"
"ConsoleCommand.SayHello","データをリフレッシュするにはもう一度サーバーに問い合わせてください"
"ConsoleCommand.ServiceBoot","サービスのブートログを表示します"
"ConsoleCommand.SendReset","OpenDevウォッチドッグに「リセット」コマンドを送信する"
"ConsoleCommand.SendPower","OpenDevウォッチドッグに 「power」コマンドを送る"
"ConsoleCommand.GpuScript","ファンを回転させてGPUを見つけるスクリプト"
"Deselect","選択解除"
"Overclocking Profiles","オーバークロック設定"
"MinerForm.Url.PoolUrl","プロトコルとポートを含むプールのURL"
"MinerForm.Url.ForFailOver","フェイルオーバ・プールの場合は、次の行に書いてください。passはすべて使用されます。"
"MinerForm.BminerForm.With","with"
"MinerForm.BminerForm.More","more"
"MinerForm.Url.ItHas","下記のフォーマット"
"MinerForm.Url.LooksLike","例えば、下記のように"
"MinerForm.Url.Subscribe","flypoolを使用している場合。 代わりの"
"MinerForm.Url.IfYou","SSL経由でプールに接続している場合"
"MinerForm.Url.Examples","bminerの例"
"MinerForm.UserConfig.Text1","必要に応じて追加のパラメータを設定に追加します。 行の最後にコマまたはドットがない次の形式の各行に1つ。 使用可能なマイナー構成値については、作成された設定を参照してください。"
"MinerForm.UserConfig.Text2","周波数を設定する"
"MinerForm.UserConfig.Text3","電圧を設定する"
"MinerForm.UserConfig.Text4","miner API利用可能なメソッド"
"MinerForm.BMinerConfig.Text1","あなたはここに何か入力することができます"
"MinerForm.BMinerConfig.Text2","スペースで区切られたcudaデバイスのリスト"
"MinerForm.BMinerConfig.Text3","その他のオプションはこちら"
"MinerForm.BMinerConfig.Text4","Bminer reference"
"MinerForm.Fork.List","Forkの詳細一覧"
"MinerForm.Fork.here","here"
"MinerForm.Fork.Run","Run"
"MinerForm.Fork.Check","フォークの更新を確認する"
"MinerForm.Algo.Which","どのアルゴリズムをマイニングに使用しますか。 ために"
"MinerForm.Algo.ItShould","そのはず"
"MinerForm.Algo.Example","例えば"
"MinerForm.InstallUrl.Where","取得するURL"
"MinerForm.InstallUrl.Package","パッケージ。 既にインストールされている場合はダウンロードされません。"
"MinerForm.Miner","これは、インストールされているマイナーの名前です。 "
"MinerForm.CCPoolExtra","必要に応じて追加パラメータをプールに入れてください。 行の最後にコンマまたはドットをつけず次の形式の各行に1つ。 パラメータ例"
"MinerForm.CCExtra.Text1","これらは、鉱夫の追加パラメータです。 行の最後にコンマまたはドットをつけず次の形式の各行に1つ。 パラメータ例"
"MinerForm.CCExtra.Text2","プロトコルレベルのアクティビティの冗長なダンプ"
"MinerForm.CCExtra.Text3","コンマ区切りにした使用するCUDAデバイスリスト"
"MinerForm.CGMInerConf.Text1","必要に応じて追加のパラメータを設定に追加します。 各行の最後にコンマまたはドットがない形式に沿って。"
"MinerForm.CGMInerConf.Text2","ファン制御をオフにする"
"MinerForm.CGMInerConf.Text3","Cryptonightのパラメータの例"
"MinerForm.CGMInerConf.Text4","Ethashのパラメータの例"
"MinerForm.CGMInerConf.Text5","何が間違っているかを見る"
"MinerForm.CGMInerConf.Text6","使用するデバイスを選択し、1つの値につき範囲、コンマで区切った値（0〜2,4など）"
"MinerForm.CGMinerFork.Text1",""
"MinerForm.CGMinerFork.Text2","追加しようとする"
"MinerForm.CGMinerFork.Text3","and"
"MinerForm.CGMinerFork.Text4","問題を調べるための詳細を表示するよう設定されています。"
"MinerForm.CGMinerFork.Text5","フォークの詳細一覧"
"MinerForm.CGMinerFork.Text6","here"
"MinerForm.DpoolTpl.Text1","ナノプールでのSIAの例"
"MinerForm.DpoolTpl.Text2","ウォレットから正しい値に置き換えられます。 正しいウォールセットの文字列については、プールのヘルプのセクションを読んでください。"
"MinerForm.ClaymoreDescr.Text1","Decred / Siacoin / Lbry / Pascalのintensity。 デフォルト値は30です。"
"MinerForm.ClaymoreDescr.Text2","PASCの場合、合理的な値は約10で、SIAの場合は約15です。値を大きくすると、ETHマイニングのドロップダウンが発生します。"
"MinerForm.ClaymoreConfig.Text1","Claymoreのconfig.txtに表示する設定をここに1行ずつ入れてください。 例えば"
"MinerForm.ClaymoreConfig.Text2","ファンを100％に設定します"
"MinerForm.ClaymoreConfig.Text3","目標温度を65℃に設定します"
"MinerForm.ClaymoreConfig.Text4","ファンの制御を無効にする"
"MinerForm.ClaymoreConfig.Text5","GPU 3、4、10、11を使用する"
"MinerForm.ClaymoreConfig.Text6","を参照してください"
"MinerForm.ClaymoreConfig.Text7","Claymoreのドキュメント"
"MinerForm.ClaymoreConfig.Text8","その他の設定"
"MinerForm.CpuMinerConfig.Text1","必要に応じて追加のパラメータを設定に追加します。 各行の最後にコンマまたはドットがない形式。 パラメータの例"
"MinerForm.CpuMinerConfig.Text2","minerスレッドの数（デフォルト：プロセッサ数）。 ほとんどのアルゴリズムの推奨は n =コア数 - 1"
"MinerForm.CpuMinerConfig.Text3","プロセス親和性をcpuコアに設定する、マスク1（0xA）をコア1と3に設定する"
"MinerForm.CpuMinerConfig.Text4","マイニングを停止する温度（摂氏）（デフォルト値は85）。"
"MinerForm.Server","フェイルオーバ・プールの場合は、次の行に書きます。passはすべてに使用されます。"
"MinerForm.DstmConf.Text1","あなたはここに何かを置くことができます"
"MinerForm.DstmConf.Text2","コンマ区切りのcudaデバイスのリスト"
"MinerForm.DstmConf.Text3","負荷を減らす。コンマで区切られたdev_idのリスト：intensityの値"
"MinerForm.DstmConf.Text4","各GPUの動作は、温度がこの値を維持するように継続的に調整されます。 dev_idのコンマ区切りリスト：目標温度の値"
"MinerForm.EthServ.Text1","ネットワーク使用のために、以下のスキームの1つ"
"MinerForm.EthServ.Text2","階層使用のために、以下のスキームの1つ"
"MinerForm.EthServ.Text3","例"
"MinerForm.EthConf.Text1","あなたはここに何か入力することができます"
"MinerForm.EthConf.Text2","マイニングのために使用するOpenCLデバイス"
"MinerForm.EthConf.Text3","マイニングのために使用するCUDAデバイス"
"MinerForm.EwbtConf.Text1","必要に応じて追加のパラメータを設定に追加します。 各行の最後にコンマまたはドットがない形式。 パラメータの例"
"MinerForm.EwbtConf.Text2","特定のGPUのみを使用する"
"MinerForm.EwbtConf.Text3","温度制限を設定する"
"MinerForm.LolConf.Text1","あなたはここに何か入力することができます"
"MinerForm.LolConf.Text2","コンマ区切りのデバイスのリスト"
"MinerForm.OptiConf.Text1","何か入力することも可能です。"
"MinerForm.OptiConf.Text2","使用するOpenCLデバイスID。 デバイスが指定されていない場合、すべてが使用されます"
"MinerForm.OptiConf.Text3","使用するOpenCLプラットフォームID"
"MinerForm.OptiConf.Text4","ワーカーのintensity。 0は利用可能なメモリに基づいて自動検出を意味します"
"MinerForm.XmConf.Text1","必要に応じて追加のパラメータを設定に追加します。 各行の最後にコンマまたはドットがない形式。 パラメータの例"
"MinerForm.XmConf.Text2","CPU使用率を75％から50％に削減"
"MinerForm.XmConf.Text3","他のパラメータは"
"MinerForm.XmConf.Text4","xmrig doc"
"MinerForm.XmUrl.Text1","プールアドレスはフォームに沿って入力してください"
"MinerForm.XmUrl.Text2","stratum poolのみがサポートされています"
"MinerForm.XmUrl.Text3","フェイルオーバ・プールの場合は、次の行に書きます。パスはすべてのために使用されます"
"MinerForm.XmStakCpuUrl.Text1","プールアドレスはフォームに沿って入力してください"
"MinerForm.XmStakCpuUrl.Text2","stratum poolのみがサポートされています"
"MinerForm.XmrAmd.Text1","amd.txtの完全な内容、以下の例"
"MinerForm.XmrAmd.Text2","AMD GPUを無効にするには"
"MinerForm.XmrAmd.Text3","チューニングガイド"
"MinerForm.XmrNvidia.Text1","nvidia.txtの完全な内容、以下の例"
"MinerForm.XmrNvidia.Text2","Nvidia GPUを無効にするには"
"MinerForm.XmrNvidia.Text3","チューニングガイド"
"MinerForm.XmrCpu","cpu.txtの完全な内容、以下の例"
"per","毎"
"OC.DefaultConfig","標準設定"
"OC.DefaultHint","標準で使用されます。 アルゴ設定によってオーバーライドすることができます"
"Account.AuthenticationTokenCurrent","現在のセッショントークン"
"Account.AuthenticationTokenOther","その他のセッショントークン"
"Enter amount","金額を入力します"
"Send","送信"
"Revoke","取り消し"
"Monitor","モニター"
"Tech","テック"
"AccessLevel.Monitor","監視と統計、ワーカーの詳細。 タグを割り当てて、信頼できるアカウントのワーカーの可視性を制限することができます。"
"AccessLevel.Tech","オーバークロック、再起動、シャットダウン、アップグレード。"
"AccessLevel.Rocket","マイナーとウォレットをワーカーに適用する。 ワーカーの作成と削除"
"AccessLevel.Advanced","コマンド、VPN、Wallets、Tuningを実行します。"
"AccessLevel.Full","パスワード、二段階認証、通知、支払い、所有権。"
"Full Access","フルアクセス"
"Advanced","高度"
"CompactView.Status.InvalidShares","低い割合または無効なシェア"
"CompactView.Status.HightTemperature","高温"
"CompactView.Status.LowHashrate","低いハッシュレート"
"Load Avg","平均ロード"
"Subscribed","購読する"
"Create Flight Sheets","フライトシートを作成する"
"Worker.FlightSheets.epmtyMessage","マイニングを開始するには"
"FS.ActiveFSEdit","このフライトシートはアクティブです。"
"FS.ApplyAll","全てのワーカー"
"FS.AttachedWorlers","添付のワーカー"
"FS.ChangesWillBeApplied","変更は、このフライトシートを使用するすべてのワーカーに適用されます。"
"FS.NewFSWillBeCreated","新しいフライトシートがこのワーカー用に作成され、それにのみ適用されます。"
"FS.OnlyThis","このワーカーのみ"
"Account.WhiteList","ホワイトリスト"
"Account.WhiteListHint","ここでは、アカウントにログインできるIPを制限できます。 スペース区切りの値。"
"Account.WhiteListHint2","あなたの現在のIPアドレスは"
"Account.WhiteListHint3","基本的なチェックはサーバー上で行われるので、自分自身を切断することはありません。"
"Account.WhiteListExamples","例"
"Account.WhiteListExample1","一つのIPアドレスを許可"
"Account.WhiteListExample2","二つのIPアドレスを許可"
"Account.WhiteListExample3","172.217.16で始まるすべてのIPと一致します。"
"Account.WhiteListExample4","172.217.dで始まるすべてのIPと一致します。"
"Account.WhiteListExample5","一つのIPV6アドレス"
"Account.WhiteListExample6","2001:db8::で始まるIPV6アドレスと一致します"
"Account.WhiteListPlaceholder","IPアドレスを入力してください"
"Account.WhiteListAddNewPlaceholder","新しいIPアドレスを入力してください"
"CoinPaymentsDeposits","コインペイメント預金"
"Billing.TransactionFee","指定金額にトランザクション手数料を追加する"
"Billing.FAQ","支払いFAQ"
"WorkerSettings.GuiTurnedOn","GUIをオン"
"WorkerSettings.GuiTurnedOff","GUIをオフ"
"VPN.TurnedOn","VPNオン"
"VPN.TurnedOff","VPNオフ"
"Are you shure?","よろしいでしょうか"
"Account.AuthenticationTwoFactor5","もしコードが入った携帯電話が壊れた時のことを考えるとGoogle認証システムは、最良の選択ではありません。 使用時の注意"
"BillingFarm.DaysUntil","ファームがロックされるまでの日数"
"BillingFarm.ToLock","ロックする日数"
"AMD","AMD"
"Card Types","カードタイプ"
"TEMP","温度"
"FAN","ファン"
"Core","コア"
"MEM","メモリ"
"FlightSheets.ToManage","あなたのウォレットを管理するには"
"FlightSheets.WalletsPage","ウォレットページ"
"FS.WallAddress","ウォレットアドレス"
"Claymore User Config","Claymoreのユーザー設定"
"2FA.ON","二段階認証オン"
"2FA.OFF","二段階認証オフ"
"Account.TwoFactorDisableDescription","二段階認証を無効にするコードを入力します。 保存されたQRコード（秘密）は機能しなくなります。後で削除することが可能です。"
"MinerForm.Custom.InstallationUrl","インストールURL"
"MinerForm.Custom.MinerName","マイナー名"
"AutoFans.ON","自動ファンをオン"
"AutoFans.OFF","自動ファンをオフ"
"AutoFans.TargetTemp","目標温度"
"AutoFans.MinFan","最小ファン速度"
"AutoFans.MaxFan","最大ファン速度"
"AutoFans.Critical","危険温度"
"AutoFans.NoAMDLabel","AMDではない"
"AutoFans.RebootOnErrors","エラーにより再起動"
"WDConfig.Minutes","分"
"WDConfig.MinerRestart","この後にマイナーを再起動"
"WDConfig.RebootAfter","この後にマイナーを再起動"
"Server","サーバー"
"Pass","パスワード"
"Port","ポート"
"Template","温度"
"Server Urls","サーバーのURL"
"PersonalToken.Placeholder","個人用トークンの名前を入力"
"2FA Disabled","二段階認証無効"
"2FA Enabled","二段階認証有効"
"Discount","割引"
"Monthly price","月額"
"Daily use","一日使用額"
"Payments.DailyRigsUse","一日使用リグ数"
"Payments.DailyRigsPrice","一日リグ使用額"
"Payments.DailyAsicsPrice","一日ASIC使用額"
"Payments.DailyAsicsUse","一日使用ASIC数"
"Payments.Refill","あなたの残高を補充するには"
"rig","リグ"
"Coin.TypeIn","コインの種類"
"CoinPaymentsDeposits.ShowAll","全ての預かり金を表示"
"gained","獲得"
"OverclockingAlgoTable.CcAlgoResolved","追加をクリックして、このアルゴリズムにオーバークロックを設定します"
"Algo","アルゴリズム"
"Billing Page","支払いページ"
"Select algo","選択アルゴリズム"
"more","さらに"
"PaymentsList.CheckStatus","支払いステータスを確認"
"AsicTable.Chain","チェーン"
"AsicTable.ASIC","ASIC"
"AsicTable.Frequency","周波数"
"AsicTable.HW","HW"
"AsicTable.Temp","温度"
"AsicTable.ASICStatus","ASICの状態"
"FilterWallets.more","他のウォレット"
"Tuned","チューニング済"
"MiningInfo.Title","マイニング情報"
"MiningInfo.Tuned","チューン済マイナー"
"OverclockingAlgoTable.more","さらに"
"PowerGraph.Power","電源"
"The latest","最新の"
"for","for"
"PoolConfigModal.EnterUrls","URLを入力"
"Intensity:","Intensity"
"Wallet Address","ウォレットアドレス"
"Dcoin","Dcoin"
"Example for nanopool","ナノプールの例"
"WalletWorkTemplate:","ウォレットとワーカーのテンプレート"
"dstm 0.6.0 had changed config syntax","dstm 0.6.0 が書式の設定を変更しました。"
"Action.OCUpdated","オーバークロックプロファイルが正常に更新されました。"
"Action.OCRemoved","オーバークロックプロファイルが正常に削除されました。"
"Worker added","ワーカーが追加されました。"
"Worker removed","ワーカーを削除しました。"
"Worker updated successfully","ワーカーが正常に更新されました。"
"Password successfully updated","パスワードが更新されました。"
"Worker has been transferred","ワーカーが移行されました。"
"Action.RemoveAllWorkersMessages","全てのワーカーのメッセージが削除されました。"
"Action.NowFarmYours","現在のファームはあなたが所有しています。"
"Action.RequestRejected","リクエストは拒否されました。"
"Action.LoginInvalid","無効なログイン"
"Action.KeyUpdated","更新されたAPI KEY"
"Action.KeyRemoved","削除されたAPI KEY"
"Action.KeyAdded","加えられたAPI KEY"
"Action.YouUnsubscribed","正常に申し込みが解除されました。"
"Action.YouSubscribed","正常に申し込まれました。"
"Action.WorkerUpdated","ワーカーが正常に更新されました。"
"Url","Url"
"Should be selected at least one server","最低でも1つサーバーを選択する必要があります。"
"Filed is required","必須項目です。"
"NewRig","新しいマシンですね！🌕へ🚀しましょう。"
"NewRig.Read","読んでください。"
"NewRig.Read2","インストールガイド"
"NewRig.Read3","あなたのワーカーの設定方法について"
"or","または"
"InfoWorker.Password","パスワードは1文字以上でなければなりません。"
"discount","ディスカウント"
"RemoveWorkerModal.Text1","あなたはワーカーを外そうとしています。"
"RemoveWorkerModal.Text2","削除されたワーカーは復元できません。本当によいですか？"
"RemoveWorkerModal.Text3","この操作はデータの消失につながります。 思いがけない操作を防ぐため、あなたの意図した操作か確認してください。"
"Workers removed","ワーカーを削除"
"Shut down worker?","ワーカーをシャットダウンしますか？"
"Shut down workers?","ワーカーをシャットダウンしますか？"
"High Load Avg.","平均高負荷"
"Payments.PricePerRig","リグごとの価格"
"30 minutes","ASICごとの価格"
"30 minutes","３０分"
"1 hour","１時間"
"From farm balance","ファームの残高から"
"Connect via","接続先"
"ConsoleCommand.Hello",""
"ConsoleCommand.Dmesg",""
"ConsoleCommand.BminerApi",""
"ConsoleCommand.CgminerApi",""
"ConsoleCommand.Selfupgrade",""
"ConsoleCommand.InnosiliconEnableCron",""
"YourFunds",""
"FarmBalance",""
"RefillBalance",""
"RefillMethod",""
"Coinpayments",""
"MyDeposit",""
"OtherFarms",""
"Referal",""
"AddFee",""
"WhatIsFee",""
"RefillFromDeposit",""
"BillingInformation",""
"DownloadInvoiceInfo",""
"PaidFeatures",""
"PaidFeaturesSSL",""
"PaidFeaturesStats",""
"Invoices",""
"PaidFeaturesEnabled",""
"PaidFeaturesDisabled",""
"Payer",""
"PayerInfo",""
"PayerTransfer",""
"PayerUser",""
"Debt",""
"AutomaticWithdraw",""
"Use deposit, $",""
"TransferPaymentOwnership",""
"ManualyTransfer",""
"YourDepositUsage",""
"RefillDeposit",""
"BillingFAQ",""
"IncomingPayerRequest",""
"Action.TransferPayerRole",""
"Billing.transferTargetPayerText",""
