"link","poczy"
"An error has occurred. Please, try again later","Wystpi bd. Spr贸buj ponownie za chwil"
"Action.FlightSheetRemoved","Gotowiec poprawnie usunity"
"Action.FlightSheetCreated","Gotowiec utworzony poprawnie"
"Command sent","Polecenie wysane"
"Action.TransferFarm","Wysano probe o zmian waciciela"
"Settings updated","Ustawienia zaktualizowano"
"Tag added","Tag dodany"
"Tag edited","Tag zmieniony"
"Tag removed","Tag usunity"
"Wallet added","Portfel dodany"
"Wallet edited","Portfel zmieniony"
"Wallet removed","Portfel usunity"
"Collaborator added","Wsp贸pracownik dodany"
"Collaborator removed","Wsp贸pracownik usunity"
"Collaborator edited","Wsp贸pracownik zmieniony"
"Action.LeftFarm","Opucie farm"
"Action.UpdateFs","Gotowiec poprawnie zmieniony. Sprzty wyczone wymagaj restartu do ich pobrania"
"Action.AddOC","Profil podkrcenia (OC) dodany"
"Action.RefillFarm","Stan konta uzupeniony"
"Action.ErrorServerRequest","Wystpi bd. Spr贸buj ponownie za chwil"
"Error","Bd"
"Action.SendPromocode","Zapisae si"
"Action.PatchToken","Token zaktualizowany"
"Action.AddToken","Token utworzony"
"Action.DeleteToken","Token odzyskany"
"Promocode successfully sended","Kod promocyjny wysany"
"Action.UpdatePayoutAddresses","Adres zmieniony"
"Action.PayoutToAccount","Konto naadowane"
"Action.SetPassword","Haso zmienione"
"2FA enabled","Autoryzacja 2FA wczona"
"2FA removed","Autoryzacja 2FA wyczona"
"",""
"NVIDIA","Nvidia"
"Apply","Zastosuj"
"Confirm","Zatwierd藕"
"TelegramSubscribe","Podaj login na Telegramie aby subksrybowa"
"Enter code to confirm","Wprowad藕 kod potwierdzajcy"
"Subscribe","Zapisz si"
"Remove","Usu"
"Are you shure?","Jeste pewny?"
"Edit","Edytuj"
"temp","tymczasowy"
"Farms","Farmy"
"workers","koparki"
"ethash","ethash"
"CriticalIssues",""
"Off","wyczony"
"30 seconds","30 sekund"
"1 minute","1 minuta"
"2 minutes","2 minuty"
"5 minutes","5 minut"
"AutoRefresh","interwa auto odwie偶ania"
"All","Wszystkie"
"Cancel","Anuluj"
"Download VBIOS","Pobierz bios karty"
"GPU index","Slot karty GPU"
"NotGPUDifferent","Uwaga: kolejnoc mo偶e si r贸偶ni. Ograniczenia atiflash - mo偶na aktualizowa tylko karty od 0 do 9"
"Download","Pobierz na dysk"
"Apply Changes","Zastosuj zmiany"
"WalletWorkTemplate","Szablon portfela i koparki:"
"Pass:","Haso:"
"Extra config arguments:","Dodatkowe parametry:"
"Pool URL:","Adres POOL-a"
"Miner Fork:","wersja minera:"
"Hash algorithm:","Algorytm:"
"Extra params for pool:","Dodatkowe parametry POOL-a:"
"Extra arguments for miner:","Dodatkowe parametry minera:"
"Version:","Wersja:"
"Template examples:","Przykady szablon贸w"
"for most of the pools","dla wikszoci POOL-i"
"Intensity, -dcri 0...100","Intensywno, -dcri 0... 100"
"claymore","claymore"
"epools.txt template:","epools.txt szablon"
"dpools.txt template:","dpools.txt szablon"
"Claymore config override:","Wymu nadpisanie konfiguracji Claymore:"
"Example for nanopool:","Przykad dla nanopool:"
"Example for nicehash:","Przykad dla nicehash:"
"Second coin algo","Algorytm drugiej monety"
"Config override:","Nadpisz konfiguracje:"
"Pool server:","Adres POOLa:"
"Port:","Port:"
"index","index"
"AMD config override:","Wymu konfiguracj dla AMD"
"Nvidia config override:","Wymu konfiguracj dla NVIDII"
"CPU config override:","Wymu konfiguracj dla CPU"
"Errors","Bdy"
"last 24 hours","ostatnie 24 godziny"
"Workers with errors","Koparki z bdami"
"No errors found","Nie wykryto bd贸w"
"Show","Poka偶"
"Overclocking","Podkrcanie (OC)"
"Coins","Monety"
"Pools","POOL-e"
"Miners","Koparki"
"Select pools","Wybierz POOL"
"Select miners","Wybierz miner-a"
"Select coin","Wybirz monet"
"Select overclocking","Wybierz podkrcenie"
"by","przez"
"View payload","Zobacz zestaw"
"Add Wallet","Dodaj portfel"
"Red Temperature","Maks. temperatura"
"Trust user","Uwierzytelnij u偶ytkownika"
"Add Worker","Dodaj kopark"
"FarmNavCleanWorkers","Usu komunikaty koparek"
"Save","Zapisz"
"FarmTempHeader.ASICCriticalTemperature","Temp. krytyczna ASIC"
"Ask a question","Wylij pytanie"
"Report an issue","Zgo bd"
"Tags","Tagi"
"Wallets","Portfele"
"Platform","Platforma"
"Run","Uruchom"
"Wallet","Portfel"
"Coin","Moneta"
"Pool","Pool"
"Miner","Miner"
"Select pool","Wybierz POOL"
"Select miner","Wybierz Miner-a"
"Select wallet","Wybierz portfel"
"Configure Pool","Skonfiguruj POOL"
"Setup Miner Config","Ustaw parametry Miner-a"
"Dual Coin","Druga moneta"
"Dual Wallet","Drugi portfel"
"Dual Pool","Drugi POOL"
"",""
"Configure in miner","Ustaw w Minerze"
"Update","Zaktualizuj"
"Add New Flight Sheet","Dodaj nowego Gotowca"
"Reset","Restartuj"
"Create Flight Sheet","Utworz Gotowca"
"Add Miner","Dodaj Miner-a"
"Email","E-mail"
"worker","koparka"
"selected","wybrano"
"FlightSheetsRocket.Message","Czy chcesz doda Gotowca dla"
"Choose Flight Sheet for","Wybierz Gotowca dla"
"Your Company","Twoja firma"
"Home","Start"
"Admin","Admin"
"Privacy","Prywatno"
"Not Found","Nie znaleziono"
"off","wyczono"
"No","Nie"
"min","Min."
"Remote","Zdalny IP"
"Consumption","Zu偶ycie"
"AES","AES"
"Cores","Rdzenie"
"Motherboard","Pyta g贸wna"
"Free space","wolnego miejsca"
"Free RAM","wolnej pamici RAM"
"OS version","wersja systemu"
"Drivers","Sterowniki"
"Yes","Tak"
"System type","Typ systemu"
"Kernel","Kernel"
"Local IP","Lokalne IP"
"Load Average","rednie u偶ycie"
"rigs","koparki"
"Jump to farms, workers...","Przejd藕 do farm, koparek..."
"Notifications","Powiadomienia"
"unread","nieprzeczytane"
"Show all","Poka偶 wszystkie"
"No notifications yet","Brak powiadomie"
"View geo location","Zobacz geolokalizacje"
"from","od"
"Accept","Akceptuj"
"Decline","Odm贸w"
"Term expires in","Warunki wygasn za:"
"Enter value","Wprowad藕 warto"
"Generate","Generuj"
"Enter start date","Wprowad藕 dat startu"
"Start date","Data startu"
"End date","Data zakoczenia"
"Enter end date","Wprowad藕 dat zakoczenia"
"Name","Nazwa"
"Create","Utw贸rz"
"Russian","Rosyjski"
"Chinese","Chiski"
"English","Angielski"
"NoActiveFound","Brak log贸w"
"all activities","wszystkie aktywnoci"
"Latest Activity","Ostatnia aktywno"
"Load","Wgraj"
"warning","Uwaga: skadnia zmieniona od dstm 0.6.0"
"Previous","Poprzedni"
"Next","Nastpny"
"configuration","konfiguracja"
"MiningInfo","Uruchomienie Gotowca"
"Account","Konto"
"Sign Out","Wyloguj"
"Billing","Patnoci"
"Support","Wsparcie"
"Community","Spoeczno"
"Forum","Forum"
"Referrals","Program partnerski"
"NoRightsMessage","Brak uprawnie do wywietlenia strony"
"to","do"
"Login","Login"
"access","dostp"
"Notification.EventChanged","Powiadomienia zmienione"
"Notification.AccessChanged","Dostp zmieniony dla"
"Notification.WhitelistChanged","Whitelista zmieniona"
"Account.NotificationDescription6","Mo偶esz dodac bota do grupy kilku admin贸w. Utw贸rz grup i dodaj hiveosbota jako usera. Kod czata jest ujemny dla grup. Np. -12345"
"Account.NotificationDescription1","Uruchom nowy czat z botem"
"Account.NotificationDescription2","Bot odpowie KODEM, kt贸ry musisz wpisa - np "12345""
"Account.NotificationDescription3","Tw贸j login to:"
"Account.NotificationDescription4","Wylij komend do bota"
"Account.NotificationDescription5","i bdziesz zapisany do otrzymywania powiadomie"
"Update Settings","Uaktualnij ustawienia"
"Fan","Wiatraki"
"Core Clock","Zegar rdzenia (CORE)"
"Memory Clock","Zegar pamici (MEM)"
"Power Limit","Power Limit"
"(0 for auto)","(0 dla auto)"
"(0 for stock value)","(0 dla ustawie domylnych)"
"NvidiaCardFrom.SpecifyDevice","Okrel, kt贸re urzdzenie powinno by u偶yte do "senior solution" - revA"
"NvidiaCardFrom.MemClock","Zwykle ta warto jest 2x wiksza ni偶 wida w AfterBurner np. Windows +800Mhz a tutaj 1600"
"NvidiaCardFrom.OffLED","Wycz LED na kartach (tylko obsugiwane karty)"
"OhGodAnETHlargementPill","OhGodAnETHlargementPill (tylko dla gtx1080)"
"ValueCardSeparatedSpace.","Ustaw jedn warto - dla wszystkich kart lub pojedyncze po spacjach dla ka偶dej karty oddzielnie"
"one value for all GPUs.","jedna warto dla wszystkich kart"
"means GPU0 = none, GPU1 = 100, etc.","oznacza GPU0 = puste, GPU1 = 100 itd."
"Configure","Konfiguruj"
"Overclocking Settings","Ustawienia podkrcania"
"OverclockingProfileModal.Text","Wybierz profil podkrcenia dla"
"ApplyOverclockProfile","Czy chcesz zastosowa profil OC dla"
"Invalid Shares","Bdne obliczenia"
"Show all payments","Poka偶 wszystkie patnoci"
"No payments yet","Brak patnoci"
"Pool address","Adres POOL-a"
"Select pool address","Wybierz adres POOL-a"
"Add New Pool","Dodaj nowy POOL"
"Enter email","podaj e-mail"
"Select Pool Server","Wybierz serwer POOL-a"
"Selected Pool Servers","Wybrane serwery POOL-a"
"on","wcz"
"rights","prawa"
"Workers","Koparki"
"Balance","Stan konta"
"Shared with me","Udostpniono dla mnie"
"Timezone","Strefa czasowa"
"Create New Farm","Utw贸rz now Farm"
"Select timezone","Wybierz stref czasow"
"Input farm name","Wprowad藕 nazw Farmy"
"Mem State","Pami (tryb MEM)"
"Core Voltage","VLT rdzenia GPU"
"Core State","Rdze GPU (stan) "
"RadeonCardFrom.fanSpeed2","nadpisanie configa w Claymore"
"RadeonCardFrom.fanSpeed1","Ustaw prdkoci wiatraka - ale w Minerze (Claymore) wci偶 bdize mia priorytet nad tymi ustawieniami."
"RadeonCardFrom.memState.text3","Ten parametr powinien by u偶ywany z ustawieniami "Mem Clock""
"RadeonCardFrom.memState.text2","RX-y maj 1 lub 2 stany pamici (3 jeli liczy 0). Najwy偶szy wybrany jest domylnie. W niekt贸rych przypadkach wyb贸r najwy偶szego stanu mo偶e powodowa problemy podczas zbijania napicia (jeli masz problemy zmniejsz warto - np. z 2 na 1)"
"RadeonCardFrom.memState.text1","To bardzo zaawansowany parametr. Jeli masz problemy ze zbiciem napi u偶yj go. Jeli nie - pozostaw domylny"
"RadeonCardFrom.coreVddc.text5","z  tabeli VBIOS"
"RadeonCardFrom.coreVddc.text4","oznacza mV lub wartoci jak"
"RadeonCardFrom.coreVddc.text3","Mo偶esz u偶y wartoci jak"
"RadeonCardFrom.coreVddc.text2","bdzie u偶yty do ustawienia napicia"
"RadeonCardFrom.coreVddc.text1","Jest to niezbdne przy obni偶aniu napicia. "CORE" musi by ustawione"
"RadeonCardFrom.coreState.text4.","Obni偶 warto aby obni偶y napicie"
"Default is","Domylnie"
"RadeonCardFrom.coreState.text2","DPM (dynamiczne zarzdzanie napiciem)"
"RadeonCardFrom.coreState.text1","Jest to niezbdne przy obni偶aniu napicia. U偶ywaj z parametrami Core Clock i VLT"
"RadeonCardFrom.coreClock.text2","U偶ywana jest domylna warto jeli nie ustawiono Core State"
"RadeonCardFrom.coreClock.text1","Ustaw tutaj Core Clock. Dobre wartoci:"
"RadeonCardFrom.coreClock.text3","State bdzie u偶yty do ustawie zegara karty"
"Refill","Doaduj"
"balance","stan"
"per month","miesicznie"
"Recommended payment is","Zalecane zasilenie:"
"From balance","Z konta"
"With Coinpayment","U偶yj Coinpayments"
"Console","Konsola"
"Execute command","Wykonaj polecenie"
"Wrong command","Bdne polecenie"
"Remove all messages?","Usun wszystkie komunikaty?"
"EDIT","Edytuj"
"Overview","Podsumowanie"
"Cards","Karty"
"CONSOLE","Konsola"
"Offline","Wyczony"
"Booted","Uruchomiony"
"Uptime","Pracuje od"
"TRANSFER","Transfer"
"Monitoring","Monitorowanie"
"Reboot","Zrestartuj"
"Miner Config","Konfiguracja Minera"
"Rocket","Gotowce"
"Upgrade","Uaktualnij"
"Shutdown","Wycz"
"OpenVPN configuration","Konfiguracja OpenVPN"
"Power actions","Wacz/wycz/zrestartuj"
"Server URL","Adres URL dla Hive"
"Edit tags","Edytuj tagi"
"Miner actions","Komendy Miner-a"
"Teleconsole Start","Uruchom zdaln konsole"
"Teleconsole Stop","Zatrzymaj dostp zdalny"
"Teleconsole Restart","Zrestartuj dostp zdalny"
"Hashrate watchdog","Monitorowanie prdkoci koparek"
"Run command","Uruchom polecenie"
"Miner Log","Logi z minera"
"Stop Miner","Zatrzymaj minera"
"Restart Miner","Zrestartuj minera"
"Remote access","Zdalny dostp"
"more messages","wicej wiadomoci"
"Add","Dodaj"
"Password","Haso"
"Description","Opis"
"Add New Worker","Dodaj now kopark"
"RigForm.EnterWorkerName",""
"RigForm.EnterWorkerPassword","Haso Koparki"
"RigForm.EnterWorkerDescription","Opis Koparki"
"rejected","odrzucone"
"shared","wsp贸ldzielone"
"Upgrade to","Zaktualizuj do"
"New features","Nowe fukncje"
"New version","Nowa wersja"
"Current version","Aktualna wersja"
"SaveOCModal","Zapisz OC"
"Enter Name","Wprowad藕 nazw"
"SaveOverclockingAsTemplate.Name","Nazwa profilu OC"
"SaveOverclockingAsTemplate.Title","Zapisz ustawienia OC jako szablon"
"Set","Ustaw"
"Default","Domylny"
"Choose URL","Wybierz URL"
"ServerUrlFrom.Help3","Uwaga! Zawsze zabezpiecz dostp fizyczny lub lokalny SSH przed zmianami. Jeli wystpi problem nie bdziesz m贸g dokonywa zmian przez panel dop贸ki nie naprawisz adresu URL w /hive-config/rig.conf"
"ServerUrlFrom.Help2","Pozostaw domylne aby system sam decydowa o wyborze. Zwykle bdzie to pierwszy serwer z listy."
"ServerUrlFrom.Help1","Jeli masz problemy z poczeniem z koparkami sprawd藕 inny URL serwera. Mog to te偶 by przyczyny po stronie firewall/dostawcy ISP."
"Mirror Select","Wybierz zapasowy"
"Stats","Statystyki"
"gpu","gpu"
"for 24 hours","z 24 godzin"
"View all","Zobacz wszystkie"
"day","dzie / dni?"
"Day left","Pozosta dzie"
"Days left","Pozostao dni"
"New Tag Name","Nowy Tag"
"Add Tag","Dodaj tag"
"Add tag","Dodaj tag"
"Explore transaction","Wyszukaj transakcje"
"Referrals.TransactionsNotFound","Brak transakcji"
"Upload VBIOS","Wgraj VBIOS"
"VBIOS ROM file","plik VBIOS"
"UploadingBiosFromLabel","Wymu wgranie mimo ostrze偶e"
"Upload","Wgraj"
"VPN.ClientConf","client.conf (tylko pliki z certyfikatem)"
"Login (auth-user-pass)","Login ()"
"Password (auth-user-pass)","Haso ()"
"Address","Adres"
"Enter wallet address","Wprowad藕 adres portfela"
"Enter wallet name","Nazwij ten portfel"
"Accepted shares ratio","Wsp贸czynnik zaakceptowanych oblicze"
"Invalid shares","Nieprawidowe obliczenia"
"High Temperature","Wysoka temperatura"
"Low hashrate","Niski hashrate"
"cores","rdzenie"
"Hive OS Version:","Wersja HiveOS"
"Power:","Zu偶ycie:"
"Free disk space:","Wolne miejsce na dysku:"
"Restart","Zresetuj"
"Stop","Zatrzymaj"
"Shut Down","Wycz"
"Overclocking profiles","Profile podkrcania"
"WorkerActions.Upgrade","Czy chcesz uaktualni koparki do najnowszej wersji HIVE?"
"WorkerMiner.Tooltip","Zaakceptowane Odrzucone Niepoprawne, Ratio"
"NoStatsFoundSoFar","Brak statystyk"
"",""
"Delete","Usu"
"You can","Mo偶esz"
"create one","utworzy nowy"
"FarmsAccess.NoUsersFound","Brak u偶ytkownik贸w"
"Owner","Waciciel"
"Access Levels","Poziomy dostpu"
"User name","Nazwa u偶ytkownika"
"UserEditForm.GrantAccessProject","Udziel dostpu do projektu"
"Grant access","Udziel dostpu"
"",""
"Access Levels...","Poziomy dostpu..."
"User login","Login u偶ytkownika"
"ProjectAccess.TrustUserDescription","Mo偶esz da dostp do swojej Farmy innym u偶ytkownikom. Mo偶esz nadawa uprawnienia administratora lub tylko podgldu czy prostych zmian."
"Profile","Profil"
"Telegram","Telegram"
"here","tutaj"
"Bio","Bio"
"Update Info","Aktualizuj"
"Company Info","Nazwa firmy"
"Skype","Skype"
"Phone","Telefon"
"API docs are","Dokumentacja API"
"Account.SetupTFAuth","Ustaw autoryzacje 2FA"
"Account.TFAuth","2FA autoryzacja"
"Update Password","Zmie haso"
"Confirm New Password","Potwierd藕 nowe haso"
"Account.PasswordError","Haso musi zawiera min. 8 znak贸w"
"New Password","Nowe haso"
"Current Password","Obecne haso"
"Full Name","Imi"
"Account.ProfileSettings.Header","Ustawienia profilu"
"Language","Jzyk"
"Account.BIODescription1","Dodatkowe informacje o Tobie"
"Account.BIODescription2","Opcjonalnie"
"Account.AuthenticationDecstiption","Aktywuj aby wzmocni bezpieczestwo konta HiveOS"
"Account.PasswordDescription","Zmiana hasa zresetuje r贸wnie偶 klucze API"
"Account.ProfileDescription","Tw贸j login bdzie u偶ywany podczas logowania"
"6 digits code","6 cyfrowy kod"
"Enable 2FA","Wcz 2FA"
"Turn off 2FA","Wycz 2FA"
"Account.AuthenticationTokenButton","Wygeneruj nowy klucz API"
"Authentication Tokens","Kody autoryzujce"
"Account.AuthenticationToken","Mo偶esz zarzdza swoimi tokenami API. Wygeneruj nowy lub usu stare jeli dzieje si co podejrzanego."
"Personal Tokens","Osobiste kody"
"Session Tokens","Kody sesji"
"Authy","Authy"
"Account.AuthenticationTwoFactor3","kt贸re mog by u偶yte na wielu komputerach"
"Account.AuthenticationTwoFactor4","Zeskanuj kod QR i wprowad藕 kod"
"Farm Activity Feed","Pobierz aktywno Farm"
"Pay","Zapa"
"Payments","Patnoci"
"Amount to refill, $","Kwota w USD do uzupenienia"
"Your Current Balance","Tw贸j stan konta"
"Payments History","Historia patnoci"
"Farms Balance","Stan konta Farmy"
"Free","Darmowe"
"Invoice","Faktura"
"days left","dni pozostao"
"Disable Paid Features","Wycz patne funkcje"
"Enable Paid Features","Wcz patne funkcje"
"Log in","Zaloguj"
"Return to","Wr贸 do"
"Reset password","Resetuj haso"
"Type email to recover password","Wprowad藕 e-mail aby odzyska haso"
"Error.Text","Bd - krytyczny bd"
"Just one step!","Ostatni krok"
"create wallet","utw贸rz portfel"
"first!","pierwszy!"
"Farm.FarmsFs.Description","Aby zarzdza Gotowcami potrzeba"
"FarmOC.EmptyMessage","Brak profili podkrcania (OC). Mo偶esz"
"Add OC Profile","Dodaj profil OC"
"Incoming farms","Przychodzce Farmy"
"Log in your account","Zaloguj si na konto"
"2FA code (if enabled)","2FA (jeli aktywne)"
"Remember me","Zapamitaj mnie"
"Forgot password?","Zapomniane haso?"
"Register","Zarejestruj"
"Don't have account yet?","Nie masz konta?"
"",""
"Referral Link","Link polecajcy"
"Referral.ReferralLink1","Udostpnij link. Ka偶dy kto zarejestruje si z niego bdzie przypisany do Ciebie w programie partnerskim i otrzymasz"
"Your referral","Twoje polecenia"
"Copy to Clipboard","Skopiuj do schowka"
"Promo Code","Kod promocyjny"
"Referral.PromoCodeDescription1","Nie wszdzie da si korzysta z link贸w polecajcych. Utw贸rz specjalny kod polecenia np: 'PROMOCJAHIVE' i udostpniaj kod dalej. Ka偶dy kto zarejestruje si otrzyma"
"Referral.PromoCodeDescription2","na swoje konto"
"ETH Wallet Address","Adres portfela ETH"
"Referral Balance","Konto programu partnerskiego"
"Deposit to Hive","Wpa depozyt do HIVEOS"
"ReferralTransactionsHistory","Historia transakcji programu"
"Referral.BalanceDescription2",""
"Referral.BalanceDescription1","u偶ytkownicy zapisani przez zaproszenie"
"Referral.BalanceDescription3","Wypaty z programu partnerskiego dokonywane s raz w miesicu na adres podany tutaj"
"Referral.BalanceDescription4","Minimalna wypata wynosi 25 USD."
"Referral.BalanceDescription5",""
"Referral.PromoCodeYoungAccount","Konto ze zbyt kr贸tkim sta偶em na u偶ycie kod贸w promocyjnych"
"Referral.BalanceDescription","Jeszcze nie masz 偶adnych nagr贸d w programie partnerskim"
"Passwords do not match","Haso nie pasuje"
"Create new account","Zao偶 nowe konto"
"Confirm password","Potwierd藕 haso"
"Register.CheckboxLabelText","Klikaj Zarejestruj zgadasz si z"
"Terms","Regulaminem"
"Register.HaveAccount","Posiadasz ju偶 konto?"
"RestorePassword.Message","Haso wysane, sprawd藕 skrzynk e-mail"
"Remove all","Usun wszystko"
"Id","ID"
"Activity Feed","Zestaw aktywnoci"
"Build Log","Log"
"Other","Inne"
"Flight Sheet","Gotowiec"
"Flight Sheets","Gotowce"
"FlightSheets.Message","Aby zacz kopanie wybierz Gotowca"
"StartConfOverclocking","Konfigurowanie podkrcania (OC)"
"Flash VBIOS","Aktualizuj VBIOS"
"OverclocingSettingsFoundSoFar","Brak ustawie podkrcania (OC)"
"Load From Template","Wgraj z szablonu"
"Save As Template","Zapisz jako szablon"
"Reset All","Zresetuj"
"Configure New Algo","Konfiguruj nowy algorytm"
"Transfer","Przenie"
"Advanced Settings","Zaawansowane"
"Confirmation required","Wymagane potwierdzenie"
"Settings.RemoveProject2","Usunity projekt NIE BDZIE mo偶liwy do przywr贸cenia. Jeste PEWNY?"
"Settings.RemoveProject3","Ta operacja mo偶e spowodowa utrat danych. Czy na pewno?"
"Please type","Wpisz"
"Settings.RemoveProject4","kontynuuj lub zamknij ten warunek aby anulowa"
"Settings.RemoveProject1","Zamierzasz usunc kopark"
"Remove Worker","Usu Kopark"
"Settings.RemovedWorker","Usunitej koparki nie mo偶na przywr贸ci"
"Update Worker","Uaktualnij Kopark"
"Worker Name","Nazwa Koparki"
"Worker Settings","Ustawienia Koparki"
"OpenVPN Config","Konfiguracja OpenVPN"
"Are you sure?","Jeste pewny?"
"Worker Password","Haso Koparki"
"Settings.ChangePass1","Jeli zmienisz haso tylko w bazie danych aktywna Koparka przestanie by dostpna"
"Settings.ChangePass2","Zmie haso w bazie danych i spr贸buj zmieni w Koparce. Zmiana bdzie wykonana tylko po poprawnej informacji zwrotnej z Koparki"
"Settings.ChangePass3","Zmie haso tylko w bazie danych (utracisz dostp do Koparki)"
"Transfer Worker","Przenie Kopark"
"Settings.WalletTransferFarm","Przenie Kopark do innej Farmy"
"Settings.RemoveProject5","Czy na pewno chcesz usun Kopark?"
"Settings.WalletTransfer","Portfel nie jest przenoszony z Kopark. Wybierz portfel po przenosinach na inn Farm."
"Settings.ConfirmTransferWorker","Czy chcesz przenie Kopark?"
"Select farm","Wybierz Farm"
"Settings.TransferWorker","Gotowce nie s kopiowane podczas kopiowania. Wybierz Gotowca po przenosinach."
"Transfer Worker?","Przenie Kopark?"
"Tuning","Tuning Miner贸w"
"Worker","Koparka"
"Online","W sieci"
"With Errors","Z bdami"
"Hide filters","Ukryj filtrowane"
"Show filters","Poka偶 filtrowane"
"with","z"
"Name changed","Nazwa zmieniona"
"Farm settings","Ustawienia Farmy"
"Settings.MargeProject","Mo偶esz poczy projekty, kt贸rymi zarzdzasz"
"Merge Project","Pocz projekt"
"Transfer Project","Przenie projekt"
"Type project name","Wpisz nazw projektu"
"Select user login","Wybierz u偶ytkownika"
"Remove Project","Usu projekt"
"Farm.Setting.Text1","Zamierzasz usun Farm"
"Type Project Name","Wpi偶 nazw projektu"
"You are going to merge farm","Zamierzasz poczy Farm"
"Merged project CANNOT be restored!","Poczone projekty NIE MOG zosta przywr贸cone"
"Are you ABSOLUTELY sure?","Jeste w 100% PEWNY?"
"Save Changes","Zapisz zmiany"
"Timezone changed","Strefa czasowa zmieniona"
"Farm changed","Farma zmieniona"
"Farm.Settings.TagsDescription","Dodaj swoje Tagi aby zaznaczy Koparki"
"Farm.Settings.RemoveDescription1","Usunicie projektu usunie repozytoria i wsyzstkie poczone rzeczy"
"Farm.Settings.RemoveDescription2","Usunity projekt nie mo偶e by przywr贸cony!"
"Farm Title","Nazwa Farmy"
"Remove Farm","Usu Farm"
"Question.ChangeFarmOwner","Zmieni waciciela Farmy?"
"ChangeOwnership","zmieni waciciela na"
"Leave Farm","Opu Farm"
"Settings.LeaveFarm","Jeli to zrobisz przestaniesz mie do niej dostp"
"",""
"RemoveFarmAccess","aby usun dostp do Farmy"
"Question.RemoveAccess","Czy chcesz usun Tw贸j dostp?"
"Question.RemoveFarm","Czy chcesz usun Farm?"
"Question.LeaveFarm","Czy chcesz opuci Farm?"
"Farm.Setting.FarmHashDescription1","Hash Farmy jest u偶ywany do poczenia Koparek ze stron bez koniecznoci ich wczeniejszego zakadania"
"Farm.Setting.FarmHashDescription2","Po prostu ustaw"
"Farm.Setting.FarmHashDescription3","przed pierwszym uruchomieniem"
"More details","Wicej"
"Farm Hash","Hash Farmy"
"Transfer farm","Przenie Farm"
"Farm.Setting.TransferDescription","Przenie Farm do innego u偶ytkownika. Podaj login nowego waciciela Farmy"
"No wallets found so far.","Brak portfeli"
"FlightSheetForm.NamePlaceholder","Wprowad藕 nazw Gotowca"
"FSFormItem.DcriHelp","Decred/Siacoin/Lbry/Pascal intensywno. Domylnie 30. For PASC wskazane okoo 10, dla SC okoo 15. Wy偶sz intensywno przy dual coin powoduje spadek szybkoci dla ETH"
"PoolConfigModal.Advanced","Zaawansowana konfigurajca"
"PoolConfigModal.AdvancedHint","<strong>Uwaga!</strong> Ka偶dy URL w oddzielnej linijce."
"PoolConfigModal.PoolUrls","Wprowad藕 adresy URL"
"FS.ConfiguredInMiner","Skonfigurowany w Minerze"
"AutoFan","AutoFan"
"Token","Token"
"PageNotFound","Przykro nam, ta strona nie istnieje"
"ConfirmPassword.Message","Wprowad藕 nowe haso. Nowy token bdzie przesany na e-mail"
"Ethminer.OpenCLCudaHint","Wybierz platofrm (AMD / NVIDIA). U偶ywanie razem kart AMD i NVIDIA mo偶e powodowa problemy. Mo偶esz spr贸bowa u偶y <code>--opencl-platform 1</code> lub <code>0</code> w zakadce dodatkowe parametry"
"AllRedTemps.Hint","Temperatury bd koloru czerwonego jeli przekrocz te wartoci"
"RedTemp.Hint","Temperatury bd koloru czerwonego jeli przekrocz te wartoci"
"AutoFans.NoAMD","Nie zadziaa z AMD - tylko NVIDIA"
"AutoFans.Info","Wcz kontrol wentylator贸w. Pozwoli to kontrolowa temperatur kart. Kopanie zostanie zatrzymane jeli karta osigni temperatur krytyczn. Upewnij si, 偶e wyczono kontrol wentylator贸w w konfiguracji Miner贸w dla kart AMD"
"RadeonCardFrom.coreState.text3","lub "Power Level" dla Core GPU. Dla kart RX jest to warto od"
"RadeonCardFrom.AggressiveUndervolting","Agresywne obni偶enie napicia (ustaw OC dla ka偶dego stanu DPM)"
"Settings.VPN","VPN nie mo偶e by teraz zmienione. Polecenie jest w toku"
"VPN.HelpInfo","Pliki bd nazwane jak poni偶ej - certyfikaty w client.conf powinny by nazwane ca.crt, client.crt, client.key. Certyfikat powinien by zaczony w client.conf i wgrany jako jeden plik"
"Required filed","Wpisano wymagane"
"Promocode","Kod promocyjny"
"GPU","GPU"
"ASICS","ASICS"
"Account Login","Login konta"
"Password changed","Haso zmienione"
"Settings.transferTargetText","Wysae prob o przeniesienie do"
"FarmTempHeader.GPUCriticalTemperature","Temperatura krytyczna GPU"
"Account.AuthenticationTwoFactor1","ZRB KOPI TEGO KLUCZA. Najlepiej zr贸b printscreen i go wydrukuj."
"Account.AuthenticationTwoFactor2","Jeli zgubisz ten kod nie bdzie mo偶liwoci jego odzyskania (tak samo jeli zgubisz urzdzenie)"
"SelectAmd","Wybierz kart AMD"
"Activity","Aktywno"
"Access","Dostp"
"Settings","Ustawienia"
"Unsubscribe","Wypisz si"
"File shouldn't be empty","Plik nie mo偶e by pusty"
"TheLatestActivity","Ostatnia aktywno"
"Referal.EnterPromocode","Wymylony kod promocyjny"
"FlightSheetFrom.AddMiner","Jeli chcesz uruchomi kilka Miner贸w"
"Settings.NotificationSubscribe","Nie jeste zapisany"
"OverclockingAlgoFrom.Title1","Edytuj ustawienia podkrcania (OC)"
"OverclockingAlgoFrom.Title2","Konfiguruj ustawienia podkrcania"
"NewWallet","Nowy portfel"
"EditWallet","Edytuj portfel"
"Settings.Notifications.AccountLogin","Login konta"
"Settings.Notifications.DetectedWorkerOffline","Wykryto wyczon Kopark"
"Settings.Notifications.DetectedWorkerOnline","Wykryto wczon Kopark"
"Settings.Notifications.WorkerBooted","Koparka uruchomiona"
"Settings.Notifications.ErrorMessages","Bdy"
"Settings.Notifications.WarningMessages","Ostrze偶enia"
"Settings.Notifications.InfoMessages","Informacje"
"Settings.Notifications.SuccessMessages","Komunikaty potwierdzajce"
"Settings.Notifications.GPUTemp","Temperatura GPU >= Czerwona +3掳"
"Settings.Notifications.HourlySummary","Podsumowanie godzinowe"
"ConfirmTransferToHive.Title","Jak kwot przesa do depozytu Hive OS?"
"ConfirmTransferToHive.ErrorMessage","Kwota jest niewystarczajca"
"FS.ConfirmatioTitle","Uwaga! Gotowiec jest u偶ywany na innych Koparkach"
"FS.ConfirmatioMessage","Czy chcesz uruchomi jako nowy Gotowiec czy u偶y go r贸wnie偶 na inne Koparki?"
"FS.UpdateAll","Uaktualnij wszystkie Koparki"
"FS.CreateNewFS","Utw贸rz nowego Gotowca"
"NvidiaCardForm.DelayPill","Op贸藕nienie w sekundach przed uruchomieniem "Wolf pill""
"NvidiaCardForm.DelayPillHint","Mo偶e zapobiec dziwnym zachowaniom dla kart 1080 przy wartociach 120 i wicej"
"WorkerSettings.CardsQuantityHint","Ilo kart w Koparce zwikszya si. Aby zmniejszy ich ilo zaktualizuj"
"WorkerSettings.CardsQuantityPlaceholder","wprowad藕 liczb"
"Cards Quantity","Ilo kart"
"WorkerSettings.DisableGUI","Wycz panel graficzny przy starcie"
"WorkerSettings.DisableGUIHint","Nie uruchamiaj X serwera na linuxie. Sama konsola. Nie bd dziaa ustawienia OC dla Nvidii"
"WorkerSettings.Resend","Przelij ponownie konfigi"
"WorkerSettings.ResendHint","W przypadku gdy Koparka nie jest zsynchronizowana mo偶esz przesla wszystkie ustawienia"
"Push","Wypchnij"
"MinerForm.Template.examples","Przykady szablon贸w"
"MinerForm.Template.forMost","dla wikszoci POOL-i"
"MinerForm.Template.for","dla"
"MinerForm.Template.text1","Do poprawnej skadni przeczytaj wskaz贸wki na waciwych POOL-ach"
"MinerForm.Template.text2","bdzie zastpione poprawnymi wartociami z portfela"
"MinerForm.Template.text3","bdzie zastpione nazw Koparki"
"WDConfig.EnableWatching","Wcz monitorowanie prdkoci. Jeli spadnie poni偶ej poziomu - Miner wyczy si i wczy ponownie"
"WDConfig.RestartNotHelp","Jeli zresetowanie Minera nie pomo偶e cay system wyczy si i wczy ponownie"
"WDConfig.On","Monitorowanie prdkoci wczone"
"WDConfig.Off","Monitorowane prdkoci wyczone"
"WDConfig.SetUsed","Ustaw wartoci dla u偶ywanych miner贸w"
"WDConfig.SetOther","Ustaw wartoci dla innych miner贸w"
"ConsoleCommand.ShowInfo","poka偶 szczeg贸y kart Nvidia"
"ConsoleCommand.ShowFreq","poka偶 aktualne wartoci dla AMD"
"ConsoleCommand.LogsRam","logi do RAM (zmniejsza u偶ycie dysku, zostan usunite po reboocie)"
"ConsoleCommand.LogsDisk","logi na dysku (zostan na dysku po reboocie)"
"ConsoleCommand.ShowFreqAmd","poka偶 ustawienia dla AMD"
"ConsoleCommand.AmdExtended","poka偶 zaawansowane informacje o AMD"
"ConsoleCommand.AmdVoltage","poka偶 tabele napi dla AMD GPU #0"
"ConsoleCommand.SayHello","wylij komend "hello" do serwera aby odwie偶y dane"
"ConsoleCommand.ServiceBoot","poka偶 logi serwisowe Hive OS"
"ConsoleCommand.SendReset","wylij komend "reset" do "OpenDev""
"ConsoleCommand.SendPower","wylij komend "power" do "OpenDev""
"ConsoleCommand.GpuScript","skrypt do szukania kart (wcza/wycza wiatraki)"
"Deselect","Odznacz"
"Overclocking Profiles","Profile podkrcania (OC)"
"MinerForm.Url.PoolUrl","Adres POOL-a - zawiera port i protok贸 np."
"MinerForm.Url.ForFailOver","Uzupenij zapasowe POOL-e w nastpnych linijkach. Haso jest jedno do wszystkich."
"MinerForm.BminerForm.With","z"
"MinerForm.BminerForm.More","Wicej"
"MinerForm.Url.ItHas","W formacie"
"MinerForm.Url.LooksLike","Np. wyglda tak"
"MinerForm.Url.Subscribe","jeli u偶ywasz flypool. Zamie"
"MinerForm.Url.IfYou","jeli czyszsi z POOL-em przez SSL"
"MinerForm.Url.Examples","przykady dla bminer"
"MinerForm.UserConfig.Text1","Dodatkowe parametry jeli wymagane. Po jednej w ka偶dej linijce (nie u偶ywaj przecink贸w, cudzysow贸w czy kropek)."
"MinerForm.UserConfig.Text2","ustaw czstotliwo"
"MinerForm.UserConfig.Text3","ustaw napicie"
"MinerForm.UserConfig.Text4","dostpne API dla miner贸w"
"MinerForm.BMinerConfig.Text1","Dodatkowe wartoci, np."
"MinerForm.BMinerConfig.Text2","U偶yj spacji aby oddzieli urzdzenia CUDA"
"MinerForm.BMinerConfig.Text3","Po wicej opcji odwied藕"
"MinerForm.BMinerConfig.Text4","Bminer - informacje"
"MinerForm.Fork.List","Szczeg贸owa lista fork贸w"
"MinerForm.Fork.here","dostpna tutaj"
"MinerForm.Fork.Run","Uruchom"
"MinerForm.Fork.Check","aby sprawdzi aktualizacje"
"MinerForm.Algo.Which","Kt贸ry algorytm u偶y. Dla"
"MinerForm.Algo.ItShould","powinien by"
"MinerForm.Algo.Example","na przykad"
"MinerForm.InstallUrl.Where","URL dla"
"MinerForm.InstallUrl.Package","paczka do pobrania. Nie zostanie pobrana jeli ju偶 jest zainstalowana."
"MinerForm.Miner","Nazwa zainstalowanego minera. Na przykad,"
"MinerForm.CCPoolExtra","Dodaj dodatkowe parametry jeli POOL tego wymaga. Jeden w jednej lini w poni偶szym formacie (bez przecink贸w, dwukropk贸w itp.) Np.:"
"MinerForm.CCExtra.Text1","To s dodatkowe parametry dla minera. Jeden w jednej linijce (bez przecink贸w, dwukropk贸w itp). Np.:"
"MinerForm.CCExtra.Text2","szczeg贸owy zrzut aktywnoci poziomu "protocol-level""
"MinerForm.CCExtra.Text3","lista urzdze CUDA oddzielona przecinkami"
"MinerForm.CGMInerConf.Text1","Dodaj dodatkowe parametry jeli config tego wymaga. Jeden w jednej lini w poni偶szym formacie (bez przecink贸w, dwukropk贸w itp.) Np.:"
"MinerForm.CGMInerConf.Text2","aby wyczy kontrol nad wiatrakami"
"MinerForm.CGMInerConf.Text3","Przykadowe parametry dla Cryptonight"
"MinerForm.CGMInerConf.Text4","Przykadowe parametry dla Ethash"
"MinerForm.CGMInerConf.Text5","Do debugowania"
"MinerForm.CGMInerConf.Text6","aby wybra urzdzenie; jedna warto, zakres lub oddzielone spacj (e.g. 0-2,4)"
"MinerForm.CGMinerFork.Text1","Musisz u偶y innej wersji. Niekt贸re nie dziaaj na niekt贸rych POOL-ach/algorytmach"
"MinerForm.CGMinerFork.Text2","R贸wnie偶 mo偶esz doda"
"MinerForm.CGMinerFork.Text3","i"
"MinerForm.CGMinerFork.Text4","w configu po wicej szczeg贸贸w aby znale藕 problem"
"MinerForm.CGMinerFork.Text5","Szczeg贸owa lista fork贸w"
"MinerForm.CGMinerFork.Text6","tutaj"
"MinerForm.DpoolTpl.Text1","przykad dla SIA na nanopool"
"MinerForm.DpoolTpl.Text2","bdzie zamienione z poprawn wartoci z portfela. Do poprawnego wpisania portfela przeczytaj dokumentacj POOL-a"
"MinerForm.ClaymoreDescr.Text1","Decred/Siacoin/Lbry/Pascal intensywno. Domylna warto to 30."
"MinerForm.ClaymoreDescr.Text2","Dla PASC wskazane 10, SIA okoo 15. Wy偶sze wartoci mog zmniejszy prdko ETH"
"MinerForm.ClaymoreConfig.Text1","Ustawienia config.txt Claymore-a. Jedna warto w jednej linijce."
"MinerForm.ClaymoreConfig.Text2","Ustawi wiatraki na 100%"
"MinerForm.ClaymoreConfig.Text3","Ustawi docelow temperatur na 65c"
"MinerForm.ClaymoreConfig.Text4","aby wyczy sterowanie wiatrakami"
"MinerForm.ClaymoreConfig.Text5","u偶yj GPu numer 3, 4, 10, 11"
"MinerForm.ClaymoreConfig.Text6","Zajrzyj do"
"MinerForm.ClaymoreConfig.Text7","dokumentacja Claymore"
"MinerForm.ClaymoreConfig.Text8","do dodatkowych ustawie"
"MinerForm.CpuMinerConfig.Text1","Dodaj dodatkowy parametr do configa jeli wymagany. Po jednym na linijke (bez przecink贸w, dwukropk贸w itp)"
"MinerForm.CpuMinerConfig.Text2","ilo wtk贸w minera (domylnie: ilo procesor贸w). Polecane dla wikszoci algorytm贸w n = wtki -1"
"MinerForm.CpuMinerConfig.Text3","ustaw przypisanie do procesora mask 10 (0xA) dla rdzeni 1 i 3"
"MinerForm.CpuMinerConfig.Text4","temperatura w Celsiuszach (domylnie 85) - zatrzymuje kopanie"
"MinerForm.Server","Wpisz zapasowe POOL-e w nastpnej linijce, haso jedno dla wszystkich"
"MinerForm.DstmConf.Text1","Dodatkowe wartoci, np."
"MinerForm.DstmConf.Text2","lista urzdze CUDA oddzielona przecinkami"
"MinerForm.DstmConf.Text3","Dla zmniejszenia zu偶ycia, oddzielone przecinkiem - lista dev_id:intensity"
"MinerForm.DstmConf.Text4","Praca na ka偶d kart bdzie stopniowo dostosowywana aby utrzyma wymagan temperatur. Oddzielane spacj lista dev_id:temp-target values, np.:"
"MinerForm.EthServ.Text1","Dla getwork u偶yj jednego z poni偶szych"
"MinerForm.EthServ.Text2","Dla stratum u偶yj jednego z poni偶szych"
"MinerForm.EthServ.Text3","Przykady"
"MinerForm.EthConf.Text1","Dla dodatkowych wartoci, np:"
"MinerForm.EthConf.Text2","na kt贸rym urzdzeniu OpenCL kopa"
"MinerForm.EthConf.Text3","na kt贸rym urzdzeniu CUDA kopa"
"MinerForm.EwbtConf.Text1","Dodatkowe parametry w configu (jeli wymagane). Jeden parametr na linijke (bez dwukropk贸w, cudzysow贸w itp) np.:"
"MinerForm.EwbtConf.Text2","aby u偶y tylko wybranych GPU"
"MinerForm.EwbtConf.Text3","aby ustawi wybrany limit temperatury"
"MinerForm.LolConf.Text1","Dla dodatkowych wartoci, np:"
"MinerForm.LolConf.Text2","Oddzielona przecinkiem lista urzdze"
"MinerForm.OptiConf.Text1","Dla dodatkowych wartoci, np:"
"MinerForm.OptiConf.Text2","Kt贸re OpenCL u偶y. Wszystkie jeli nie dokonano wyboru"
"MinerForm.OptiConf.Text3","OpenCL platform to use"
"MinerForm.OptiConf.Text4","Intensywno Koparki. 0 oznacza autowykrywanie."
"MinerForm.XmConf.Text1","Dodaj dodatkowe parametry do configa jeli wymagane. Bez przecink贸w, kropek itp. Przykad:"
"MinerForm.XmConf.Text2","obni偶y zu偶ycie CPU od 75 do 50%"
"MinerForm.XmConf.Text3","Inne parametry znajduj si w"
"MinerForm.XmConf.Text4","xmrig doc"
"MinerForm.XmUrl.Text1","Skadnia adresu POOL-a powinna by nastpujca"
"MinerForm.XmUrl.Text2","Tylko stratum POOL-e s obsugiwane"
"MinerForm.XmUrl.Text3","Zapasowe POOle wpisz po jednym na linijk"
"MinerForm.XmStakCpuUrl.Text1","Skadnia adresu POOL-a powinna by nastpujca"
"MinerForm.XmStakCpuUrl.Text2","Tylko stratum POOL-e s obsugiwane"
"MinerForm.XmrAmd.Text1","Pena zawarto pliku amd.txt przykad poni偶ej"
"MinerForm.XmrAmd.Text2","Aby wyczy grafiki AMD"
"MinerForm.XmrAmd.Text3","Poradnik Tuningowania"
"MinerForm.XmrNvidia.Text1","Pena zawarto pliku nvidia.txt przykad poni偶ej"
"MinerForm.XmrNvidia.Text2","Aby wyczy grafiki NVIDIA"
"MinerForm.XmrNvidia.Text3","Poradnik Tuningowania"
"MinerForm.XmrCpu","Pena zawarto pliku cpu.txt przykad poni偶ej"
"per","na"
"OC.DefaultConfig","Domylny config"
"OC.DefaultHint","U偶ywany domylnie. Mo偶e by zastpiony przez konfiguracje algorytmu"
"Account.AuthenticationTokenCurrent","Aktualne kody sesji"
"Account.AuthenticationTokenOther","Inne kody sesji"
"Enter amount","Wprowad藕 ilo"
"Send","Wylij"
"Revoke","Uniewa偶nij"
"Monitor","Monitoruj"
"Tech","Tech"
"AccessLevel.Monitor","Koparki, podgld, statystyki, aktywno. Tagi mog ogranicza widoczno Koparek dla innych kont"
"AccessLevel.Tech","Podkrcanie, Reboot, Reset, Uaktualnienia"
"AccessLevel.Rocket","Zmiana minera i portfela do Koparki. Tworzenie i usuwanie Koparek"
"AccessLevel.Advanced","Komendy, VPN, portfele, tuning."
"AccessLevel.Full","Hasa, 2FA, powiadomienia, patnoci i udzielanie dostp贸w"
"Full Access","Pena wadza"
"Advanced","Zaawansowane"
"CompactView.Status.InvalidShares","Niskie ratio lub bdne obliczenia"
"CompactView.Status.HightTemperature","Wysoka temperatura"
"CompactView.Status.LowHashrate","Niski hashrate"
"Load Avg","rednie zu偶ycie"
"Subscribed","Zapisany"
"Create Flight Sheets","Utw贸rz Gotowca"
"Worker.FlightSheets.epmtyMessage","Aby zacz kopa"
"FS.ActiveFSEdit","Ten Gotowiec jest aktywny"
"FS.ApplyAll","Wszystkie Koparki"
"FS.AttachedWorlers","Zaczone koparki"
"FS.ChangesWillBeApplied","Zmiany zostan zastosowane do wszystkich Koparek u偶ywajcych tego Gotowca."
"FS.NewFSWillBeCreated","Nowy Gotowiec zostanie stworzony i przypisany do tej Koparki"
"FS.OnlyThis","Tylko ta Koparka"
"Account.WhiteList","Biaa Lista"
"Account.WhiteListHint","Tutaj mo偶na okreli adresy IP, kt贸re mog si logowa."
"Account.WhiteListHint2","Tw贸j obecny adres IP"
"Account.WhiteListHint3","Podstawowe sprawdzenie zostao wykonane. Nie zostaniesz odcity od sprztu"
"Account.WhiteListExamples","Przykady:"
"Account.WhiteListExample1","pojedynczy IP dozwolony"
"Account.WhiteListExample2","dwa adresy IP dozwolone"
"Account.WhiteListExample3","ka偶dy IP zaczynajcy si od 172.217.16"
"Account.WhiteListExample4","ka偶dy IP zaczynajcy si od 172.217.d"
"Account.WhiteListExample5","pojedynczy adres IPv6"
"Account.WhiteListExample6","ka偶dy IPv6 zaczynajcy si od 2001:db8::"
"Account.WhiteListPlaceholder","Wprowad藕 adres IP"
"Account.WhiteListAddNewPlaceholder","Wprowad藕 nowy adres P"
"CoinPaymentsDeposits","Depozyt CoinPayments"
"Billing.TransactionFee","Dodaj opat za przelew do wybranej kwoty"
"Billing.FAQ","Patnoci FAQ"
"WorkerSettings.GuiTurnedOn","GUI wczone"
"WorkerSettings.GuiTurnedOff","GUI wyczone"
"VPN.TurnedOn","VPN wczony"
"VPN.TurnedOff","VPN wyczony"
"Are you shure?","Jestes pewny?"
"Account.AuthenticationTwoFactor5","Google Authenticator nie jest najlepszym wyborem. Utrata telefonu wi偶e si z utrat kod贸w. Zalecamy u偶ycie"
"BillingFarm.DaysUntil","Pozostao dni do zablokowania Farmy"
"BillingFarm.ToLock","dni do zablokowania"
"AMD","AMD"
"Card Types","Typ kart"
"TEMP","Temp"
"FAN","Wiatrak"
"Core","Core"
"MEM","Mem"
"FlightSheets.ToManage","Aby zarzdza portfelami id藕 do"
"FlightSheets.WalletsPage","Zakadka portfele"
"FS.WallAddress","Adres portfela"
"Claymore User Config","Config Claymore"
"2FA.ON","2FA wczona"
"2FA.OFF","2FA wyczona"
"Account.TwoFactorDisableDescription","Wpisz kod aby wyczy 2FA. Zapisane wczeniej klucze QR nie bd potrzebne"
"MinerForm.Custom.InstallationUrl","URL instalacji"
"MinerForm.Custom.MinerName","Nazwa minera"
"AutoFans.ON","AutoFan wczony"
"AutoFans.OFF","Autofan wyczony"
"AutoFans.TargetTemp","Docelowa temperatura"
"AutoFans.MinFan","min. prdko wiatrak贸w"
"AutoFans.MaxFan","max. prdko wiatrak贸w"
"AutoFans.Critical","Krytyczna temperatura"
"AutoFans.NoAMDLabel","No AMD"
"AutoFans.RebootOnErrors","Zrestartuj gdy bdy"
"WDConfig.Minutes","minutach"
"WDConfig.MinerRestart","Miner zrestartuje si po"
"WDConfig.RebootAfter","Koparka zrestartuje si po"
"Server","Serwer"
"Pass","Haso"
"Port","Port"
"Template","Szablon"
"Server Urls","Serwer URL"
"PersonalToken.Placeholder","Wpisz nazw kod贸w osobistych"
"2FA Disabled","2FA wyczone"
"2FA Enabled","2FA wczone"
"Discount","Zni偶ka"
"Monthly price","Miesiczna cena"
"Daily use","Dzienne u偶ycie"
"Payments.DailyRigsUse","Dzienne u偶ycie koparek"
"Payments.DailyRigsPrice","Dzienna cena koparek"
"Payments.DailyAsicsPrice","Dzienna cena ASIC"
"Payments.DailyAsicsUse","Dzienne wykorzystanie ASIC"
"Payments.Refill","Aby uzupeni konto odwied藕"
"rig","sprzt"
"Coin.TypeIn","Wpisz monet"
"CoinPaymentsDeposits.ShowAll","Poka偶 wszystkie depozyty"
"gained","uzyskane"
"subscribed","subskrybowane"
"OverclockingAlgoTable.CcAlgoResolved","Kliknij Dodaj aby ustawi podkrcanie na ten algorytm"
"Algo","Algorytm"
"Billing Page","Patnoci"
"Select algo","Wybierz algorytm"
"more","wicej"
"PaymentsList.CheckStatus","Sprawd藕 status patnoci"
"AsicTable.Chain","acuch"
"AsicTable.ASIC","ASIC"
"AsicTable.Frequency","Czstotliwo"
"AsicTable.HW","Urzdzenie"
"AsicTable.Temp","Temperatura"
"AsicTable.ASICStatus","Status ASIC"
"FilterWallets.more","wicej portfeli"
"Tuned","Zoptymalizowany"
"MiningInfo.Title","Informacj o kopaniu"
"MiningInfo.Tuned","Miner zoptymalizowany"
"OverclockingAlgoTable.more","wicej"
"PowerGraph.Power","Zasilanie"
"The latest","Ostatnie"
"for","dla "
"PoolConfigModal.EnterUrls","Wprowadz URL-e"
"Intensity:","Intensywno:"
"Wallet Address","Adres portfela"
"Dcoin","Dcoin"
"Example for nanopool","Przykad dla nanopool"
"WalletWorkTemplate:","Szablon portfela i Koparki"
"dstm 0.6.0 had changed config syntax","dstm 0.6.0 zmieni skadnie configu"
"Action.OCUpdated","Profil podkrcania zaktualizowany"
"Action.OCRemoved","Profil podkrcania usunity"
"Worker added","Koparka dodana"
"Worker removed","Koparka usunita"
"Worker updated successfully","Koparka zaktualizowana"
"Password successfully updated","Haso zaktualizowane"
"Worker has been transferred","Koparka przeniesiona"
"Action.RemoveAllWorkersMessages","Wszystkie komuniaty z Koparki usunite"
"Action.NowFarmYours","Ta farma od teraz nale偶y do Ciebie"
"Action.RequestRejected","Proba zostaa odrzucona"
"Action.LoginInvalid","Nieprawidowy login"
"Action.KeyUpdated","Klucz API zaktualizowany"
"Action.KeyRemoved","Klucz API usunity"
"Action.KeyAdded","Klucz API dodany"
"Action.YouUnsubscribed","Poprawnie wypisano"
"Action.YouSubscribed","Poprawnie zapisano"
"Action.WorkerUpdated","Koparka zaktualizowana"
"Url","URL"
"Should be selected at least one server","Wybierz conajmniej jeden serwer"
"Filed is required","To pole jest wymagane"
"NewRig","Wyglda jak co nowego!   na "
"NewRig.Read","Przeczytaj prosz"
"NewRig.Read2","Poradnik instalacyjny"
"NewRig.Read3","jak ustawi kopark"
"or","lub"
"InfoWorker.Password","Haso musi mie 1 lub wicej znak贸w"
"discount","zni偶ka"
"RemoveWorkerModal.Text1","Zamierzasz usun Koparki"
"RemoveWorkerModal.Text2","Usunite Koparki NIE MOG by przywr贸cone. Jeste PEWNY?"
"RemoveWorkerModal.Text3","To dziaanie mo偶e spowodowa utrat danych. Czy NA PEWNO?"
"Workers removed","Koparki usunite"
"Shut down worker?","Wyczy Kopark?"
"Shut down workers?","Wyczy Koparki?"
"High Load Avg.","Wysokie rednie u偶ycie"
"Payments.PricePerRig","Cena za Kopark"
"Payments.PricePerAsic","Cena za ASIC"
"30 minutes","30 minut"
"1 hour","1 godzina"
"From farm balance","Z konta Farmy"
"Connect via","Pocz przez"
"ConsoleCommand.Hello","wylij polecenie hello aby odwie偶y dane"
"ConsoleCommand.Dmesg","poka偶 informacje o zu偶yciu i sterownikach"
"ConsoleCommand.BminerApi","poka偶 API bminer-a"
"ConsoleCommand.CgminerApi","poka偶 API cgminer-a"
"ConsoleCommand.Selfupgrade","zaktualizuj do najnowszych wersji"
"ConsoleCommand.InnosiliconEnableCron","uruchom automatyczny restart cgminer-a (co 24h - tylko dla Innosilicon)"
"YourFunds","Twoje konto"
"FarmBalance","Konto Farmy"
"RefillBalance","Uzupenij konto"
"RefillMethod","Wybierz metod patnoci"
"Coinpayments","CoinPayments"
"MyDeposit","M贸j depozyt"
"OtherFarms","Inne Farmy"
"Referal","Polecajacy"
"AddFee","Dodaj kwot prowizji do wybranej kwoty"
"WhatIsFee","Co to jest kwota prowizji"
"RefillFromDeposit","Mo偶esz uzupeni konto Farmy z depozytu"
"BillingInformation","Informacj o patnociach aktualizowane s codziennie"
"DownloadInvoiceInfo","Mo偶esz pobra faktury za wybrany okres"
"PaidFeatures","Patne fukncje"
"PaidFeaturesSSL","Bezpieczne poczenie z API przez HTTPS"
"PaidFeaturesStats","Statystyki za ostatnie 3 miesice (dla por贸wnania konto bezpatne - 3 ostatnie dni)"
"Invoices","Faktury"
"PaidFeaturesEnabled","Patne opcje aktywne"
"PaidFeaturesDisabled","Patne opcje wyczone"
"Payer","Patnik"
"PayerInfo","Mo偶esz ustawi innego u偶ytkownika do zarzdzania patnociami. Bdzie mia dostp tylko do patnoci i monitorowania Farm"
"PayerTransfer","Przeka偶 uprawnienia dotyczce patnoci"
"PayerUser","Ustaw innego u偶ytkownika jako patnika"
"Debt","Debet"
"AutomaticWithdraw","rodki na dziennie u偶ycie zostan przeniesione automatycznie gdy osign zero "
"Use deposit, $","Z贸偶 depozyt, USD"
"TransferPaymentOwnership","Mo偶esz przenie zarzdzanie patnociami na innych u偶ytkownik贸w"
"ManualyTransfer","Mo偶esz rcznie przenie rodki z depozytu na Farmy lub u偶ytkownik贸w"
"YourDepositUsage","Tw贸j depozyt jest u偶ywany do autouzupeniania na wszystkie Farmy, kt贸rymi zarzdzasz"
"RefillDeposit","Uzupenij depozyt"
"BillingFAQ","FAQ Patnoci"
"IncomingPayerRequest","Zgadzasz si zapaci za Farmy"
"Action.TransferPayerRole","Proba o zmian patnika wysana"
"Billing.transferTargetPayerText","Wysae ju偶 prob o zmian patnika"
"AutoFans.CriticalAction","Krytyczny bd"
"AutfanTTHint","Autofan kontroluje wentylatory. Opcja -tt w Claymore bdzie ignorowana"
"GPURedTemp","Temperatura GPU"
"AsicRedTemp","Temperatura AISC"
"MonitorThreshold","Pr贸g monitorowania"
"SignIn","Zaloguj si"
"Daily cost","Dzienny koszt"
"TransferToOthers","Przenie rodki"
"Action.TransferComplete","Przeniesiono poprawnie"
"TransferRules","Nie mo偶na przesa rodk贸w. U偶ytkownik nie istnieje."
"Amount to transfer","Kwota przeniesienia, USD"
"Disk Model","Model dysku"
"FSMinerDuplicates","Miner贸w nie mo偶na duplikowa w jednym Gotowcu."
