"link","ссылка"
"An error has occurred. Please, try again later","Произошла ошибка. Попробуйте позже"
"Action.FlightSheetRemoved","Полетный лист успешно удален"
"Action.FlightSheetCreated","Полетный лист успешно создан"
"Command sent","Команда отправлена"
"Action.TransferFarm","Запрос на изменение владельца был отправлен"
"Settings updated","Настройки обновлены"
"Tag added","Тег добавлен"
"Tag edited","Тег отредактирован"
"Tag removed","Тег удален"
"Wallet added","Кошелек добавлен"
"Wallet edited","Кошелек отредактирован"
"Wallet removed","Кошелек удален"
"Collaborator added","Доверенный пользователь добавлен"
"Collaborator removed","Доверенный пользователь удален"
"Collaborator edited","Доверенный пользователь отредактирован"
"Action.LeftFarm","Вы покинули ферму"
"Action.UpdateFs","Полетный лист успешно обновлен. Для воркеров которые сейчас 'не в сети', для вступления изменений в силу необходима перезагрузка"
"Action.AddOC","Профиль разгона успешно создан"
"Action.RefillFarm","Баланс фермы пополнен"
"Action.ErrorServerRequest","Произошла ошибка. Пожалуйста, попробуйте позже"
"Error","Ошибка"
"Action.SendPromocode","Ваша подписка оформлена успешно"
"Action.PatchToken","Токен успешно обновлен"
"Action.AddToken","Токен успешно создан"
"Action.DeleteToken","Токен успешно аннулирован"
"Promocode successfully sended","Промокод успешно отправлен"
"Action.UpdatePayoutAddresses","Адрес успешно изменен"
"Action.PayoutToAccount","Ваш баланс успешно пополнен"
"Action.SetPassword","Пароль успешно обновлен"
"2FA enabled","2FA разрешен"
"2FA removed","2FA удален"
"",""
"NVIDIA","NVIDIA"
"Apply","Применить"
"Confirm","Подтвердить"
"TelegramSubscribe","Введите ID Telegram чтобы подписаться"
"Enter code to confirm","Введите код для подтверждения"
"Subscribe","Подписаться"
"Remove","Удалить"
"Are you shure?","Вы уверены?"
"Edit","Редактировать"
"temp","темп-ра"
"Farms","Фермы"
"workers","воркеры"
"ethash","ethash"
"CriticalIssues",""
"Off","Выкл"
"30 seconds","30 секунд"
"1 minute","1 минута"
"2 minutes","2 минуты"
"5 minutes","5 минут"
"AutoRefresh","Таймер авто-обновления страницы"
"All","Все"
"Cancel","Отмена"
"Download VBIOS","Скачать VBIOS"
"GPU index","GPU индекс"
"NotGPUDifferent","Примечание: GPU индекс в майнере может отличаться от порядка расположения на PCI шине."
"Download","Скачать"
"Apply Changes","Применить изменения"
"WalletWorkTemplate","Кошелек и воркер шаблона:"
"Pass:","Пароль"
"Extra config arguments:","Дополн. параметры конфигурации:"
"Pool URL:","Адрес пула:"
"Miner Fork:","Форк майнера:"
"Hash algorithm:","Хэш алгоритм:"
"Extra params for pool:","Дополн. параметры для пула:"
"Extra arguments for miner:","Дополн. аргументы для майнера:"
"Version:","Версия:"
"Template examples:","Примеры шаблонов:"
"for most of the pools","для большинства пулов"
"Intensity, -dcri 0...100","Интенсивность, -dcri 0...100"
"claymore","claymore"
"epools.txt template:","epools.txt шаблон:"
"dpools.txt template:","dpools.txt шаблон:"
"Claymore config override:","Переопределение конфигурации Claymore:"
"Example for nanopool:","Пример для nanopool:"
"Example for nicehash:","Пример для nicehash:"
"Second coin algo","Алгоритм второй монеты"
"Config override:","Переопределение конфигурации:"
"Pool server:","Сервер пула:"
"Port:","Порт:"
"index","индекс"
"AMD config override:","AMD переопределение конфигурации"
"Nvidia config override:","NVidia переопределение конфигурации"
"CPU config override:","CPU переопределение конфигурации:"
"Errors","Ошибки"
"last 24 hours","за последние 24 часа"
"Workers with errors","Воркеры с ошибками"
"No errors found","Ошибок не обнаружено"
"Show","Показать"
"Overclocking","Разгон"
"Coins","Монеты"
"Pools","Пулы"
"Miners","Майнеры"
"Select pools","Выбрать пулы"
"Select miners","Выбрать майнеры"
"Select coin","Выбрать монету"
"Select overclocking","Выбрать разгон"
"by","от"
"View payload","Подробнее"
"Add Wallet","Добавить кошелек"
"Red Temperature","Макс. температура"
"Trust user","Доверенный пользователь"
"Add Worker","Добавить воркера"
"FarmNavCleanWorkers","Удалить сообщения от всех воркеров"
"Save","Сохранить"
"FarmTempHeader.ASICCriticalTemperature","ASIC критическая температура"
"Ask a question","Задать вопрос"
"Report an issue","Сообщить о проблеме"
"Tags","Теги"
"Wallets","Кошельки"
"Platform","Платформа"
"Run","Пуск"
"Wallet","Кошелек"
"Coin","Монета"
"Pool","Пул"
"Miner","Майнер"
"Select pool","Выбрать пул"
"Select miner","Выбрать майнер"
"Select wallet","Выбрать кошелек"
"Configure Pool","Настроить пул"
"Setup Miner Config","Конфиг. майнера"
"Dual Coin","Дуал монета"
"Dual Wallet","Дуал кошелек"
"Dual Pool","Пул для дуала"
"",""
"Configure in miner","Настроить майнер"
"Update","Обновить"
"Add New Flight Sheet","Добавить новый полетный лист"
"Reset","Сбросить"
"Create Flight Sheet","Создать полетный лист"
"Add Miner","Добавить майнер"
"Email","Email"
"worker","воркер"
"selected","выбрано"
"FlightSheetsRocket.Message","Вы хотите применить текущий полетный лист для"
"Choose Flight Sheet for","Выбрать полетный лист для"
"Your Company","Ваша компания"
"Home","Домашняя страница"
"Admin","Админ"
"Privacy","Конфиденциальность"
"Not Found","Не найдено"
"off","выкл."
"No","Нет"
"min","мин."
"Remote","Внешний IP"
"Consumption","Потребление"
"AES","AES"
"Cores","Ядра"
"Motherboard","МП"
"Free space","Свободное ДП"
"Free RAM","Свободное ОЗУ"
"OS version","ОС версия"
"Drivers","Драйвера"
"Yes","Да"
"System type","Тип системы"
"Kernel","Ядро"
"Local IP","Локальный IP"
"Load Average","Средняя загрузка"
"rigs","воркеры"
"Jump to farms, workers...","Переход к фермам, воркерам..."
"Notifications","Уведомления"
"unread","непрочитанное"
"Show all","Показать всё"
"No notifications yet","Нет уведомлений"
"View geo location","Посмотреть геолокацию"
"from","из"
"Accept","Принять"
"Decline","Отменить"
"Term expires in","Срок истекает в"
"Enter value","Введите значение"
"Generate","Сгенерировать"
"Enter start date","Введите начальную дату"
"Start date","Начальная дата"
"End date","Дата окончания"
"Enter end date","Введите дату окончания"
"Name","Имя"
"Create","Создать"
"Russian","Русский"
"Chinese","Китайский"
"English","Английский"
"NoActiveFound","Не было активностей"
"all activities","вся активность"
"Latest Activity","Последняя активность"
"Load","Загрузить"
"warning","в dstm 0.6.0 изменился синтаксис конфигурационного файла"
"Previous","Предыдущий"
"Next","Следующий"
"configuration","конфигурация"
"MiningInfo","Запуск полетного листа"
"Account","Аккаунт"
"Sign Out","Выйти из аккаунта"
"Billing","Биллинг"
"Support","Поддержка"
"Community","Сообщество"
"Forum","Форум"
"Referrals","Рефералы"
"NoRightsMessage","Извините, у вас не достаточно прав для просмотра этой страницы."
"to","в"
"Login","Логин"
"access","доступ"
"Notification.EventChanged","Нотификация изменена"
"Notification.AccessChanged","Доступ изменен для"
"Notification.WhitelistChanged","Белый список изменен"
"Account.NotificationDescription6","Вы можете добавить этого бота в группу чата, чтобы несколько администраторов могли следить за воркерами. Создайте свою группу и добавьте 'hiveosbot' как участника. Код чата для групп - отрицательный, что-то вроде '-12345'."
"Account.NotificationDescription1","Начать чат с этим ботом."
"Account.NotificationDescription2","Бот ответит вам, и вы увидите свой КОД, который вы должны ввести в поле справа. Что-то вроде '12345'."
"Account.NotificationDescription3","Ваш логин"
"Account.NotificationDescription4","Отправить команду боту"
"Account.NotificationDescription5","и он оформит подписку для вашей учетной записи для получения уведомлений."
"Update Settings","Обновить настройки"
"Fan","Вент."
"Core Clock","Частота ядра"
"Memory Clock","Частота памяти"
"Power Limit","Предел потребления"
"(0 for auto)","(0 авто)"
"(0 for stock value)","(0 для стокового значения)"
"NvidiaCardFrom.SpecifyDevice","Укажите, к каким устройствам должен быть применен особый подход (например первые ревизии GTX 1080), --revA"
"NvidiaCardFrom.MemClock","Обычно это значение вдвое больше того, что вы видите в AfterBurner. Например, если в Windows это +800Mhz, здесь вы должны написать 1600."
"NvidiaCardFrom.OffLED","Выключить подсветку (может не работать на некоторых картах)"
"OhGodAnETHlargementPill","OhGodAnETHlargementPill ('таблетка')"
"ValueCardSeparatedSpace.","Вы можете указать одно значение для всех карт или список значений для каждой карты, разделенных пробелом."
"one value for all GPUs.","одно значение для всех GPU."
"means GPU0 = none, GPU1 = 100, etc.","означает GPU0 = ничего, GPU1 = 100, и так далее."
"Configure","Настроить"
"Overclocking Settings","Параметры разгона"
"OverclockingProfileModal.Text","Выбрать профили разгона для"
"ApplyOverclockProfile","Вы хотите применить текущий профиль разгона для"
"Invalid Shares","Невалидные шары"
"Show all payments","Показать все платежи"
"No payments yet","Не было платежей"
"Pool address","Адрес пула"
"Select pool address","Указать адрес пула"
"Add New Pool","Добавить новый пул"
"Enter email","Введите email"
"Select Pool Server","Выберите сервер пула"
"Selected Pool Servers","Выбраные сервера пулов"
"on","вкл."
"rights","правами"
"Workers","Воркеры"
"Balance","Баланс"
"Shared with me","Поделился со мной"
"Timezone","Часовой пояс"
"Create New Farm","Создать новую ферму"
"Select timezone","Выбрать часовой пояс"
"Input farm name","Введите имя фермы"
"Mem State","Состояние памяти"
"Core Voltage","Напряжение ядра"
"Core State","Состояние ядра"
"RadeonCardFrom.fanSpeed2","в Сlaymore переопределение конфигурации."
"RadeonCardFrom.fanSpeed1","Вы можете установить скорость вращения вентилятора, но майнер (claymore) будет контролировать это в любом случае. Вы должны отключить управление вентилятором в конфигурации майнера, чтобы это работало. Прописать"
"RadeonCardFrom.memState.text3","Вы должны использовать этот параметр совместно с настройкой 'Частота памяти'"
"RadeonCardFrom.memState.text2","RX карты, которые, как известно, имеют 1 или 2 состояния памяти (фактически 3, включая 0 - состояние простоя). По-умолчанию будет выбрано самое высокое состояние. Но некоторые редкие карты, как известно, не поддаются понижению питания в самом высоком состоянии и требуют выбора более низкого. Например, наивысшее значение равно 2, и для понижения напряжения вы хотите установить состояние 1."
"RadeonCardFrom.memState.text1","Это очень продвинутый параметр. Попробуйте это, если есть проблемы с понижением напряжения. Если все работает и так - не трогайте."
"RadeonCardFrom.coreVddc.text5","из таблицы VBIOS."
"RadeonCardFrom.coreVddc.text4","имеется ввиду мВ или подобные значения"
"RadeonCardFrom.coreVddc.text3","Вы можете установить такие значения, как"
"RadeonCardFrom.coreVddc.text2","состояние будет использоваться для установки напряжения."
"RadeonCardFrom.coreVddc.text1","Это необходимо, если вы попытаетесь понизить напряжение ядра видеокарты. И вы ДОЛЖНЫ установить 'Состояние ядра' или по-умолчанию"
"RadeonCardFrom.coreState.text4.","Уменьшите значение напряжения для снижения потребления."
"Default is","По-умолчанию"
"RadeonCardFrom.coreState.text2","ДУП (Динамическое управление питанием)"
"RadeonCardFrom.coreState.text1","Это необходимо, если вы попытаетесь понизить питание видеокарты. Вы должны использовать этот параметр совместно с 'Частота ядра' и 'Напряжение ядра'."
"RadeonCardFrom.coreClock.text2","Если 'Состояние ядра' не задано, то значение по-умолчанию"
"RadeonCardFrom.coreClock.text1","Установите частоту ядра здесь, хорошее значение будет около"
"RadeonCardFrom.coreClock.text3","состояние будет использоваться для установки частоты."
"Refill","Пополнить"
"balance","баланс"
"per month","за 1 месяц"
"Recommended payment is","Рекомендуемый платеж"
"From balance","Из баланса"
"With Coinpayment","Оплатой через Coinpayments"
"Console","Консоль"
"Execute command","Выполнить команду"
"Wrong command","Ошибочная команда"
"Remove all messages?","Удалить все сообщения?"
"EDIT","РЕДАКТИРОВАТЬ"
"Overview","Обзор"
"Cards","Карты"
"CONSOLE","КОНСОЛЬ"
"Offline","Не в сети"
"Booted","Запустился"
"Uptime","Время работы"
"TRANSFER","ПЕРЕДАЧА"
"Monitoring","Мониторинг"
"Reboot","Перезапуск"
"Miner Config","Конфиг майнера"
"Rocket","Ракета"
"Upgrade","Обновить"
"Shutdown","Выключить"
"OpenVPN configuration","OpenVPN конфигурация"
"Power actions","Действия по питанию"
"Server URL","Сервер URL"
"Edit tags","Редактировать теги"
"Miner actions","Действия майнера"
"Teleconsole Start","Teleconsole запуск"
"Teleconsole Stop","Teleconsole останов"
"Teleconsole Restart","Teleconsole перезапуск"
"Hashrate watchdog","Вотчдог по хешрейту"
"Run command","Выполнить команду"
"Miner Log","Лог майнера"
"Stop Miner","Остановить майнер"
"Restart Miner","Перезапустить майнер"
"Remote access","Удаленный доступ"
"more messages","больше сообщений"
"Add","Добавить"
"Password","Пароль"
"Description","Описание"
"Add New Worker","Добавить нового воркера"
"RigForm.EnterWorkerName","Введите имя воркера"
"RigForm.EnterWorkerPassword","Введите пароль воркера"
"RigForm.EnterWorkerDescription","Введите описание воркера"
"rejected","отвергнутые"
"shared","совместный"
"Upgrade to","Обновить до"
"New features","Новые возможности"
"New version","Новая версия"
"Current version","Текущая версия"
"SaveOCModal","Сохранить профиль разгона"
"Enter Name","Введите имя"
"SaveOverclockingAsTemplate.Name","Имя профиля разгона"
"SaveOverclockingAsTemplate.Title","Сохранить разгон в качестве шаблона"
"Set","Установить"
"Default","По-умолчанию"
"Choose URL","Выбрать URL"
"ServerUrlFrom.Help3","Будьте внимательны! Всегда подготавливайте физический или сетевой доступ (SSH) к воркеру, прежде чем изменять этот параметр. Если воркер не может подключиться к выбранному URL-адресу, он будет в состоянии 'не в сети' для Hive. Зеркальный URL-адрес сохраняется в /hive-config/rig.conf где вы можете редактировать его вручную."
"ServerUrlFrom.Help2","Если вы оставите это как 'По-умолчанию' тогда Hive может определять к какому из серверов подключаться. Обычно он будет первым в списке."
"ServerUrlFrom.Help1","Если у вас возникли проблемы с подключением сервера Hive от вашего воркера и часто возникают ложные события не в сети / в сети, вы можете попробовать выбрать другой URL-адрес для подключения к серверу. Иногда возникает проблема с брандмауэром (ваш собственный или ISP) и смена порта может помочь."
"Mirror Select","Выбор зеркала"
"Stats","Статистика"
"gpu","gpu"
"for 24 hours","за 24 часа"
"View all","Просмотреть всё"
"day","день"
"Day left","День остался"
"Days left","Осталось дней"
"New Tag Name","Новое имя тега"
"Add Tag","Добавить тег"
"Add tag","Добавить тег"
"Explore transaction","Посмотреть транзакцию"
"Referrals.TransactionsNotFound","Не было транзакций"
"Upload VBIOS","Загрузить VBIOS"
"VBIOS ROM file","VBIOS ROM файл"
"UploadingBiosFromLabel","Прошить принудительно, игнорируя все проверки"
"Upload","Загрузить"
"VPN.ClientConf","client.conf (с встроенными сертификатами, загрузить только этот файл)"
"Login (auth-user-pass)","Логин (auth-user-pass)"
"Password (auth-user-pass)","Пароль (auth-user-pass)"
"Address","Адрес"
"Enter wallet address","Введите адрес кошелька или логин на пуле (зависит от пула)"
"Enter wallet name","Введите имя кошелька"
"Accepted shares ratio","Соотношение принятых шар"
"Invalid shares","Невалидные шары"
"High Temperature","Высокая температура"
"Low hashrate","Низкий хешрейт"
"cores","ядра"
"Hive OS Version:","Hive OS версия:"
"Power:","Потребление:"
"Free disk space:","Свободное пространство на диске:"
"Restart","Перезапуск"
"Stop","Стоп"
"Shut Down","Выключить"
"Overclocking profiles","Профили разгона"
"WorkerActions.Upgrade","Вы хотите обновить воркеры до последней версии HiveOS?"
"WorkerMiner.Tooltip","Принято Отклонено Битые, Соотношение принятых"
"NoStatsFoundSoFar","Нет статистики для отображения"
"",""
"Delete","Удалить"
"You can","Вы можете"
"create one","создать его"
"FarmsAccess.NoUsersFound","Не найдено пользователей."
"Owner","Владелец"
"Access Levels","Уровни доступа"
"User name","Имя пользователя"
"UserEditForm.GrantAccessProject","Предоставить доступ к проекту"
"Grant access","Предоставление доступа"
"",""
"Access Levels...","Уровни доступа..."
"User login","Логин пользователя"
"ProjectAccess.TrustUserDescription","Вы можете предоставить контроль доступа к вашей ферме другим пользователям, например, вы могли бы предоставить права доступа для полного доступа своим администраторам, чтобы они могли управлять всем на своем месте. Или вы можете предоставить привилегии доступа монитора только для чтения к вашему техническому персоналу, которые выполняют простое обслуживание и мониторинг, и ничего более."
"Profile","Профиль"
"Telegram","Telegram"
"here","тут"
"Bio","Биография"
"Update Info","Обновить информацию"
"Company Info","Информация о компании"
"Skype","Skype"
"Phone","Телефон"
"API docs are","API документация"
"Account.SetupTFAuth","Настройка двухфакторной аутентификации (2FA)"
"Account.TFAuth","Двухфакторная аутентификация (2FA)"
"Update Password","Обновить пароль"
"Confirm New Password","Подтвердить новый пароль"
"Account.PasswordError","Пароль должен состоять из 8 или более символов."
"New Password","Новый пароль"
"Current Password","Текущий пароль"
"Full Name","Полное имя"
"Account.ProfileSettings.Header","Настройки профиля аккаунта"
"Language","Язык"
"Account.BIODescription1","Дополнительная информация о вас."
"Account.BIODescription2","Это опционально."
"Account.AuthenticationDecstiption","Включите, чтобы ваша учетная запись Hive OS стала с дополнительным уровнем безопасности."
"Account.PasswordDescription","Изменение пароля также сбрасывает ваш API ключ."
"Account.ProfileDescription","Ваш логин - это ваша идентификация в Hive OS и используется для входа в систему."
"6 digits code","6 цифр кода"
"Enable 2FA","Включить 2FA"
"Turn off 2FA","Выключить 2FA"
"Account.AuthenticationTokenButton","Создать новый персональный API-токен"
"Authentication Tokens","Токены аутентификации"
"Account.AuthenticationToken","Вы можете управлять своими персональными API токенами. Вы можете создать новый для своего стороннего приложения. Или удалить подозрительную сессию"
"Personal Tokens","Персональные токены"
"Session Tokens","Идентификаторы сеансов"
"Authy","Authy"
"Account.AuthenticationTwoFactor3","который может быть установлен на нескольких устройствах, включая ПК."
"Account.AuthenticationTwoFactor4","Сканируйте код с помощью камеры и введите код ниже."
"Farm Activity Feed","Лента активности фермы"
"Pay","Оплатить"
"Payments","Платежи"
"Amount to refill, $","Сумма для пополнения, $"
"Your Current Balance","Ваш текущий баланс"
"Payments History","История платежей"
"Farms Balance","Баланс ферм"
"Free","Бесплатно"
"Invoice","Счет"
"days left","дней осталось"
"Disable Paid Features","Отключить платные функции"
"Enable Paid Features","Включить платные функции"
"Log in","Авторизоваться"
"Return to","Вернутся к"
"Reset password","Сбросить пароль"
"Type email to recover password","Введите email для восстановления пароля"
"Error.Text","К сожалению, на этой странице произошла критическая ошибка."
"Just one step!","Просто один шаг!"
"create wallet","создать кошелек"
"first!","первый!"
"Farm.FarmsFs.Description","Для управления полетными листами вам необходимо"
"FarmOC.EmptyMessage","Нет созданных профилей разгона. Вы можете"
"Add OC Profile","Добавить OC профиль"
"Incoming farms","Входящие фермы"
"Log in your account","Войдите в свою учетную запись"
"2FA code (if enabled)","2FA код (если включено)"
"Remember me","Запомнить меня"
"Forgot password?","Забыли пароль?"
"Register","Зарегистрироваться"
"Don't have account yet?","У вас еще нет учетной записи?"
"",""
"Referral Link","Реферальная ссылка"
"Referral.ReferralLink1","Разместите эту ссылку где угодно, и люди будут помечены как ваши рефералы, если они перейдут по этой ссылке и зарегистрируются. После регистрации вы получаете"
"Your referral","Ваша реферальная"
"Copy to Clipboard","Скопировать в буфер обмена"
"Promo Code","Промо код"
"Referral.PromoCodeDescription1","Иногда вы не можете передать свою ссылку людям. Здесь вы можете создать свой уникальный промокод, например 'MIKESHIVE' или 'SAVEBUCKSFORLAMBO'. Если вы являетесь продавцом оборудования или продавцом услуг или представителем любого другого офлайн бизнеса"
"Referral.PromoCodeDescription2","на их счет, как только они это сделают."
"ETH Wallet Address","ETH адрес кошелька"
"Referral Balance","Реферальный баланс"
"Deposit to Hive","Депозит в Hive"
"ReferralTransactionsHistory","История реферальных транзакций"
"Referral.BalanceDescription2","Укажите ETH кошелек для автоматических выплат в начале каждого месяца."
"Referral.BalanceDescription1","майнеров присоединилось по вашему приглашению."
"Referral.BalanceDescription3","Выплата реферальных бонусов производится один раз в месяц. Вам будет выплачено, если вы указали правильный адрес здесь. "
"Referral.BalanceDescription4","Минимальная сумма выплаты составляет эквивалент 25 дол США."
"Referral.BalanceDescription5",""
"Referral.PromoCodeYoungAccount","Ваша учетная запись не созрела, чтобы использовать промо-коды."
"Referral.BalanceDescription","У вас пока нет реферальных вознаграждений."
"Passwords do not match","Пароли не совпадают"
"Create new account","Создать новый аккаунт"
"Confirm password","Подтвердить пароль"
"Register.CheckboxLabelText","Нажимая «Зарегистрироваться», вы соглашаетесь с"
"Terms","Условия"
"Register.HaveAccount","У вас уже есть аккаунт?"
"RestorePassword.Message","Пароль успешно отправлен, пожалуйста проверьте свою почту"
"Remove all","Удалить всё"
"Id","Id"
"Activity Feed","Лента активности"
"Build Log","Журнал сборки"
"Other","Другие"
"Flight Sheet","Полетный лист"
"Flight Sheets","полетные листы"
"FlightSheets.Message","Чтобы начать майнить, выберите 'Полетный лист'!"
"StartConfOverclocking","Начать настройку разгона"
"Flash VBIOS","Прошить VBIOS"
"OverclocingSettingsFoundSoFar","Пока нет настроек разгона."
"Load From Template","Загрузка из шаблона"
"Save As Template","Сохранить как шаблон"
"Reset All","Сбросить все"
"Configure New Algo","Настроить новый алгоритм"
"Transfer","Перенос"
"Advanced Settings","Расширенные настройки"
"Confirmation required","Требуется подтверждение"
"Settings.RemoveProject2","Удаленный проект НЕ МОЖЕТ быть восстановлен! Вы ПОЛНОСТЬЮ уверены?"
"Settings.RemoveProject3","Это действие может привести к потере данных. Чтобы предотвратить случайные действия, мы просим вас подтвердить свое намерение"
"Please type","Пожалуйста наберите"
"Settings.RemoveProject4","продолжить или закрыть этот режим для отмены."
"Settings.RemoveProject1","Вы собираетесь удалить воркера"
"Remove Worker","Удалить воркера"
"Settings.RemovedWorker","Удаленный воркер не может быть восстановлен!"
"Update Worker","Обновить воркера"
"Worker Name","Имя воркера"
"Worker Settings","Настройки воркера"
"OpenVPN Config","OpenVPN конфигурация"
"Are you sure?","Вы уверены?"
"Worker Password","Пароль воркера"
"Settings.ChangePass1","Если вы измените пароль только в базе данных, и при этом воркер будет активен, тогда воркер перейдет в режим 'не в сети'."
"Settings.ChangePass2","Измените пароль в базе данных и попробуйте изменить его на воркере. Попробуйте изменить пароль на воркере, который в сети. Пароль будет изменен только после уведомления от воркера."
"Settings.ChangePass3","Изменить пароль только в базе данных. Воркер с текущим паролем будет отключен."
"Transfer Worker","Перенос воркера"
"Settings.WalletTransferFarm","Перенести воркера на другую ферму"
"Settings.RemoveProject5","Вы хотите удалить воркера?"
"Settings.WalletTransfer","Кошелек не переносится с воркером. Пожалуйста, примените кошелек с другой фермы после того как перемещение будет завершено."
"Settings.ConfirmTransferWorker","Вы хотите перенести воркера?"
"Select farm","Выбрать ферму"
"Settings.TransferWorker","Полетный лист не копируется с воркером. Пожалуйста, примените полетный лист в новой ферме после завершения операции переноса воркера."
"Transfer Worker?","Перенести воркера?"
"Tuning","Тюнинг"
"Worker","Воркер"
"Online","В сети"
"With Errors","С ошибками"
"Hide filters","Скрыть фильтры"
"Show filters","Показать фильтры"
"with","с"
"Name changed","Имя изменено"
"Farm settings","Настройки фермы"
"Settings.MargeProject","Вы можете объединить проект только с другим, которым вы управляете."
"Merge Project","Объединить проект"
"Transfer Project","Перенос проекта"
"Type project name","Введите название проекта"
"Select user login","Выбрать логин пользователя"
"Remove Project","Удалить проект"
"Farm.Setting.Text1","Вы собираетесь удалить ферму"
"Type Project Name","Введите название проекта"
"You are going to merge farm","Вы собираетесь объединить ферму"
"Merged project CANNOT be restored!","Невозможно восстановить объединенный проект!"
"Are you ABSOLUTELY sure?","Вы ПОЛНОСТЬЮ уверены?"
"Save Changes","Сохранить изменения"
"Timezone changed","Часовой пояс изменен"
"Farm changed","Ферма изменена"
"Farm.Settings.TagsDescription","Добавьте свои собственные теги, чтобы пометить воркеры"
"Farm.Settings.RemoveDescription1","Удаление проекта приведет к удалению его хранилища и всех связанных с ним ресурсов, включая проблемы, запросы на объединение и так далее."
"Farm.Settings.RemoveDescription2","Удаленные проекты не могут быть восстановлены!"
"Farm Title","Название фермы"
"Remove Farm","Удалить ферму"
"Question.ChangeFarmOwner","Сменить владельца фермы?"
"ChangeOwnership","сменить владельца на"
"Leave Farm","Покинуть ферму"
"Settings.LeaveFarm","После этого у вас больше не будет доступа к этой ферме"
"",""
"RemoveFarmAccess","удалить доступ к ферме"
"Question.RemoveAccess","Вы хотите удалить ваш доступ?"
"Question.RemoveFarm","Вы хотите удалить ферму?"
"Question.LeaveFarm","Вы хотите покинуть ферму?"
"Farm.Setting.FarmHashDescription1","Farm Hash используется для подключения воркера к ферме без предварительного создания в веб."
"Farm.Setting.FarmHashDescription2","Просто установите его в"
"Farm.Setting.FarmHashDescription3","перед первым запуском."
"More details","Больше деталей"
"Farm Hash","Farm Hash"
"Transfer farm","Передача фермы"
"Farm.Setting.TransferDescription","Передача фермы другому пользователю. Введите логин существующего пользователя, который будет новым владельцом фермы."
"No wallets found so far.","Пока нет кошельков."
"FlightSheetForm.NamePlaceholder","Введите название полетного листа"
"FSFormItem.DcriHelp","Decred/Siacoin/Lbry/Pascal интенсивность. Значение по-умолчанию - 30. Для PASC рекомендуется - 10, для SIA 15. Более высокие значения негативно скажутся на майнинге Ethash монеты"
"PoolConfigModal.Advanced","Расширенная настройка"
"PoolConfigModal.AdvancedHint","<strong>Будьте внимательны!</strong> Каждый адрес должен начинаться с новой строки"
"PoolConfigModal.PoolUrls","Введите адреса"
"FS.ConfiguredInMiner","Настроить в майнере"
"AutoFan","AutoFan"
"Token","Токен"
"PageNotFound","Извините, эта страница не существует"
"ConfirmPassword.Message","Введите новый пароль и токен будет выслан вам на ваш email"
"Ethminer.OpenCLCudaHint","Выберите платформу GPU для использования. Обратите внимание, что совместное использование OpenCL и CUDA может привести к ошибке. Попробуйте использовать <code> - opencl-platform 1 </code> или <code> 0 </code> дополнительных параметрах, чтобы он работал."
"AllRedTemps.Hint","Температура будет окрашена в красный цвет выше этих значений"
"RedTemp.Hint","Температура будет окрашена в красный цвет выше этого значения"
"AutoFans.NoAMD","Не управлять AMD картами, только NVidia"
"AutoFans.Info","Включить управление вентиляторами. Он будет поддерживать GPU близко к заданной температуре. Майнинг будет остановлен при достижении критической температуры. Не забудьте отключить управление вентилятором в майнере для карт AMD."
"RadeonCardFrom.coreState.text3","или «Уровень мощности» ядра GPU. Для RX-карт это значение от"
"RadeonCardFrom.AggressiveUndervolting","Агрессивное понижение питания (установка ОС для каждого DPM)"
"Settings.VPN","VPN нельзя изменить прямо сейчас. Команда выполняется"
"VPN.HelpInfo","Файлы будут называться следующим образом, поэтому сертификаты в client.conf должны быть названы ca.crt, client.crt, client.key. Также вы можете вставлять сертификаты в client.conf и загружать только один файл."
"Required filed","Обязательное поле"
"Promocode","Промо-код"
"GPU","GPU"
"ASICS","ASICs"
"Account Login","Вход в аккаунт"
"Password changed","Пароль изменен"
"Settings.transferTargetText","Вы уже отправили запрос на перемещение в"
"FarmTempHeader.GPUCriticalTemperature","Критическая температура GPU"
"Account.AuthenticationTwoFactor1","Сделайте резервную копию этого кода! Лучший способ сдеть скриншот и распечатать его."
"Account.AuthenticationTwoFactor2","Если вы потеряете код, вы не сможете восстановить доступ к учетной записи в случае если потеряете устройство с которого производилась аутентификация (ваш телефон)."
"SelectAmd","Выбрать AMD карту"
"Activity","Активность"
"Access","Доступ"
"Settings","Настройки"
"Unsubscribe","Отписаться"
"File shouldn't be empty","Файл не должен быть пустым"
"TheLatestActivity","Последняя активность"
"Referal.EnterPromocode","Ваш креативный промокод здесь"
"FlightSheetFrom.AddMiner","Если вам нужно несколько майнеров"
"Settings.NotificationSubscribe","Вы не подписаны"
"OverclockingAlgoFrom.Title1","Редактировать настройки разгона"
"OverclockingAlgoFrom.Title2","Конфигурация настроек разгона"
"NewWallet","Новый кошелек"
"EditWallet","Редактирование кошелька"
"Settings.Notifications.AccountLogin","Вход в аккаунт"
"Settings.Notifications.DetectedWorkerOffline","Воркер в сети"
"Settings.Notifications.DetectedWorkerOnline","Воркер не в сети"
"Settings.Notifications.WorkerBooted","Воркер загрузился"
"Settings.Notifications.ErrorMessages","Сообщения об ошибках"
"Settings.Notifications.WarningMessages","Предупреждающие сообщения"
"Settings.Notifications.InfoMessages","Информационные сообщения"
"Settings.Notifications.SuccessMessages","Выполненные без ошибок"
"Settings.Notifications.GPUTemp","GPU Temp >= Red Temp + 3°"
"Settings.Notifications.HourlySummary","Почасовой отчет"
"ConfirmTransferToHive.Title","Сколько отправить на депозит Hive OS?"
"ConfirmTransferToHive.ErrorMessage","У вас недостаточно средств"
"FS.ConfirmatioTitle","Внимание! Этот полетный лист работает на других воркерах"
"FS.ConfirmatioMessage","Вы хотите запустить новый Полетный лист для этого воркера, или обновить на других воркерах?"
"FS.UpdateAll","Обновить всех воркеров"
"FS.CreateNewFS","Создать новый FS"
"NvidiaCardForm.DelayPill","Задержка перед стартом таблетки в секундах"
"NvidiaCardForm.DelayPillHint","Может помочь предотвратить ошибку на некоторых 1080 картах, попробуйте установить это значение в 120 и выше."
"WorkerSettings.CardsQuantityHint","Количество карт у воркера увеличилось автоматически. Но если вам нужно уменьшить их, обновите этот параметр"
"WorkerSettings.CardsQuantityPlaceholder","Введите число"
"Cards Quantity","Количество карт"
"WorkerSettings.DisableGUI","Отключить GUI при загрузке"
"WorkerSettings.DisableGUIHint","Не запускать Х-сервер, только консоль, для Nvidia не будет разгона"
"WorkerSettings.Resend","Переслать все настройки"
"WorkerSettings.ResendHint","В случае если воркер не синхронизирован вы можете отправить все - майнер, профиль разгона и другие настройки."
"Push","Нажать"
"MinerForm.Template.examples","Примеры шаблонов"
"MinerForm.Template.forMost","для большинства пулов"
"MinerForm.Template.for","для"
"MinerForm.Template.text1","Для правильной строки шаблона, пожалуйста, прочитайте роздел помощи для вашего пула, там есть детали о том, как его отформатировать."
"MinerForm.Template.text2","будет заменено правильными значениями из кошелька."
"MinerForm.Template.text3","будет заменено на имя воркера."
"WDConfig.EnableWatching","Включите просмотр хешрейта, если он опустится ниже минимального, тогда будет попытка перезапустить майнер."
"WDConfig.RestartNotHelp","Если перезапуск майнера не помогает, будет выполнена перезагрузка."
"WDConfig.On","Хешрейт вотчдог включен"
"WDConfig.Off","Хешрейт вотчдог выключен"
"WDConfig.SetUsed","Установить значения для используемых майнеров"
"WDConfig.SetOther","Установить значения для остальных майнеров"
"ConsoleCommand.ShowInfo","показать информацию о картах Nvidia "
"ConsoleCommand.ShowFreq","показать текущие частоты для карт AMD"
"ConsoleCommand.LogsRam","журналы в ОЗУ для продления жизни USB-накопителей"
"ConsoleCommand.LogsDisk","журналы на диске, останутся после перезагрузок"
"ConsoleCommand.ShowFreqAmd","показать текущие частоты для карт AMD"
"ConsoleCommand.AmdExtended","показать расширенную информацию для карты AMD"
"ConsoleCommand.AmdVoltage","показать таблицу напряжений для AMD GPU #0"
"ConsoleCommand.SayHello","отправить hello  на сервер еще раз, чтобы обновить данные"
"ConsoleCommand.ServiceBoot","показать журнал загрузки hive сервиса"
"ConsoleCommand.SendReset","отправить команду 'reset' OpenDev вотчдогy"
"ConsoleCommand.SendPower","отправить команду `power` OpenDev вотчдогy"
"ConsoleCommand.GpuScript","скрипт, чтобы найти GPU по вращающимся вентиляторам"
"Deselect","Отменить выбор"
"Overclocking Profiles","Профили разгона"
"MinerForm.Url.PoolUrl","URL пула, включая протокол и порт"
"MinerForm.Url.ForFailOver","Для резервных пулов просто напишите их в следующей строке, пароль используется один для всех."
"MinerForm.BminerForm.With","вместе с"
"MinerForm.BminerForm.More","Больше"
"MinerForm.Url.ItHas","Это имеет формат"
"MinerForm.Url.LooksLike","Например, это выглядит так"
"MinerForm.Url.Subscribe","если вы используете flypool. Замените"
"MinerForm.Url.IfYou","при подключении к пулу через SSL."
"MinerForm.Url.Examples","bminer примеры"
"MinerForm.UserConfig.Text1","Добавьте дополнительные параметры в config, если вам необходимо. Один для каждой строки в следующем формате без запятых или точек в конце строки. Ссылайтесь на сгенерированние настройки для доступных значений настроек майнеров."
"MinerForm.UserConfig.Text2","задать частоту"
"MinerForm.UserConfig.Text3","задать напряжение"
"MinerForm.UserConfig.Text4","доступные методы API майнера"
"MinerForm.BMinerConfig.Text1","Вы можете поставить здесь что-то вроде"
"MinerForm.BMinerConfig.Text2","Разделенный пробелами список CUDA устройств"
"MinerForm.BMinerConfig.Text3","Дополнительные параметры здесь"
"MinerForm.BMinerConfig.Text4","Bminer документация"
"MinerForm.Fork.List","Подробный список форков"
"MinerForm.Fork.here","тут"
"MinerForm.Fork.Run","Запуск"
"MinerForm.Fork.Check","проверить обновления форков."
"MinerForm.Algo.Which","Какой алгоритм использовать для майнинга. Для"
"MinerForm.Algo.ItShould","должно быть"
"MinerForm.Algo.Example","например"
"MinerForm.InstallUrl.Where","URL где получить"
"MinerForm.InstallUrl.Package","пакет. Он не будет загружен, если он уже установлен."
"MinerForm.Miner","Это имя установленного майнера. Что то типа "
"MinerForm.CCPoolExtra","Добавьте дополнительные параметры в пул, если вам необходимо. Один для каждой строки в следующем формате: без запятых или точек в конце строки. Примеры параметров"
"MinerForm.CCExtra.Text1","Это дополнительные параметры для майнера. Один для каждой строки в следующем формате: без запятых или точек в конце строки. Примеры параметров"
"MinerForm.CCExtra.Text2","подробный отчет активностей протокольного уровня"
"MinerForm.CCExtra.Text3","разделенный запятыми список CUDA устройств для использования"
"MinerForm.CGMInerConf.Text1","Добавьте дополнительные параметры в config, если вам необходимо. Один для каждой строки в следующем формате: без запятых или точек в конце строки."
"MinerForm.CGMInerConf.Text2","отключить управление вентиляторами"
"MinerForm.CGMInerConf.Text3","Примеры параметров для Cryptonight"
"MinerForm.CGMInerConf.Text4","Примеры параметров для Ethash"
"MinerForm.CGMInerConf.Text5","Для того, чтобы посмотреть что не так "
"MinerForm.CGMInerConf.Text6","Выберите устройство для использования, одно значение, диапазон и/или разделенные запятой (напр. 0-2,4)"
"MinerForm.CGMinerFork.Text1","Вы должны попробовать разные версии, так как некоторые из них могут не работать с некоторыми алгоритмами или пулами."
"MinerForm.CGMinerFork.Text2","Также, попробуйте добавить"
"MinerForm.CGMinerFork.Text3","и"
"MinerForm.CGMinerFork.Text4","в config, чтобы увидеть подробную информацию для изучения проблемы."
"MinerForm.CGMinerFork.Text5","Подробный список форков "
"MinerForm.CGMinerFork.Text6","тут"
"MinerForm.DpoolTpl.Text1","пример для SIA в nanopool"
"MinerForm.DpoolTpl.Text2","будут заменены правильными значениями из кошелька. Для правильной строки  WALLET, пожалуйста, прочитайте роздел помощи вашего пула, там есть детали о том, как его отформатировать."
"MinerForm.ClaymoreDescr.Text1","Decred/Siacoin/Lbry/Pascal intensity. Значение по умолчанию 30."
"MinerForm.ClaymoreDescr.Text2","Для PASC приемлимое значение около 10, для SIA - около15. Более высокие значения негативно скажутся на ETH майнинге."
"MinerForm.ClaymoreConfig.Text1","Поместите здесь настройки, которые вы хотите чтобы были в config.txt для Claymore, ОДИН ДЛЯ КАЖДОЙ СТРОКИ. Например"
"MinerForm.ClaymoreConfig.Text2","установит вентиляторы на 100%"
"MinerForm.ClaymoreConfig.Text3","установит целевую температуру на 65C"
"MinerForm.ClaymoreConfig.Text4","отключить управление вентилятором"
"MinerForm.ClaymoreConfig.Text5","использовать графические процессоры 3, 4, 10, 11"
"MinerForm.ClaymoreConfig.Text6","Пожайлуста, смотрите на"
"MinerForm.ClaymoreConfig.Text7","Claymore документация"
"MinerForm.ClaymoreConfig.Text8","для других настроек"
"MinerForm.CpuMinerConfig.Text1","Добавьте дополнительные параметры в config, если вам необходимо. Один для каждой строки в следующем формате: без запятых или точек в конце строки. Примеры параметров"
"MinerForm.CpuMinerConfig.Text2","количество потоков майнера (по умолчанию: количество процессоров). Рекомендовано для большинства algo n = cores - 1"
"MinerForm.CpuMinerConfig.Text3","установить привязку процесса к ядру процессора, маска 10 (0xA) для ядер 1 и 3"
"MinerForm.CpuMinerConfig.Text4","температура в градусах Цельсия (значение по умолчанию - 85), остановить майнинг."
"MinerForm.Server","Для резервных пулов просто пишите их в следующей строке, пароль используется один для всех."
"MinerForm.DstmConf.Text1","Вы можете поставить здесь что-то вроде"
"MinerForm.DstmConf.Text2","Разделенный запятыми список cuda устройств"
"MinerForm.DstmConf.Text3","Уменьшить нагрузку, разделенный запятыми список значений dev_id:intensity "
"MinerForm.DstmConf.Text4","Рабочая нагрузка каждого графического процессора будет постоянно корректироваться таким образом, чтобы температура оставалась вокруг этого значения. Разделенный запятыми список значений dev_id:intensity"
"MinerForm.EthServ.Text1","Для getwork используйте одну из следующих схем"
"MinerForm.EthServ.Text2","Для stratum используйте одну из следующих схем"
"MinerForm.EthServ.Text3","Примеры"
"MinerForm.EthConf.Text1","Вы можете поставить здесь что-то вроде"
"MinerForm.EthConf.Text2","какими OpenCL устройствами майнить"
"MinerForm.EthConf.Text3","какими CUDA устройствами майнить"
"MinerForm.EwbtConf.Text1","Добавьте дополнительные параметры в config, если вам необходимо. Один для каждой строки в следующем формате: без запятых или точек в конце строки. Примеры параметров"
"MinerForm.EwbtConf.Text2","использовать только конкретные GPU"
"MinerForm.EwbtConf.Text3","установить пользовательский температурный лимит"
"MinerForm.LolConf.Text1","Вы можете поставить здесь что-то вроде"
"MinerForm.LolConf.Text2","Разделенный запятыми список устройств"
"MinerForm.OptiConf.Text1","Вы можете поставить здесь что-то вроде"
"MinerForm.OptiConf.Text2","OpenCL id устройства  для использования. Если устройства не указаны, все они используются"
"MinerForm.OptiConf.Text3","Использовать id платформы OpenCL"
"MinerForm.OptiConf.Text4","Интенсивность воркера. 0 означает автоматическое обнаружение на основе доступной памяти"
"MinerForm.XmConf.Text1","Добавьте дополнительные параметры в config, если вам необходимо. Один для каждой строки в следующем формате: без запятых или точек в конце строки. Примеры параметров"
"MinerForm.XmConf.Text2","уменьшить использование CPU с 75% до 50%"
"MinerForm.XmConf.Text3","Остальные параметры найдете в"
"MinerForm.XmConf.Text4","xmrig doc"
"MinerForm.XmUrl.Text1","Адрес пула должен быть в форме"
"MinerForm.XmUrl.Text2","Поддерживаются только stratum пулы"
"MinerForm.XmUrl.Text3","Для резервных пулов просто пишите их в следующей строке, пароль используется один для всех"
"MinerForm.XmStakCpuUrl.Text1","Адрес пула должен быть в форме"
"MinerForm.XmStakCpuUrl.Text2","Поддерживаются только stratum пулы"
"MinerForm.XmrAmd.Text1","Полное содержание amd.txt, пример ниже"
"MinerForm.XmrAmd.Text2","Отключить графические процессоры AMD"
"MinerForm.XmrAmd.Text3","Руководство по настройке"
"MinerForm.XmrNvidia.Text1","Полное содержание nvidia.txt, пример ниже"
"MinerForm.XmrNvidia.Text2","Отключить графические процессоры Nvidia"
"MinerForm.XmrNvidia.Text3","Руководство по настройке"
"MinerForm.XmrCpu","Полное содержание cpu.txt, пример ниже"
"per","в"
"OC.DefaultConfig","Настройки по умолчанию"
"OC.DefaultHint","Используется по умолчанию. Может быть изменено конфигурацией алгоритма"
"Account.AuthenticationTokenCurrent","Токены текущей сессии"
"Account.AuthenticationTokenOther","Токены другой сессии"
"Enter amount","Введите сумму"
"Send","Отправить"
"Revoke","Отозвать"
"Monitor","Мониторинг"
"Tech","Технолог"
"AccessLevel.Monitor","Мониторинг и cтатистика, детали воркера. Теги могут быть назначены для ограничения видимости воркеров для доверенной учетной записи."
"AccessLevel.Tech","Разгон, Перезагрузка и Завершение работы, Обновление."
"AccessLevel.Rocket","Применить майнер и кошелёк к воркеру. Создание и удаление воркеров."
"AccessLevel.Advanced","Выполнение команд, VPN, Кошельки, Настройка."
"AccessLevel.Full","Пароль, 2FA, Уведомления, Платежи, Собственность."
"Full Access","Полный доступ"
"Advanced","Расширенный"
"CompactView.Status.InvalidShares","Низкий коэффициент или Невалидные 'шары'"
"CompactView.Status.HightTemperature","Высокая температура"
"CompactView.Status.LowHashrate","Низкий хешрейт"
"Load Avg","Сред. загрузка"
"Subscribed","Подписан"
"Create Flight Sheets","Создать полетный лист"
"Worker.FlightSheets.epmtyMessage","Начать майнить"
"FS.ActiveFSEdit","Этот полетный лист активный."
"FS.ApplyAll","Все воркеры"
"FS.AttachedWorlers","Подключенные воркеры"
"FS.ChangesWillBeApplied","Изменения будут применяться ко всем воркерам, использующим этот FS."
"FS.NewFSWillBeCreated","Для этого воркера будет создан новый FS, и применен только к нему"
"FS.OnlyThis","Только этот воркер"
"Account.WhiteList","Белый список"
"Account.WhiteListHint","Здесь вы можете ограничить IP-адреса, которым разрешено войти в вашу учетную запись. Значения разделяются пробелами."
"Account.WhiteListHint2","Ваш текущий IP-адрес."
"Account.WhiteListHint3","Основные проверки выполняются на сервере так что вы не ?? себя."
"Account.WhiteListExamples","Примеры:"
"Account.WhiteListExample1","разрешен один IP-адрес"
"Account.WhiteListExample2","разрешены два IP-адреса"
"Account.WhiteListExample3","будет соответствовать любому IP, кторый начинается с 172.217.16."
"Account.WhiteListExample4","будет соответствовать любому IP, кторый начинается с 172.217.d"
"Account.WhiteListExample5","один IPv6-адрес"
"Account.WhiteListExample6","будет соответсвовать любому IPv6-адресу, кторый начинается с 2001:db8::"
"Account.WhiteListPlaceholder","Введите IP-адрес"
"Account.WhiteListAddNewPlaceholder","Введите новый IP-адрес"
"CoinPaymentsDeposits","Депозиты CoinPayments"
"Billing.TransactionFee","Добавьте КОМИССИЮ НА ПЕРЕВОД для указанной суммы"
"Billing.FAQ","FAQ по оплате"
"WorkerSettings.GuiTurnedOn","GUI включен"
"WorkerSettings.GuiTurnedOff","GUI выключен"
"VPN.TurnedOn","VPN включен"
"VPN.TurnedOff","VPN отключен"
"Are you shure?","Вы уверены?"
"Account.AuthenticationTwoFactor5","Google Authenticator не лучший выбор, . Советуем использовать"
"BillingFarm.DaysUntil","Дней до блокировки фермы"
"BillingFarm.ToLock","дней до блокировки"
"AMD","AMD"
"Card Types","Типы карт"
"TEMP","TEMP"
"FAN","FAN"
"Core","Ядро"
"MEM","MEM"
"FlightSheets.ToManage","Чтобы управлять вашими кошельками, перейдите на"
"FlightSheets.WalletsPage","страницу 'Кошельки'"
"FS.WallAddress","Адрес кошелька"
"Claymore User Config","Пользовательские настройки Claymore"
"2FA.ON","Двухэтапная аутентификиция включена"
"2FA.OFF","Двухэтапная аутентификиция отключена"
"Account.TwoFactorDisableDescription","Введите код для отключения 2FA. Сохраненный QR-код (секретный) больше не работает, впоследствии  вы можете удалить его."
"MinerForm.Custom.InstallationUrl","Установочный URL"
"MinerForm.Custom.MinerName","Имя майнера"
"AutoFans.ON","AutoFan включен"
"AutoFans.OFF","AutoFan выключен"
"AutoFans.TargetTemp","Целевая температура"
"AutoFans.MinFan","Минимальная скорость вентилятора"
"AutoFans.MaxFan","Максимальная скорость вентилятора"
"AutoFans.Critical","Критическая температура"
"AutoFans.NoAMDLabel","Без AMD"
"AutoFans.RebootOnErrors","Перезагрузка при ошибках"
"WDConfig.Minutes","минут"
"WDConfig.MinerRestart","Перезапустить майнер через"
"WDConfig.RebootAfter","Перезагрузить риг через"
"Server","Сервер"
"Pass","Пароль"
"Port","Порт"
"Template","Шаблон"
"Server Urls","Адреса серверов"
"PersonalToken.Placeholder","Введите имя для персонального токена"
"2FA Disabled","2FA выключен"
"2FA Enabled","2FA включен"
"Discount","Скидка"
"Monthly price","Цена за месяц"
"Daily use","Ежедневная плата"
"Payments.DailyRigsUse","Задействовано ригов"
"Payments.DailyRigsPrice","Ежедневная плата за риги"
"Payments.DailyAsicsPrice","Ежедневная плата за ASIC"
"Payments.DailyAsicsUse","Задействовано ASIC"
"Payments.Refill","Чтобы пополнить ваш баланс посетите"
"rig","риг"
"Coin.TypeIn","Введите монету"
"CoinPaymentsDeposits.ShowAll","Показать все депозиты"
"gained","получен"
"subscribed","подписан"
"OverclockingAlgoTable.CcAlgoResolved","Нажмите Добавить, чтобы установть разгон для этого алгоритма"
"Algo","Алгоритм"
"Billing Page","на страницу 'Биллинг'"
"Select algo","Выбрать алгоритм"
"more","больше"
"PaymentsList.CheckStatus","Проверить статус вашего платежа"
"AsicTable.Chain","Цепочка"
"AsicTable.ASIC","ASIC"
"AsicTable.Frequency","Частота"
"AsicTable.HW","HW"
"AsicTable.Temp","Temp"
"AsicTable.ASICStatus","Статус ASIC"
"FilterWallets.more","еще кошельков"
"Tuned","Настроено"
"MiningInfo.Title","Информация о майнинге"
"MiningInfo.Tuned","Настроенный майнер"
"OverclockingAlgoTable.more","больше"
"PowerGraph.Power","Мощность"
"The latest","Последний"
"for","для"
"PoolConfigModal.EnterUrls","Введите URL адреса "
"Intensity:","Интенсивность:"
"Wallet Address","Адрес кошелька"
"Dcoin","Dcoin"
"Example for nanopool","Пример для nanopool"
"WalletWorkTemplate:","Шаблон кошелька и воркера:"
"dstm 0.6.0 had changed config syntax","dstm 0.6.0 изменил конфигурационный синтаксис"
"Action.OCUpdated","Профиль разгона успешно обновлен."
"Action.OCRemoved","Профиль разгона успешно удален"
"Worker added","Воркер добавлен"
"Worker removed","Воркер удален"
"Worker updated successfully","Воркер успешно обновлен"
"Password successfully updated","Пароль успешно обновлен"
"Worker has been transferred","Воркер был перенесен"
"Action.RemoveAllWorkersMessages","Все сообщения воркеров были удалены"
"Action.NowFarmYours","Теперь ферма принадлежит вам"
"Action.RequestRejected","Запрос был успешно отклонен"
"Action.LoginInvalid","Неверный логин"
"Action.KeyUpdated","API KEY обновлен"
"Action.KeyRemoved","API KEY удален"
"Action.KeyAdded","API KEY добавлен"
"Action.YouUnsubscribed","Вы успешно отписались"
"Action.YouSubscribed","Вы успешно подписались"
"Action.WorkerUpdated","Воркер успешно обновлен"
"Url","Url"
"Should be selected at least one server","Должен быть выбран хотя бы один сервер"
"Filed is required","Обязательное поле"
"NewRig","Похоже что-то новое! Давайте 🚀 к 🌕"
"NewRig.Read","Пожалуйста, прочтите"
"NewRig.Read2","инструкцию по установке"
"NewRig.Read3","как настроить ваш воркер"
"or","или"
"InfoWorker.Password","Пароль должен содержать 1 или более символов"
"discount","скидка"
"RemoveWorkerModal.Text1","Вы собрались удалить воркеров"
"RemoveWorkerModal.Text2","Удаленные рабочие НЕ МОГУТ быть восстановлены! Вы АБСОЛЮТНО уверены?"
"RemoveWorkerModal.Text3","Это может привести к потере данных. Чтобы предотвратить случайные действия, мы просим вас подтвердить свое намерение"
"Workers removed","Воркеры удалены"
"Shut down worker?","Выключить воркер?"
"Shut down workers?","Выключить воркеры?"
"High Load Avg.","Высокая загрузка"
"Payments.PricePerRig","Цена за риг"
"Payments.PricePerAsic","Цена за ASIC"
"30 minutes","30 минут"
"1 hour","1 час"
"From farm balance","С баланса фермы"
"Connect via","Подключение через"
"ConsoleCommand.Hello","отправка сообщения для обновления данных"
"ConsoleCommand.Dmesg","показать загрузку ядра и драйверов"
"ConsoleCommand.BminerApi","показать информацию bminer API"
"ConsoleCommand.CgminerApi","показать информацию cgminer API"
"ConsoleCommand.Selfupgrade","обновить до последней версии"
"ConsoleCommand.InnosiliconEnableCron","разрешить cgminer перезагружаться один раз в 24ч (только для Innosilicon)"
"YourFunds","Ваши средства"
"FarmBalance","Баланс фермы"
"RefillBalance","Пополнить баланс"
"RefillMethod","Выбрать метод пополнения"
"Coinpayments","CoinPayments"
"MyDeposit","Мой депозит"
"OtherFarms","Другие фермы"
"Referal","Реферал"
"AddFee","Учитывайте комиссию за транзакцию"
"WhatIsFee","Что такое комиссия за транзакцию"
"RefillFromDeposit","Вы можете пополнить баланс фермы вашим депозитом"
"BillingInformation","Биллинговая информация обновляется ежедневно."
"DownloadInvoiceInfo","Вы можете скачать счет за выбранный период."
"PaidFeatures","Платные функции"
"PaidFeaturesSSL","Безопасное соединение с API через HTTPS"
"PaidFeaturesStats","Статистика отображается за последних 3 месяца в сравнении с 3 днями для бесплатного тарифа"
"Invoices","Счета"
"PaidFeaturesEnabled","Платные функции включены"
"PaidFeaturesDisabled","Платные функции отключены"
"Payer","Плательщик"
"PayerInfo","Вы можете установить, чтобы другой пользователь был ответственным за пополнение ферм. Этот пользователь может быть вашим финансовым менеджером и требует только уровень доступа 'Monitor' для доступа к вашим фермам."
"PayerTransfer","Передача ответственности по оплате счетов за ферму"
"PayerUser","Установить пользователя как плательщика"
"Debt","Задолженность"
"AutomaticWithdraw","Ваши средства будут автоматически сниматься в размере от ежедневного использования денежных средств после достижения нулевого баланса."
"Use deposit, $","Использовать депозит, $"
"TransferPaymentOwnership","Вы можете передать права собственности на ферму другим владельцам"
"ManualyTransfer","Вы можете вручную перевести средства с вашего депозита на ферму или пользователя"
"YourDepositUsage","Ваш депозит используется по умолчанию для автоматического снятия средств для всех ферм, где вы являетесь владельцем"
"RefillDeposit","Пополнение депозита"
"BillingFAQ","ЧаВо по биллингу"
"IncomingPayerRequest","Согласны ли Вы платить за последующие фермы?"
"Action.TransferPayerRole","Был отправлен запрос на изменение плательщика"
"Billing.transferTargetPayerText","Вы уже отправили запрос на назначение плательщика"
"AutoFans.CriticalAction","Критическое действие"
"AutfanTTHint","Автофан управляет вентиляторами. Опция -tt в Claymore будет проигнорирована"
"GPURedTemp","GPU температура"
"AsicRedTemp","ASIC температура"
"MonitorThreshold","Порог монитора"
"SignIn","Войти"
"Daily cost","Оплата за сутки"
"TransferToOthers","Перевод средств другим"
"Action.TransferComplete","Перевод осуществлен"
"TransferRules","Вы не можете отправить средства несуществующему пользователю"
"Amount to transfer","Сумма перевода, $"
"Disk Model","Модель диска"
"FSMinerDuplicates","Майнеры не могут совпадать в одном полетном листе"
