"link","連結"
"An error has occurred. Please, try again later","發生一個錯誤，請稍候再試"
"Action.FlightSheetRemoved","Flight Sheet 成功移除"
"Action.FlightSheetCreated","Flight Sheet 成功創建"
"Command sent","指令已發送"
"Action.TransferFarm","擁有人改變請求已發送"
"Settings updated","設定已更新"
"Tag added","已新增標籤"
"Tag edited","已更改標籤"
"Tag removed","已移除標籤"
"Wallet added","已新增錢包"
"Wallet edited","已更改錢包"
"Wallet removed","已移除錢包"
"Collaborator added","已新增協作者"
"Collaborator removed","已移除協作者"
"Collaborator edited","已更改協作者"
"Action.LeftFarm","你已經離開礦場"
"Action.UpdateFs","Flight Sheet成功更新，但離線礦機尚需重啟才能生效。"
"Action.AddOC","已成功新增超頻文件"
"Action.RefillFarm","已儲值礦場餘額"
"Action.ErrorServerRequest","發生一個錯誤，請稍候再試"
"Error","錯誤"
"Action.SendPromocode","你已經成功訂閱"
"Action.PatchToken","已經成功更新補丁"
"Action.AddToken","已經成功創建補丁"
"Action.DeleteToken","已經成功移除補丁"
"Promocode successfully sended","已成功發送邀請碼"
"Action.UpdatePayoutAddresses","已成功更改地址"
"Action.PayoutToAccount","已成功儲值帳戶"
"Action.SetPassword","已成功更新密碼"
"2FA enabled","已開啟2FA"
"2FA removed","已關閉2FA"
"",""
"NVIDIA","NVIDIA"
"Apply","應用"
"Confirm","確認"
"TelegramSubscribe","輸入Telegram id 以訂閱"
"Enter code to confirm","請輸入密碼進行確認"
"Subscribe","訂閱"
"Remove","移除"
"Are you shure?","你確定嗎？"
"Edit","編輯"
"temp","溫度"
"Farms","礦場"
"workers","礦機"
"ethash","ethash"
"",""
"Off","關閉"
"30 seconds","30 秒"
"1 minute","1 分鐘"
"2 minutes","2 分鐘"
"5 minutes","5 分鐘"
"AutoRefresh","自動刷新"
"All","全部"
"Cancel","取消"
"Download VBIOS","下載 VBIOS"
"GPU index","GPU 編號"
"NotGPUDifferent","注意: GPU編號可能與PCI順序不同"
"Download","下載"
"Apply Changes","應用更改"
"WalletWorkTemplate","錢包與礦機範例"
"Pass:","密碼"
"Extra config arguments:","其他設定參數"
"Pool URL:","礦池地址"
"Miner Fork:","挖礦軟體分支"
"Hash algorithm:","演算法"
"Extra params for pool:","其他礦池參數:"
"Extra arguments for miner:","其他礦機參數:"
"Version:","版本: "
"Template examples:","範例: "
"for most of the pools","對於大多數礦池"
"Intensity, -dcri 0...100","強度, -dcri 0至100"
"claymore","claymore"
"epools.txt template:","epools.txt 範本:"
"dpools.txt template:","dpools.txt 範本:"
"Claymore config override:","Claymore設定覆蓋:"
"Example for nanopool:","nanopool 範例:"
"Example for nicehash:","nicehash 範例:"
"Second coin algo","副挖演算法"
"Config override:","設定覆蓋:"
"Pool server:","礦池地址:"
"Port:","通訊埠:"
"index","編號"
"AMD config override:","AMD 設定覆蓋"
"Nvidia config override:","Nvidia 設定覆蓋"
"CPU config override:","CPU 設定覆蓋"
"Errors","錯誤"
"last 24 hours","最近24小時"
"Workers with errors","礦機錯誤"
"No errors found","未發現錯誤"
"Show","顯示"
"Overclocking","超頻"
"Coins","幣種"
"Pools","礦池"
"Miners","礦機"
"Select pools","選擇礦池"
"Select miners","選擇礦機"
"Select coin","選擇幣種"
"Select overclocking","選擇超頻"
"by","藉由"
"View payload","觀看封包內容"
"Add Wallet","新增錢包"
"Red Temperature","最高溫度"
"Trust user","授權用戶"
"Add Worker","增加礦機"
"FarmNavCleanWorkers","刪除所有礦機訊息"
"Save","保存"
"FarmTempHeader.ASICCriticalTemperature","ASIC 臨界溫度"
"Ask a question","提問"
"Report an issue","回報錯誤"
"Tags","標籤"
"Wallets","錢包"
"Platform","平台"
"Run","運行"
"Wallet","錢包"
"Coin","幣"
"Pool","礦池"
"Miner","挖礦軟體"
"Select pool","選擇礦池"
"Select miner","選擇挖礦軟體"
"Select wallet","選擇錢包"
"Configure Pool","設定礦池"
"Setup Miner Config","更改礦機設定"
"Dual Coin","副挖幣種"
"Dual Wallet","副挖錢包"
"Dual Pool","副挖礦池"
"","Decred / Siacoin / Lbry / Pascal強度，默認值為30。PASC的合理值在10左右，SIA在15左右。過高的值會降低ETH挖礦效率。"
"Configure in miner","礦機設置"
"Update","更新"
"Add New Flight Sheet","新增新的 Flight Sheet"
"Reset","重置"
"Create Flight Sheet","創建 Flight Sheet"
"Add Miner","新增礦機"
"Email","電子郵件地址"
"worker","礦機"
"selected","已選擇"
"FlightSheetsRocket.Message","你希望將現有Flight Sheet應用到"
"Choose Flight Sheet for","選擇 Flight Sheet"
"Your Company","你的公司"
"Home","主畫面"
"Admin","管理員"
"Privacy","隱私"
"Not Found","沒找到"
"off","關閉"
"No","不"
"min","分鐘"
"Remote","遠端"
"Consumption","消耗"
"AES","AES"
"Cores","核心"
"Motherboard","主機板"
"Free space","閒置空間"
"Free RAM","閒置記憶體"
"OS version","系統版本"
"Drivers","驅動"
"Yes","是"
"System type","系統類型"
"Kernel","核心"
"Local IP","本地IP"
"Load Average","平均負載"
"rigs","礦機"
"Jump to farms, workers...","跳轉至礦場、礦機"
"Notifications","通知"
"unread","未讀"
"Show all","顯示全部"
"No notifications yet","無通知"
"View geo location","查看全部地區"
"from","從"
"Accept","同意"
"Decline","拒絕"
"Term expires in","協議有效至"
"Enter value","輸入數值"
"Generate","生成"
"Enter start date","輸入開始日期"
"Start date","開始日期"
"End date","結束日期"
"Enter end date","輸入終止日期"
"Name","名稱"
"Create","創建"
"Russian","俄羅斯語"
"Chinese","中文"
"English","英文"
"NoActiveFound","未發現活動"
"all activities","所有活動"
"Latest Activity","最新活動"
"Load","讀取"
"warning","警告"
"Previous","上一個"
"Next","下一個"
"configuration","設定"
"MiningInfo","挖礦訊息"
"Account","帳戶"
"Sign Out","登出"
"Billing","帳單"
"Support","支持"
"Community","社區"
"Forum","論壇"
"Referrals","邀請碼"
"NoRightsMessage","對不起，您沒有觀看此頁面的權限"
"to","至"
"Login","登入"
"access","存取"
"Notification.EventChanged","通知事件已更改"
"Notification.AccessChanged","權限已更改"
"Notification.WhitelistChanged","白名單已更改"
"Account.NotificationDescription6","您可以將此bot添加到聊天群組中，以便多個管理員可以監視礦機。 創建群組並邀請“hiveosbot”作為成員。 聊天代碼對於群組是原生的，例如'-12345'。"
"Account.NotificationDescription1","開始新對話與bot"
"Account.NotificationDescription2","機器人會回覆你，你會看到你應該在現場的CODE。 格式類似'12345'。"
"Account.NotificationDescription3","你登入的是"
"Account.NotificationDescription4","傳送指令至bot"
"Account.NotificationDescription5","訂閱帳戶並且收到通知"
"Update Settings","更新設定"
"Fan","風扇"
"Core Clock","核心頻率"
"Memory Clock","顯存頻率"
"Power Limit","功耗限制"
"(0 for auto)","（0 為自動）"
"(0 for stock value)","（0 為預設值）"
"NvidiaCardFrom.SpecifyDevice","指定哪台設備啟用我們的進階解決方案，--revA"
"NvidiaCardFrom.MemClock","通常這個值是AftrerBuner中的2倍。例如視窗中顯示了+800Mhz，這裡就應該設定為1600"
"NvidiaCardFrom.OffLED","關閉LED（部分顯卡可能不支援）"
"OhGodAnETHlargementPill","ETH腎上腺素"
"ValueCardSeparatedSpace","你可以替所有的卡指定一個值，也可以替每張卡設定單獨的值，用空格間隔"
"one value for all GPUs.","統一所有GPU的值"
"means GPU0 = none, GPU1 = 100, etc.","指GPU0 =無，GPU1 = 100，以此類推"
"Configure","設定"
"Overclocking Settings","超頻設定"
"OverclockingProfileModal.Text","選擇超頻設定給"
"ApplyOverclockProfile","是否確定將當前超頻設定給"
"Invalid Shares","無效股份"
"Show all payments","顯示所有支付"
"No payments yet","尚未有支付紀錄"
"Pool address","礦池地址"
"Select pool address","選擇礦池地址"
"Add New Pool","新增礦池地址"
"Enter email","輸入email"
"Select Pool Server","選擇礦池伺服器"
"Selected Pool Servers","以選擇礦池服務器"
"on","開啟"
"rights","權限"
"Workers","礦機"
"Balance","餘額"
"Shared with me","與我分享的"
"Timezone","時區"
"Create New Farm","創建新的礦場"
"Select timezone","選擇時區"
"Input farm name","輸入礦場名稱"
"Mem State","內存狀態"
"Core Voltage","核心電壓"
"Core State","核心狀態"
"RadeonCardFrom.fanSpeed2","在Claymore中配置文件覆蓋"
"RadeonCardFrom.fanSpeed1","你可以設定風扇轉速，但總是受挖礦軟件如Claymore的控制。你應該先在挖礦軟件配置文件中關閉風扇控制。把"
"RadeonCardFrom.memState.text3","你應該在顯存頻率設定裡面使用這個參數"
"RadeonCardFrom.memState.text2","RX顯卡有1或2個顯存狀態(事實上3個，包括停頓狀態)。默認下將會選擇最高的狀態。但是少數卡會在最高模式下因電壓不足而出錯，所以要選擇一個較低的模式。例如，最高值是2，但對於電壓不足的顯卡你應該設為1。"
"RadeonCardFrom.memState.text1","這是一個非常高級的參數，如果有電壓不足的問題可以試試。如果一切正常就不要用這個。"
"RadeonCardFrom.coreVddc.text5","從VBIOS表格"
"RadeonCardFrom.coreVddc.text4","意為mV或數值例如"
"RadeonCardFrom.coreVddc.text3","你可以設定數值例如"
"RadeonCardFrom.coreVddc.text2","狀態將被用來設置電壓"
"RadeonCardFrom.coreVddc.text1","當你打算給你的顯卡降低電壓，那這個就是必須的。同時你必須設定核心狀態或者默認"
"RadeonCardFrom.coreState.text4.","降低這個值來調低電壓"
"Default is","預設為"
"RadeonCardFrom.coreState.text2","DPM(动态功耗管理)"
"RadeonCardFrom.coreState.text1","当你打算给你的显卡降低电压，那这个就是必须的。你需要在核心频率和核心电压的设置中用到这个参数。"
"RadeonCardFrom.coreClock.text2","如果核心状态没有设置，即为默认值"
"RadeonCardFrom.coreClock.text1","在这里设置核心频率，一个优值大约为"
"RadeonCardFrom.coreClock.text3","状态将会被用来设置频率"
"Refill","儲值"
"balance","餘額"
"per month","每月"
"Recommended payment is","建議儲值為"
"From balance","通過餘額"
"With Coinpayment","通過數字貨幣"
"Console","控制台"
"Execute command","執行命令"
"Wrong command","錯誤命令"
"Remove all messages?","確認移除所有訊息"
"EDIT","編輯"
"Overview","概述"
"Cards","顯示卡"
"CONSOLE","控制台"
"Offline","下線"
"Booted","啟動"
"Uptime","正常運行時間"
"TRANSFER","交易"
"Monitoring","監控"
"Reboot","重啟"
"Miner Config","礦機設定"
"Rocket","Rocket"
"Upgrade","升級"
"Shutdown","關機"
"OpenVPN configuration","打開VPN設置"
"Power actions","功率設定"
"Server URL","伺服器連結"
"Edit tags","編輯標籤"
"Miner actions","挖礦軟體動作"
"Teleconsole Start","開啟遠端"
"Teleconsole Stop","關閉遠端"
"Teleconsole Restart","重啟遠端"
"Hashrate watchdog","算力監控"
"Run command","執行命令"
"Miner Log","礦機日誌"
"Stop Miner","停止礦機"
"Restart Miner","重啟礦機"
"Remote access","遠端礦機"
"more messages","更多訊息"
"Add","新增"
"Password","密碼"
"Description","備註"
"Add New Worker","新增礦機"
"RigForm.EnterWorkerName","輸入礦機名稱"
"RigForm.EnterWorkerPassword","輸入礦機密碼"
"RigForm.EnterWorkerDescription","輸入礦機備註"
"rejected","拒絕的"
"shared","分享的"
"Upgrade to","升級至"
"New features","新功能"
"New version","新版本"
"Current version","當前版本"
"SaveOCModal","保存超頻模組"
"Enter Name","輸入名稱"
"SaveOverclockingAsTemplate.Name","保存超頻範本名稱"
"SaveOverclockingAsTemplate.Title","保存超頻範本標題"
"Set","設定"
"Default","預設"
"Choose URL","選擇連結"
"ServerUrlFrom.Help3","放心！當你更改設定之前，確保物理的或聯網的(SSH)礦機使用權限。當礦機無法連接到指定URL，就會掉線。鏡像的URL保存在/hive-config/rig.conf，你可以進行手動編輯。"
"ServerUrlFrom.Help2","如果它為默認狀態，Hive會自己選擇一個連接，通常是列表中的第一個。"
"ServerUrlFrom.Help1","如果礦機連接Hive服務器出現了問題，經常出現虛假在線或掉線的情況，那麼你可以嘗試不同的服務器URL鏈接。有時候防火牆也會導致問題(你自己的或者ISP)，換個端口會有幫助。"
"Mirror Select","鏡像選擇"
"Stats","狀態"
"gpu","顯示卡"
"for 24 hours","24小時"
"View all","查看全部"
"day","日"
"Day left","剩餘天數"
"Days left","剩餘天數"
"New Tag Name","新標籤名稱"
"Add Tag","新增標籤"
"Add tag","新增標籤"
"Explore transaction","探索交易記錄"
"Referrals.TransactionsNotFound","找不到交易記錄"
"Upload VBIOS","上傳VBIOS"
"VBIOS ROM file","VBIOS ROM檔案"
"UploadingBiosFromLabel","跳過安全檢查強制更新快閃記憶體"
"Upload","上傳"
"VPN.ClientConf","VPN client配置文件(內置證書僅上傳至此文件)"
"Login (auth-user-pass)","登陸(授權用戶)"
"Password (auth-user-pass)","密碼(授權用戶)"
"Address","地址"
"Enter wallet address","輸入錢包地址"
"Enter wallet name","輸入錢包名稱"
"Accepted shares ratio","股份接受比例"
"Invalid shares","無效股份"
"High Temperature","高溫"
"Low hashrate","低算力"
"cores","核心"
"Hive OS Version:","Hive OS 版本:"
"Power:","功率:"
"Free disk space:","剩餘硬碟空間:"
"Restart","重啟"
"Stop","停止"
"Shut Down","關閉"
"Overclocking profiles","超頻設定文件"
"WorkerActions.Upgrade","是否希望將您的礦機升級到最新的OS版本？"
"WorkerMiner.Tooltip","有效的 拒絕的 無效的，有效比率"
"NoStatsFoundSoFar","暫無統計數據"
"","您的權限不足"
"Delete","刪除"
"You can","你可以"
"create one","新增一個"
"FarmsAccess.NoUsersFound","暫無用戶"
"Owner","擁有者"
"Access Levels","授權等級"
"User name","用戶名稱"
"UserEditForm.GrantAccessProject","獲得專案授權"
"Grant access","授權"
"","已存在的用戶登入"
"Access Levels...","授權等級..."
"User login","用戶登入"
"ProjectAccess.TrustUserDescription","你可以將礦場授權給其他用戶，例如給管理員完全權限，那樣可以管理任何事情。或者給你的技術人員只讀監控權限，只讓他們做一些簡單的運維和監控。"
"Profile","個人檔案"
"Telegram","Telegram"
"here","這裡"
"Bio","個人訊息"
"Update Info","升級訊息"
"Company Info","公司訊息"
"Skype","Skype"
"Phone","電話"
"API docs are","API文件為"
"Account.SetupTFAuth","設定雙因數驗證"
"Account.TFAuth","雙因數認證"
"Update Password","更新密碼"
"Confirm New Password","確認新密碼"
"Account.PasswordError","密碼錯誤"
"New Password","新密碼"
"Current Password","當前密碼"
"Full Name","全名"
"Account.ProfileSettings.Header","帳號資料設定"
"Language","語言"
"Account.BIODescription1","關於你的其他資訊"
"Account.BIODescription2","選擇性"
"Account.AuthenticationDecstiption","可以給你的Hive OS賬戶增強額外一層的安全性"
"Account.PasswordDescription","更改你的密碼將也會重設你的API key"
"Account.ProfileDescription","名是你在Hive OS的身份並用於登陸"
"6 digits code","6位碼"
"Enable 2FA","關閉2FA"
"Turn off 2FA","開啟2FA"
"Account.AuthenticationTokenButton","產生新的個人APIToken"
"Authentication Tokens","認證Token"
"Account.AuthenticationToken","你可以在這裡管理你的個人API Token。你可以為你的第三方應用生成一個新的Token，或者移除Session Token。"
"Personal Tokens","使用者 Tokens"
"Session Tokens","Session Tokens"
"Authy","Authy"
"Account.AuthenticationTwoFactor3","可以被安裝於多個設備，包括電腦桌面"
"Account.AuthenticationTwoFactor4","用相機掃描代碼並輸入至下方"
"Farm Activity Feed","礦場狀態"
"Pay","付款"
"Payments","付款"
"Amount to refill, $","儲值金額"
"Your Current Balance","你的目前餘額"
"Payments History","儲值記錄"
"Farms Balance","礦場餘額"
"Free","免費"
"Invoice","發票"
"days left","剩餘天數"
"Disable Paid Features","關閉付費功能"
"Enable Paid Features","開啟付費功能"
"Log in","登入"
"Return to","返回到"
"Reset password","重設密碼"
"Type email to recover password","輸入email取回密碼"
"Error.Text","抱歉！這個頁面出現了錯誤"
"Just one step!","只剩下一個步驟！"
"create wallet","創建錢包"
"first!","首先！"
"Farm.FarmsFs.Description","管理您需要的Flight Sheet"
"FarmOC.EmptyMessage","暫無超頻配置文件。您可以"
"Add OC Profile","添加超頻文件"
"Incoming farms",""
"Log in your account","登入你的帳戶"
"2FA code (if enabled)","雙因數驗證碼(若已開啟)"
"Remember me","儲存資訊供下次登入使用"
"Forgot password?","忘記密碼"
"Register","註冊"
"Don't have account yet?","尚未註冊？"
"","對不起，您好訪問的頁面不存在"
"Referral Link","推薦碼"
"Referral.ReferralLink1","請把這個碼散佈出去，通過這個碼註冊的用戶將被標記，當這些用戶成功註冊後，您將獲得"
"Your referral","你的推薦碼"
"Copy to Clipboard","複製到剪貼簿"
"Promo Code","優惠碼"
"Referral.PromoCodeDescription1","有時您無法將你的鏈接給別人。在這裡你可以生成你獨有的推薦碼，如“ARTHURQIE”或者“SAVEBUCKSFORARTHUR”。如果你是一個硬件銷售商或服務提供商或其他線下商業體，這個將對你有幫助。為了激勵客戶通過你的碼註冊，Hive將會儲存"
"Referral.PromoCodeDescription2","到他們的賬戶，一旦他們這樣做了"
"ETH Wallet Address","ETH錢包地址"
"Referral Balance","推薦獎勵餘額"
"Deposit to Hive","存款至Hive"
"ReferralTransactionsHistory","推薦獎勵支付記錄"
"Referral.BalanceDescription2","為每個月初自動轉賬設定你的ETH錢包地址"
"Referral.BalanceDescription1","通過你的邀請加入的礦工"
"Referral.BalanceDescription3","推薦獎勵提現每月一次，收取獎勵需要在這設定錢包"
"Referral.BalanceDescription4","最小支付門檻為$25"
"Referral.BalanceDescription5","由於高額的BTC轉賬手續費，你的收入可能會變動"
"Referral.PromoCodeYoungAccount","你的賬戶用優惠碼太早了"
"Referral.BalanceDescription","您還沒有任何推薦獎勵"
"Passwords do not match","密碼不匹配"
"Create new account","新建賬號"
"Confirm password","確認密碼"
"Register.CheckboxLabelText","點擊註冊，您將同意"
"Terms","條款"
"Register.HaveAccount","是否已擁有賬戶？"
"RestorePassword.Message","已成功發送密碼，請在您的郵箱中查看"
"Remove all","移除全部"
"Id","Id"
"Activity Feed","動態"
"Build Log","建立日誌"
"Other","其他"
"Flight Sheet","Flight Sheet"
"Flight Sheets","Flight Sheets"
"FlightSheets.Message","開始挖況請選擇Flight Sheet！"
"StartConfOverclocking","開始配置超頻"
"Flash VBIOS","刷VBIOS"
"OverclocingSettingsFoundSoFar","沒有找到超頻設定"
"Load From Template","載入礦場範本"
"Save As Template","保存為範本"
"Reset All","重設全部"
"Configure New Algo","設定新的演算法"
"Transfer","转移"
"Advanced Settings","高級設置"
"Confirmation required","需要確認"
"Settings.RemoveProject2","移除項目將無法恢復，你確定嗎？"
"Settings.RemoveProject3","這個動作將導致資料丟失。為了避免意外我們需要你的確認"
"Please type","請輸入"
"Settings.RemoveProject4","下一步或者關閉取消"
"Settings.RemoveProject1","你將移除礦機"
"Remove Worker","移除礦機"
"Settings.RemovedWorker","移除的礦機將不能被恢復"
"Update Worker","升級礦機"
"Worker Name","礦機名稱"
"Worker Settings","礦機設定"
"OpenVPN Config","OpenVPN設定"
"Are you sure?","你確定嗎？"
"Worker Password","礦機密碼"
"Settings.ChangePass1","如果你只在數據庫更新密碼，並且有正在運行的礦機使用它，那麼這些礦機將會掉線。"
"Settings.ChangePass2","在數據庫更新密碼並在礦機端也做更改，將會為在線的礦機更改密碼。密碼只有當礦機發出提醒後才會被更改。"
"Settings.ChangePass3","僅在數據庫更改密碼。那麼用當前密碼的礦機將會掉線。"
"Transfer Worker","轉移礦機"
"Settings.WalletTransferFarm","轉移礦機到另一個礦場"
"Settings.RemoveProject5","是否希望移除礦機？"
"Settings.WalletTransfer","錢包不隨礦機而轉移。請在這步之後應用另一個礦場的錢包。"
"Settings.ConfirmTransferWorker","是否希望轉移礦機？"
"Select farm","選擇礦場"
"Settings.TransferWorker","Flight Sheet不隨礦機而復制。請在這步之後應用新礦場的Flight Sheet"
"Transfer Worker?","是否轉移礦機？"
"Tuning","調校"
"Worker","礦機"
"Online","在線"
"With Errors","故障"
"Hide filters","隱藏篩選"
"Show filters","顯示篩選"
"with","with (與)"
"Name changed","已變更名稱"
"Farm settings","礦場設定"
"Settings.MargeProject","你只能合併這個項目跟其他你管理的項目"
"Merge Project","合併項目"
"Transfer Project","轉移項目"
"Type project name","輸入名稱"
"Select user login","選擇登入的帳號"
"Remove Project","刪除專案"
"Farm.Setting.Text1","你將移除礦場"
"Type Project Name","輸入專案名稱"
"You are going to merge farm","你正準備將兩個礦場合併"
"Merged project CANNOT be restored!","專案合併後將無法回溯！"
"Are you ABSOLUTELY sure?","您確定嗎"
"Save Changes","儲存設定"
"Timezone changed","時區更改完成"
"Farm changed","礦場已更改"
"Farm.Settings.TagsDescription","給礦機添加自定義標籤"
"Farm.Settings.RemoveDescription1","移除項目將會刪除其儲存庫以及全部有關資料，包括事件，合併請求等等"
"Farm.Settings.RemoveDescription2","移除的項目將不會被恢復！"
"Farm Title","礦場標題"
"Remove Farm","移除礦場"
"Question.ChangeFarmOwner","是否變更礦場所有者？"
"ChangeOwnership","轉移所有權給"
"Leave Farm","離開礦場"
"Settings.LeaveFarm","此後您將失去對此礦場的權限"
"","是否希望變更礦場擁有者？"
"RemoveFarmAccess","移除礦場權限"
"Question.RemoveAccess","確定移除你的權限？"
"Question.RemoveFarm","你要移除礦場嗎？"
"Question.LeaveFarm","你要離開礦場嗎？"
"Farm.Setting.FarmHashDescription1","礦場Hash是用來連接礦機到礦場，而不需要在網頁端預生成。"
"Farm.Setting.FarmHashDescription2","只需設定它"
"Farm.Setting.FarmHashDescription3","在初次運行前"
"More details","更多細節"
"Farm Hash","礦場Hash"
"Transfer farm","轉移礦場"
"Farm.Setting.TransferDescription","轉移礦場給另一個用戶。被輸入登錄名的現有用戶將成為礦場的新所有者。"
"No wallets found so far.","沒有找到錢包"
"FlightSheetForm.NamePlaceholder","輸入Flight Sheet的名稱"
"FSFormItem.DcriHelp","Decred/Siacoin/Lbry/Pascal 強度，默認值為30。 PASC的合理值在10左右，SIA在15左右。過高的值會降低ETH挖礦效率。"
"PoolConfigModal.Advanced","高級配置"
"PoolConfigModal.AdvancedHint","<strong>小心</strong> 每個URL必須是單獨一行"
"PoolConfigModal.PoolUrls","輸入URL"
"FS.ConfiguredInMiner","挖礦軟件已配置"
"AutoFan","自動風扇"
"Token","Token"
"PageNotFound","對不起，該頁面不存在"
"ConfirmPassword.Message","輸入郵件中的新密碼和Token"
"Ethminer.OpenCLCudaHint","選擇GPU平台使用。注意同時使用OpenCL和CUDA將會失敗。嘗試在Extra Params中使用<code>--opencl-platform 1</code> 或 <code>0</code>來使用它。"
"AllRedTemps.Hint","當超過這些值時，溫度將顯示為紅色"
"RedTemp.Hint","當超過這個值時，溫度將顯示為紅色"
"AutoFans.NoAMD","不控制AMD顯卡，僅Nvidia"
"AutoFans.Info","開啟風扇控制。將使GPU接近目標溫度。在極端溫度時挖礦會停止。不要忘記在挖礦軟件中關閉對AMD顯卡的溫度控制。"
"RadeonCardFrom.coreState.text3","或者GPU核心的功耗等級。對於RX顯卡，值為"
"RadeonCardFrom.AggressiveUndervolting","激進降壓(為每個DPM狀態設定超頻)"
"Settings.VPN","VPN目前無法更改。命令正在運行"
"VPN.HelpInfo","文件將以如下形式命名。 client.conf內的證書應被命名為ca.crt，client.key。你也把證書嵌入到client.conf中，並只上傳一個文件。"
"Required filed","必須填寫"
"Promocode","促銷代碼"
"GPU","GPU"
"ASICS","ASICS"
"Account Login","帳號登入"
"Password changed","密碼已更改"
"Settings.transferTargetText","你已經送出了一個移轉申請"
"FarmTempHeader.GPUCriticalTemperature","GPU達到溫度上限"
"Account.AuthenticationTwoFactor1","備份這個CODE 最佳的方式是將螢幕畫面擷取後印出"
"Account.AuthenticationTwoFactor2","如果您丟失了這個碼，一旦認證設備(手機)丟失，您將無法保留賬號的權限"
"SelectAmd","選擇AMD顯卡"
"Activity","活動"
"Access","存取權限"
"Settings","設定"
"Unsubscribe","取消訂閱"
"File shouldn't be empty","檔案不能為空白"
"TheLatestActivity","最後使用"
"Referal.EnterPromocode","輸入您的促銷碼"
"FlightSheetFrom.AddMiner","如果你要運作複數的挖礦軟體"
"Settings.NotificationSubscribe","你並沒有訂閱"
"OverclockingAlgoFrom.Title1","修改超頻設定"
"OverclockingAlgoFrom.Title2","設定超頻參數"
"NewWallet","新的錢包"
"EditWallet","編輯錢包"
"Settings.Notifications.AccountLogin","帳號登入"
"Settings.Notifications.DetectedWorkerOffline","偵測到有礦機離線"
"Settings.Notifications.DetectedWorkerOnline","偵測到有礦機上線"
"Settings.Notifications.WorkerBooted","已啟動礦機"
"Settings.Notifications.ErrorMessages","錯誤訊息"
"Settings.Notifications.WarningMessages","警告訊息"
"Settings.Notifications.InfoMessages","一般訊息"
"Settings.Notifications.SuccessMessages","成功訊息"
"Settings.Notifications.GPUTemp","GPU Temp >= Red Temp + 3°"
"Settings.Notifications.HourlySummary","每小時總結"
"ConfirmTransferToHive.Title","存多少到Hive OS？"
"ConfirmTransferToHive.ErrorMessage","您沒有足夠的金額"
"FS.ConfirmatioTitle","注意！這個Flight Sheet正在其他礦機上運行"
"FS.ConfirmatioMessage","您希望在這台礦機上運行一個新的Flight Sheet還是隨別的礦機一起更新？"
"FS.UpdateAll","更新所有的礦機"
"FS.CreateNewFS","創建新的FS"
"NvidiaCardForm.DelayPill","運行pill之前的延遲(秒)"
"NvidiaCardForm.DelayPillHint","或許有助於某些1080顯卡避免bug，試著把這個值設到120或更高"
"WorkerSettings.CardsQuantityHint","礦機內的顯卡數量自動增加。如果你要減少它，請升級這個參數。"
"WorkerSettings.CardsQuantityPlaceholder","輸入數量"
"Cards Quantity","顯卡質量"
"WorkerSettings.DisableGUI","系統啟動時關閉GUI"
"WorkerSettings.DisableGUIHint","對Nvidia顯卡不啟動X服務器，僅啟動控制台，不超頻"
"WorkerSettings.Resend","重新發送所有配置文件"
"WorkerSettings.ResendHint","為了避免礦機沒有被同步到，你可以發送所有的挖礦軟件，超頻及其他配置"
"Push","推送"
"MinerForm.Template.examples","模版示例"
"MinerForm.Template.forMost","對於大多數的礦池"
"MinerForm.Template.for","對於"
"MinerForm.Template.text1","請閱讀你的礦池幫助文件獲取正確及具體的模板格式"
"MinerForm.Template.text2","將被錢包的相關正確值替代"
"MinerForm.Template.text3","將被礦機名替代"
"WDConfig.EnableWatching","開啟算力監視，如果掉到設定的最低值以下，挖礦軟件將會重啟"
"WDConfig.RestartNotHelp","如果挖礦軟件重啟無效，系統將重啟"
"WDConfig.On","算力監視器開啟"
"WDConfig.Off","算力監視器關閉"
"WDConfig.SetUsed","為正在使用的挖礦軟件設定值"
"WDConfig.SetOther","為其他挖礦軟件設定值"
"ConsoleCommand.ShowInfo","顯示Nvidia顯卡的相關信息"
"ConsoleCommand.ShowFreq","顯示當前AMD顯卡的頻率"
"ConsoleCommand.LogsRam","在RAM中記錄，節省USB"
"ConsoleCommand.LogsDisk","在磁盤記錄，將會在系統重啟後留存"
"ConsoleCommand.ShowFreqAmd","顯示當前AMD顯卡的頻率"
"ConsoleCommand.AmdExtended","顯示AMD顯卡的拓展信息"
"ConsoleCommand.AmdVoltage","顯示AMD顯卡#0的電壓表"
"ConsoleCommand.SayHello","向服務器發送訊號，刷新數據"
"ConsoleCommand.ServiceBoot","顯示Hive服務啟動日誌"
"ConsoleCommand.SendReset","向OpenDev監視器發送“reset”命令"
"ConsoleCommand.SendPower","向OpenDev監視器發送“power”命令"
"ConsoleCommand.GpuScript","通過風扇找到GPU"
"Deselect","取消選定"
"Overclocking Profiles","超頻設定檔"
"MinerForm.Url.PoolUrl","礦池URL鏈接包括協議與端口，像"
"MinerForm.Url.ForFailOver","對於備用礦池只需要寫在下一行，不寫表示全部只用一個"
"MinerForm.BminerForm.With","與"
"MinerForm.BminerForm.More","更多"
"MinerForm.Url.ItHas","格式同"
"MinerForm.Url.LooksLike","舉例來說，看起來像"
"MinerForm.Url.Subscribe","如果你在使用flypool，替換掉它"
"MinerForm.Url.IfYou","如果通過SSL連接礦池"
"MinerForm.Url.Examples","bminer的例子"
"MinerForm.UserConfig.Text1","如果需要，在配置文件中加入更多的參數。每一條單獨一行，最後不要加逗號或句號。參考已生成的配置文件獲取可用的挖礦軟件配置值。"
"MinerForm.UserConfig.Text2","設定頻率"
"MinerForm.UserConfig.Text3","設定電壓"
"MinerForm.UserConfig.Text4","挖礦軟件API可用的方法"
"MinerForm.BMinerConfig.Text1","你可以在這輸入內容，如"
"MinerForm.BMinerConfig.Text2","用空格間隔CUDA設備名單"
"MinerForm.BMinerConfig.Text3","更多選項"
"MinerForm.BMinerConfig.Text4","Bminer參考"
"MinerForm.Fork.List","分叉的詳細列表"
"MinerForm.Fork.here","這裡"
"MinerForm.Fork.Run","運行"
"MinerForm.Fork.Check","查看分叉更新"
"MinerForm.Algo.Which","選擇哪個算法挖礦"
"MinerForm.Algo.ItShould","應該是"
"MinerForm.Algo.Example","舉例來說"
"MinerForm.InstallUrl.Where","URL哪裡獲取"
"MinerForm.InstallUrl.Package","數據包。如果已經安裝了將不會被下載"
"MinerForm.Miner","這是安裝好的挖礦軟件的名稱，如"
"MinerForm.CCPoolExtra","如果需要，在礦池選項加入更多的參數。每一條單獨一行，最後不要加逗號或句號。示例參數："
"MinerForm.CCExtra.Text1","如果需要，在挖礦軟件選項加入更多的參數。每一條單獨一行，最後不要加逗號或句號。示例參數："
"MinerForm.CCExtra.Text2","協議層活動冗長的贅述"
"MinerForm.CCExtra.Text3","用空格間隔CUDA設備名單"
"MinerForm.CGMInerConf.Text1","如果需要，在配置文件加入更多的參數。每一條單獨一行，最後不要加逗號或句號。"
"MinerForm.CGMInerConf.Text2","關閉風扇控制"
"MinerForm.CGMInerConf.Text3","Cryptonight的示例參數"
"MinerForm.CGMInerConf.Text4","Ethash的示例參數"
"MinerForm.CGMInerConf.Text5","查看錯誤"
"MinerForm.CGMInerConf.Text6","選擇設備使用，用一個值，範圍和/或逗號分隔(如0-2,4)"
"MinerForm.CGMinerFork.Text1","您需要嘗試不同的版本，因為部分可能不適用於一些算法或者礦池"
"MinerForm.CGMinerFork.Text2","並且嘗試添加"
"MinerForm.CGMinerFork.Text3","和"
"MinerForm.CGMinerFork.Text4","在配置文件中查看詳細信息來檢查錯誤"
"MinerForm.CGMinerFork.Text5","分叉的詳細列表"
"MinerForm.CGMinerFork.Text6","這裡"
"MinerForm.DpoolTpl.Text1","nanopool上的SIA示例"
"MinerForm.DpoolTpl.Text2","用您自己錢包的地址替代。請閱讀礦池幫助文檔獲取更多信息。"
"MinerForm.ClaymoreDescr.Text1","Decred/Siacoin/Lbry/Pascal 強度，默認是30"
"MinerForm.ClaymoreDescr.Text2","對於PASC的合理值約10，SIA約15。更高的值將會導致ETH挖礦效率下降。"
"MinerForm.ClaymoreConfig.Text1","在這裡添加您想要的Claymore配置文件(config.txt)內的設定，每行一條。例如"
"MinerForm.ClaymoreConfig.Text2","將會設定風扇速度為100%"
"MinerForm.ClaymoreConfig.Text3","將目標溫度設為65度"
"MinerForm.ClaymoreConfig.Text4","關閉風扇控制"
"MinerForm.ClaymoreConfig.Text5","使用GPU 3，4，10，11"
"MinerForm.ClaymoreConfig.Text6","請參考"
"MinerForm.ClaymoreConfig.Text7","Claymore文件"
"MinerForm.ClaymoreConfig.Text8","其他設定"
"MinerForm.CpuMinerConfig.Text1","如果需要，在配置文件加入更多的參數。每一條單獨一行，最後不要加逗號或句號。示例參數："
"MinerForm.CpuMinerConfig.Text2","挖礦軟件線程數量(默認：處理器的數量)。建議最大算法數=核心數-1"
"MinerForm.CpuMinerConfig.Text3","為CPU核心設定運行緊密度，對於核心數為1和3的模糊10 (0xA)"
"MinerForm.CpuMinerConfig.Text4","攝氏溫度(默認是85)，停止挖礦"
"MinerForm.Server","對於備用礦池只需寫在下一行，不寫默認全部使用同一個"
"MinerForm.DstmConf.Text1","你可以在這裡輸入內容，如"
"MinerForm.DstmConf.Text2","用空格間隔CUDA設備名單"
"MinerForm.DstmConf.Text3","減少負載，可用逗號間隔dev_id:intensity值列表"
"MinerForm.DstmConf.Text4","每張GPU的負載將持續地被調整，以致溫度穩定在這個值。可用逗號間隔dev_id:temp-target值列表，例如"
"MinerForm.EthServ.Text1","對於getwork，使用如下計劃之一"
"MinerForm.EthServ.Text2","對於Stratum，使用如下計劃之一"
"MinerForm.EthServ.Text3","示例"
"MinerForm.EthConf.Text1","你可以在這裡輸入內容，如"
"MinerForm.EthConf.Text2","用哪個OpenCL設備挖礦"
"MinerForm.EthConf.Text3","用哪個CUDA設備挖礦"
"MinerForm.EwbtConf.Text1","如果需要，在配置文件加入更多的參數。每一條單獨一行，最後不要加逗號或句號。示例參數："
"MinerForm.EwbtConf.Text2","來僅使用指定的GPU"
"MinerForm.EwbtConf.Text3","來設定自定義的溫度限制"
"MinerForm.LolConf.Text1","你可以在這裡輸入內容，如"
"MinerForm.LolConf.Text2","逗號間隔的設備列表"
"MinerForm.OptiConf.Text1","你可以在這裡輸入內容，如"
"MinerForm.OptiConf.Text2","要使用的OpenCL設備ID。如果沒有指定設備，全部將會被使用"
"MinerForm.OptiConf.Text3","要使用的OpenCL平台ID"
"MinerForm.OptiConf.Text4","礦機強度：0表示依據可用內存自動檢測"
"MinerForm.XmConf.Text1","如果需要，在配置文件加入更多的參數。每一條單獨一行，最後不要加逗號或句號。示例參數："
"MinerForm.XmConf.Text2","減少CPU佔用從75%到50%"
"MinerForm.XmConf.Text3","其他參數在"
"MinerForm.XmConf.Text4","xmrig文檔"
"MinerForm.XmUrl.Text1","礦池地址應填寫在表格中"
"MinerForm.XmUrl.Text2","只支持Stratum礦池"
"MinerForm.XmUrl.Text3","對於備用礦池只需寫在下一行，不寫默認全部使用同一個"
"MinerForm.XmStakCpuUrl.Text1","礦池地址應填寫在表格中"
"MinerForm.XmStakCpuUrl.Text2","只支持Stratum礦池"
"MinerForm.XmrAmd.Text1","amd.txt的全部內容，示例如下"
"MinerForm.XmrAmd.Text2","停用AMD GPUs"
"MinerForm.XmrAmd.Text3","調試指南"
"MinerForm.XmrNvidia.Text1","nvidia.txt的全部內容，示例如下"
"MinerForm.XmrNvidia.Text2","停用Nvidia GPUs"
"MinerForm.XmrNvidia.Text3","調試指南"
"MinerForm.XmrCpu","cpu.txt的全部內容，示例如下"
"per","每"
"OC.DefaultConfig","默認配置"
"OC.DefaultHint","默認使用，可以被算法配置覆蓋。"
"Account.AuthenticationTokenCurrent","當前Session Tokens"
"Account.AuthenticationTokenOther","其他Session Tokens"
"Enter amount","輸入金額"
"Send","發送"
"Revoke","撤回"
"Monitor","監控"
"Tech","技術"
"AccessLevel.Monitor","監控和統計礦機的詳細信息。對於信任的賬號可以給有限數量的礦機添加可視的標籤。"
"AccessLevel.Tech","超頻，系統重啟，關停和升級"
"AccessLevel.Rocket","應用挖礦軟件和錢包到礦機。創建和刪除礦機。"
"AccessLevel.Advanced","執行命令，VPN，錢包，調試"
"AccessLevel.Full","密碼，雙重認證，提醒，充值，所有權。"
"Full Access","全部權限"
"Advanced","高級"
"CompactView.Status.InvalidShares","低比率或無效份額"
"CompactView.Status.HightTemperature","高溫"
"CompactView.Status.LowHashrate","低算力"
"Load Avg","加載平均值"
"Subscribed","訂閱"
"Create Flight Sheets","創建Flight Sheet"
"Worker.FlightSheets.epmtyMessage","開始挖礦"
"FS.ActiveFSEdit","這個Flight Sheet有效"
"FS.ApplyAll","全部礦機"
"FS.ChangesWillBeApplied","修改將會被應用到使用這個FS的全部礦機"
"FS.NewFSWillBeCreated","新的FS將會被創建並只應用到這台礦機"
"FS.OnlyThis","僅這台礦機"
"Account.WhiteList","白名單"
"Account.WhiteListHint","你可以在這裡限制登錄您賬號的IP數量。數值用空格間隔。"
"Account.WhiteListHint2","您當前的IP地址"
"Account.WhiteListHint3","基礎檢查在服務器上完成，所以您不會自己掉線。"
"Account.WhiteListExamples","示例："
"Account.WhiteListExample1","允許1個IP地址"
"Account.WhiteListExample2","允許2個IP地址"
"Account.WhiteListExample3","將會匹配任何172.217.16開頭的IP"
"Account.WhiteListExample4","將會匹配任何172.217.d開頭的IP"
"Account.WhiteListExample5","單個IPV6地址"
"Account.WhiteListExample6","將會匹配任何2001:db8::開頭的IPV6地址"
"Account.WhiteListPlaceholder","輸入IP地址"
"Account.WhiteListAddNewPlaceholder","輸入新的IP地址"
"Worker.FlightSheets.epmtyMessage","開始挖礦"
"FS.ActiveFSEdit","這個Flight Sheet是活躍的"
"CoinPaymentsDeposits","虛擬貨幣儲蓄"
"Billing.TransactionFee","為指定金額添加交易手續費"
"Billing.FAQ","充值常見問題"
"WorkerSettings.GuiTurnedOn","GUI開啟"
"WorkerSettings.GuiTurnedOff","GUI關閉"
"VPN.TurnedOn","VPN開啟"
"VPN.TurnedOff","VPN關閉"
"Are you shure?","你確定嗎？"
"Account.AuthenticationTwoFactor5","Google驗證器不是最好的選擇，正如你如果丟失手機你的碼就沒了。我們建議使用"
"BillingFarm.DaysUntil","礦場鎖定前剩余天數"
"BillingFarm.ToLock","鎖定前剩余天數"
"AMD","AMD"
"Card Types","顯卡類型"
"TEMP","溫度"
"FAN","風扇"
"Core","核心"
"MEM","顯存"
"FlightSheets.ToManage","管理你的錢包，前往"
"FlightSheets.WalletsPage","錢包頁面"
"FS.WallAddress","錢包地址"
"Claymore User Config","Claymore用戶配置"
"2FA.ON","二步驗證開啟"
"2FA.OFF","二步驗證關閉"
"Account.TwoFactorDisableDescription","輸入這個碼關閉二步驗證。保存二維碼(私密的)將不再有效，你隨後可以刪除它。"
"MinerForm.Custom.InstallationUrl","安裝鏈接"
"MinerForm.Custom.MinerName","挖礦軟件名稱"
"AutoFans.ON","自動風扇開啟"
"AutoFans.OFF","自動風扇關閉"
"AutoFans.TargetTemp","目標溫度"
"AutoFans.MinFan","最小風扇速度"
"AutoFans.MaxFan","最大風扇速度"
"AutoFans.Critical","致命溫度"
"AutoFans.NoAMDLabel","無AMD"
"AutoFans.RebootOnErrors","遇到錯誤重啟"
"WDConfig.Minutes","分鐘"
"WDConfig.MinerRestart","挖礦軟件重啟緊接於"
"WDConfig.RebootAfter","重啟礦機緊接於"
"Server","服務器"
"Pass","跳過"
"Port","端口"
"Template","溫度"
"Server Urls","服務器URL"
"PersonalToken.Placeholder","輸入個人Token的名稱"
"2FA Disabled","二步驗證已關閉"
"2FA Enabled","二步驗證已開始"
"Discount","折扣"
"Monthly price","月度價格"
"Daily use","每日使用"
"Payments.DailyRigsUse","每日礦機使用"
"Payments.DailyRigsPrice","每日礦機價格"
"Payments.DailyAsicsPrice","每日ASIC價格"
"Payments.DailyAsicsUse","每日ASIC使用"
"Payments.Refill","充值您的賬戶，請訪問"
"rig","礦機"
"Coin.TypeIn","輸入幣名"
"CoinPaymentsDeposits.ShowAll","顯示所有的儲蓄"
"gained","獲得的"
"OverclockingAlgoTable.CcAlgoResolved","給這個算法添加超頻設定"
"Algo","算法"
"Billing Page","賬單頁面"
"Select algo","選擇算法"
"more","更多"
"PaymentsList.CheckStatus","查看充值狀態"
"AsicTable.Chain","鏈"
"AsicTable.ASIC","ASIC"
"AsicTable.Frequency","頻率"
"AsicTable.HW","HW"
"AsicTable.Temp","溫度"
"AsicTable.ASICStatus","ASIC狀態"
"FilterWallets.more","更多錢包"
"Tuned","已調試"
"MiningInfo.Title","挖礦信息"
"MiningInfo.Tuned","已調試挖礦軟件"
"OverclockingAlgoTable.more","更多"
"PowerGraph.Power","功率"
"The latest","最新的"
"for","對於"
"PoolConfigModal.EnterUrls","輸入URL"
"Intensity:","強度："
"Wallet Address","錢包地址"
"Dcoin","副幣"
"Example for nanopool","nanopool示例"
"WalletWorkTemplate:","錢包和礦機模版"
"dstm 0.6.0 had changed config syntax","dstm 0.6.0已更改配置語法"
"Action.OCUpdated","超頻配置文件更新成功"
"Action.OCRemoved","超頻配置文件移除移除"
"Worker added","礦機已添加"
"Worker removed","礦機已移除"
"Worker updated successfully","礦機更新成功"
"Password successfully updated","密碼更新成功"
"Worker has been transferred","礦機已轉移"
"Action.RemoveAllWorkersMessages","所有礦機消息已移除"
"Action.NowFarmYours","現在開始您擁有這個礦場"
"Action.RequestRejected","請求被拒絕"
"Action.LoginInvalid","無效登錄"
"Action.KeyUpdated","API KEY已升級"
"Action.KeyRemoved","API KEY已移除"
"Action.KeyAdded","API KEY已添加"
"Action.YouUnsubscribed","您已成功取消關注"
"Action.YouSubscribed","您已成功訂閱"
"Action.WorkerUpdated","礦機升級成功"
"Url","網址"
"Should be selected at least one server","至少需要選擇一個服務器"
"Filed is required","必填"
"NewRig","全新表現，不同凡響！"
"NewRig.Read","請閱讀"
"NewRig.Read2","安裝指南"
"NewRig.Read3","如何設置您的礦機"
"or","或"
"InfoWorker.Password",""
"discount",""
"RemoveWorkerModal.Text1",""
"RemoveWorkerModal.Text2",""
"RemoveWorkerModal.Text3",""
"Workers removed",""
"Shut down worker?",""
"Shut down workers?",""
"High Load Avg.",""